E000002,0.6139622913728738
E000003,0.5965180333151678
E000004,0.7491584428344567
E000006,0.5853989877781449
E000009,0.7005348321093982
E000012,0.6464103626232528
E000016,0.5787109594734583
E000017,0.7639691625947327
E000018,0.49613183908432656
E000019,0.6750665067393246
E000020,0.7820727852216431
E000021,0.4615768258615403
E000024,0.1304656100665697
E000028,0.1071569503903527
E000029,0.795913839721341
E000030,0.8506539848799983
E000032,0.09709624282548221
E000033,0.7583344229134764
E000034,0.8414071118191216
E000035,0.5892331036009513
E000040,0.7874182190356863
E000044,0.42461796443856137
E000046,0.7625822265113891
E000048,0.6836740875654784
E000050,0.9012653461104195
E000051,0.8064063275482348
E000053,0.26307232543675313
E000055,0.5849377186046447
E000056,0.6335233161776661
E000057,0.07799948324368416
E000058,0.9290575057041223
E000061,0.5258282493465831
E000062,0.6922254369122359
E000063,0.7579034593585806
E000065,0.5212205369689586
E000067,0.6559451233745791
E000070,0.10916292140367682
E000075,0.8697456237680956
E000077,0.06589175359794633
E000080,0.45803818243501787
E000081,0.709442156548087
E000083,0.45195524630557093
E000084,0.7883051679907387
E000085,0.5457723799722372
E000087,0.7134209570735254
E000089,0.6759961519740648
E000092,0.8126207432205599
E000094,0.7735804289637701
E000097,0.6366699870246527
E000098,0.48348458571781827
E000100,0.6220361692504953
E000101,0.853728613751579
E000103,0.6007101124715978
E000104,0.7753825197886453
E000107,0.7043955831633603
E000108,0.8078500318922971
E000111,0.630745333467312
E000112,0.9032539774131264
E000116,0.9298277018065532
E000120,0.4795117304869389
E000121,0.8226281548566536
E000122,0.6260714778861048
E000124,0.5986449978921599
E000125,0.9465157925333548
E000126,0.6136994538649824
E000127,0.6498006065946694
E000128,0.560105059497489
E000130,0.18396035782856257
E000131,0.7006951953575628
E000137,0.10719766269730233
E000138,0.7601478517523373
E000144,0.6505430316247578
E000146,0.7766591236184262
E000147,0.5104488943101244
E000148,0.7262048596008589
E000150,0.2706225823029592
E000151,0.5841028417789577
E000153,0.7698754363798515
E000154,0.7895401006178887
E000155,0.7506189129555956
E000157,0.4643378254804149
E000159,0.730776067363979
E000162,0.5107951340976082
E000164,0.7406571998146689
E000166,0.6354577858274175
E000167,0.7032236437378941
E000168,0.629436647761007
E000169,0.6247811563945397
E000175,0.6748044696435407
E000178,0.862476910107423
E000181,0.3950139651947929
E000182,0.6577813090163405
E000186,0.6328543084673733
E000187,0.7782043184136939
E000188,0.737214339131866
E000189,0.732543587977935
E000191,0.8806242488876498
E000207,0.09561585582289683
E000208,0.4655904052658158
E000209,0.6793810091704889
E000214,0.206719686090938
E000217,0.686891095183983
E000218,0.4976499267921065
E000219,0.8650678512863302
E000223,0.7598717314105482
E000227,0.91797982040312
E000230,0.7901231614332292
E000232,0.8071269776050986
E000234,0.07837170405411761
E000235,0.5313982361706817
E000236,0.7473493443954339
E000238,0.1479858767382061
E000242,0.5644825622722957
E000246,0.6352248328750961
E000249,0.10026375081600906
E000252,0.6941631636696735
E000253,0.9170669998789057
E000256,0.825213972520299
E000257,0.7763804544992463
E000262,0.13727646582453526
E000264,0.7684366530372725
E000265,0.6522338724921154
E000269,0.49261212662928056
E000270,0.815992207656703
E000271,0.8573088505981106
E000272,0.2919094257860279
E000275,0.03349271972363183
E000276,0.8670601191032216
E000277,0.6828600388072211
E000278,0.529368928845049
E000281,0.6049082878414219
E000282,0.7468097404769765
E000284,0.640075385113397
E000285,0.9016932079680664
E000288,0.7681274780599296
E000289,0.6580433169217959
E000291,0.7919070045800692
E000292,0.6195955298494997
E000294,0.8862480020182641
E000295,0.4903173406304206
E000298,0.1913181886785591
E000299,0.14616233200233647
E000301,0.47143272478187737
E000302,0.6370915559038265
E000304,0.5924831747530889
E000315,0.3983542037904675
E000316,0.5301126818357356
E000321,0.20374232020309196
E000323,0.09743128421355463
E000324,0.4868863932931213
E000328,0.7174782921346873
E000331,0.712794399594637
E000332,0.8352662733177315
E000333,0.608860174358591
E000337,0.6135264484613089
E000339,0.5834553904812273
E000342,0.9050164269199693
E000343,0.7939366342666648
E000344,0.10209758488373678
E000345,0.40728891412742435
E000346,0.8707633056433397
E000348,0.9429181056216726
E000350,0.8097575939689278
E000352,0.5260668587933597
E000359,0.7083627334660154
E000361,0.7995154984677495
E000362,0.7545760164714685
E000363,0.6569800808612577
E000366,0.8444988390497916
E000367,0.6669742937074657
E000368,0.7720546213916821
E000370,0.7015569713087741
E000372,0.6698161042844895
E000373,0.5876539272548502
E000376,0.7493143968384787
E000378,0.734021522268541
E000379,0.7258456541682115
E000380,0.745686159751795
E000383,0.5003686015121099
E000384,0.5345173902797251
E000386,0.8287709573241386
E000387,0.7241514497046314
E000391,0.5636970788190208
E000394,0.7114866065072367
E000395,0.11768613497703477
E000396,0.6389846034487889
E000402,0.7261052067132282
E000405,0.6530664357339111
E000412,0.7508623211749706
E000414,0.5839534818354958
E000415,0.7800888190451158
E000417,0.5441255100623521
E000418,0.6724078622306406
E000420,0.7922432172107127
E000425,0.6727069947262376
E000426,0.5364247096041914
E000427,0.5671484702039734
E000428,0.1429325570041313
E000430,0.17306650475582505
E000432,0.6889047873707389
E000433,0.4670698122343878
E000435,0.6626889924825848
E000437,0.45348597322019196
E000438,0.9039319594063037
E000442,0.8142764599186151
E000448,0.7737178511783557
E000451,0.5754730301783533
E000452,0.5910849558735088
E000454,0.6953980558654671
E000456,0.5932709589907477
E000460,0.3006695332350221
E000462,0.7318998918345451
E000472,0.09643963835529008
E000475,0.7849563589009116
E000477,0.6246948784010105
E000478,0.6549104021004805
E000485,0.1773337094963661
E000492,0.765355597280309
E000493,0.5060986052875192
E000496,0.637203422345832
E000498,0.8357789107049345
E000499,0.48714750221356884
E000502,0.3525276024289971
E000503,0.5569708223500871
E000504,0.8682544536515595
E000511,0.6772340148634624
E000513,0.10864167422277936
E000514,0.6066640820851085
E000515,0.7375235618866212
E000517,0.8384887095926349
E000520,0.0937227106385602
E000525,0.21395677098305876
E000528,0.4898965611438315
E000531,0.6132912131931996
E000536,0.6139840685173901
E000537,0.7482012432260199
E000539,0.5038488312571995
E000542,0.8396377093972339
E000543,0.7940827108641735
E000544,0.7583273474479104
E000547,0.5915804010532538
E000550,0.8207638404209757
E000551,0.8642972413239209
E000552,0.5416509527817677
E000554,0.6449092884859529
E000555,0.4999057848574248
E000556,0.8343120487662722
E000557,0.8722844855216143
E000559,0.8557909086522237
E000565,0.8029915810207813
E000567,0.6887584267547417
E000568,0.9185288796645875
E000569,0.7001448246468476
E000573,0.6126893664134425
E000582,0.06395601885638712
E000584,0.1353638597460162
E000587,0.8091799925913729
E000588,0.3796984091155794
E000590,0.6054146521917931
E000592,0.4712932234838861
E000595,0.09968016989217589
E000596,0.8369722898363939
E000597,0.5865639054202786
E000599,0.6485526987374433
E000600,0.8773723330424477
E000602,0.7155144307306256
E000604,0.8852869861262765
E000610,0.10670980949335261
E000611,0.7199786020547445
E000612,0.6704814721458562
E000613,0.7587503788014063
E000614,0.1426524684299104
E000616,0.8209562587797773
E000617,0.7706378035463998
E000620,0.7864087376104147
E000621,0.6202117532962
E000624,0.10832924720975157
E000625,0.35251565251786515
E000627,0.7656577287897351
E000631,0.11551675298693274
E000632,0.07357059738660814
E000634,0.8235365887832703
E000638,0.2923601965634969
E000639,0.751287202655261
E000645,0.5897583325500775
E000648,0.8442564970521415
E000649,0.7574935646260542
E000650,0.6968570994213539
E000651,0.7981336702455
E000652,0.7172867541853369
E000655,0.7141820764443746
E000660,0.7056090154815043
E000661,0.5500864937121732
E000664,0.5646396974004014
E000667,0.8027531812283336
E000668,0.895028018693923
E000671,0.10465009118111344
E000672,0.7985012635625285
E000677,0.709606670297306
E000679,0.5658488774489715
E000680,0.6877311482855277
E000681,0.612342825322513
E000683,0.7861335286179878
E000685,0.11546700837628888
E000687,0.7380058253297398
E000690,0.5681866386955529
E000691,0.7687606042481495
E000696,0.6654309899592135
E000698,0.1346930772000828
E000699,0.799875776120933
E000701,0.7880469337876936
E000703,0.42453317100639887
E000706,0.8285500314829762
E000708,0.49326778452519754
E000709,0.12769781875751351
E000711,0.7168856472574572
E000712,0.07676597947229265
E000714,0.24683242595995086
E000717,0.7373058494643985
E000719,0.8011835666069734
E000720,0.5580923449008625
E000722,0.11330805879970057
E000723,0.8016217352434397
E000724,0.701168473686371
E000726,0.4898432294366075
E000727,0.4959979001782305
E000728,0.6886573921933525
E000729,0.16164156111558145
E000732,0.8203314864129384
E000733,0.6579317598446462
E000734,0.7684207857438424
E000735,0.553428305447834
E000736,0.6581101683017735
E000739,0.02970472838658902
E000742,0.8389418629722323
E000744,0.10035966835941483
E000746,0.9048602259825379
E000747,0.36407530548680705
E000750,0.5150813470969542
E000751,0.7709474716834742
E000753,0.7551689370263782
E000754,0.7132594071109405
E000756,0.10339070578911543
E000757,0.7693580646190877
E000758,0.6987832330876044
E000761,0.6788796216289462
E000763,0.8560935251449754
E000772,0.9058691912567486
E000773,0.7042393756940268
E000775,0.6859665964788522
E000776,0.6115174708309705
E000778,0.645896187418421
E000779,0.8078354934942937
E000780,0.6412482225582691
E000781,0.8491676002499042
E000782,0.7540769199982394
E000784,0.6868461953427512
E000785,0.773863889273034
E000786,0.011345711307094435
E000787,0.7358131843887056
E000791,0.8564701935183306
E000792,0.7234163220793008
E000793,0.8334680361798777
E000794,0.8110081159310042
E000795,0.6113752547260992
E000797,0.6235825141527265
E000799,0.7624582743559295
E000800,0.7897126143963495
E000802,0.14525039379958338
E000804,0.7089036700112984
E000805,0.4415093111066721
E000808,0.142403723953048
E000811,0.9230384674341631
E000814,0.7677386153688984
E000815,0.43427492086472386
E000816,0.2223449218008345
E000818,0.4487915295732154
E000822,0.47494075006476216
E000823,0.8848646724431586
E000829,0.49000081615521124
E000832,0.7917291304528684
E000833,0.2097825115352193
E000836,0.0764560986406258
E000837,0.4656698842034945
E000841,0.8311949587330798
E000843,0.7502082400897535
E000844,0.22231981297056488
E000855,0.5955074163086662
E000856,0.21529516324264275
E000861,0.7647861166079839
E000862,0.769492482226097
E000864,0.7761071012308969
E000865,0.5774210472676268
E000866,0.4047056535001113
E000868,0.6887806707730972
E000870,0.6567077866350988
E000872,0.06973912492329443
E000873,0.8503814686127187
E000874,0.617544986888064
E000875,0.9050036689090706
E000876,0.7095696339467816
E000877,0.59829233014852
E000880,0.49833101744433084
E000881,0.7954844771415751
E000882,0.07503814345778148
E000884,0.6495672772619643
E000885,0.504494028318752
E000886,0.5295618528949272
E000889,0.40781784931370635
E000890,0.9654637690813532
E000899,0.350397303073998
E000909,0.13606830383492835
E000910,0.4577690086809442
E000912,0.08044075930467055
E000913,0.5795495454755258
E000915,0.5864658437470471
E000916,0.407977285965715
E000917,0.8957322385409519
E000918,0.7690534813040094
E000919,0.5914194731560016
E000920,0.7376434658944371
E000922,0.47495088864231527
E000923,0.5896812721056252
E000925,0.06423902012222864
E000927,0.5678477105314059
E000934,0.6163437522980347
E000937,0.9314683952738578
E000939,0.7274637370030349
E000940,0.7052278370041691
E000941,0.8319544454064342
E000942,0.8511952645808707
E000943,0.10410480964905987
E000946,0.881398123631877
E000949,0.4103152507964272
E000953,0.823730676195089
E000954,0.07732597402505326
E000955,0.8930599572867047
E000956,0.6155603763220681
E000957,0.3926252215342996
E000958,0.1253513936481271
E000959,0.6516837391818447
E000960,0.6595855381954175
E000966,0.38315649944127184
E000970,0.008104728237780827
E000979,0.5143974647916505
E000982,0.5073417516509822
E000983,0.9286057583259479
E000985,0.5743168004626428
E000986,0.7375446427831965
E000987,0.5751768956318093
E000988,0.6906808863945735
E000990,0.549419863858587
E000993,0.633976893673118
E000998,0.7565781479574276
E000999,0.8407417277808594
E001001,0.85073896429866
E001004,0.5644350708483015
E001005,0.883664047725548
E001006,0.5290236250537909
E001007,0.9098852186073028
E001009,0.6525565621917508
E001011,0.6302512272062277
E001012,0.6418272118636567
E001013,0.8329326287851871
E001015,0.43895287344473205
E001016,0.8048485713775624
E001017,0.5228241347461091
E001018,0.060574847583924764
E001019,0.7149924042093335
E001020,0.3442839411464895
E001021,0.3869038728501391
E001023,0.7095079348862828
E001026,0.507021563976344
E001029,0.46540795852811234
E001030,0.731247627519535
E001031,0.6018058622611455
E001032,0.056271744709087315
E001033,0.6818479737886325
E001035,0.07704658859494908
E001036,0.8302170940545952
E001039,0.8435494582382603
E001040,0.7399640238390834
E001042,0.643509192376641
E001043,0.7101221911166975
E001045,0.6720691925500338
E001047,0.6544605919937871
E001052,0.9042734455456339
E001053,0.6679805262236357
E001054,0.4239689002217856
E001056,0.6444844898177639
E001058,0.6252261901433658
E001062,0.6108514139596992
E001063,0.09131538014527765
E001064,0.6435561966031551
E001067,0.13076706524072404
E001068,0.25000627521127505
E001069,0.706687171430048
E001075,0.7238199871881266
E001076,0.6159009531391543
E001077,0.47525620953432784
E001078,0.416657267731431
E001080,0.09557740377647528
E001082,0.8186976698922968
E001085,0.662363159813203
E001089,0.7624980515556158
E001091,0.7843979052352706
E001092,0.8114769477729381
E001093,0.6188585818126383
E001094,0.7865349223244488
E001095,0.10732086867921796
E001097,0.5628156022114379
E001099,0.7664726125319561
E001100,0.6955955774529682
E001103,0.7033960884382275
E001104,0.7314709961980441
E001108,0.07454857780329725
E001109,0.5511788915931967
E001111,0.6297405475604154
E001112,0.386410485950392
E001115,0.9115819841836026
E001116,0.40751250485772095
E001117,0.8293250836664379
E001121,0.5999797883479664
E001122,0.568517703098668
E001131,0.9458231385247936
E001132,0.5263840309075826
E001136,0.6232366544269902
E001141,0.833677750636793
E001142,0.618579215369425
E001143,0.6448430874170877
E001145,0.7491429561535852
E001147,0.45706376642688507
E001148,0.645070494165194
E001151,0.6592074557911023
E001154,0.683322597495806
E001156,0.17337678414879065
E001158,0.7789957846474016
E001159,0.08850426079112086
E001160,0.4282451684925866
E001163,0.7293320199659772
E001164,0.5034161809685473
E001166,0.0754575089595395
E001170,0.4824017792256798
E001173,0.1310217196311541
E001174,0.6909911028108942
E001177,0.7830826734101333
E001178,0.4460638976438548
E001180,0.6060362963262629
E001181,0.7815429856009899
E001185,0.7584250481424128
E001186,0.7708866441482597
E001187,0.7226709960479777
E001188,0.6575708344707406
E001194,0.768751098631128
E001195,0.11299276549886614
E001197,0.19894516875857574
E001199,0.10555500423180561
E001202,0.8727313308452943
E001203,0.7872447769932298
E001204,0.8012021508712468
E001205,0.4973386542009295
E001206,0.8258631677539542
E001209,0.5689974141613402
E001212,0.867876843407375
E001213,0.8465257988261258
E001217,0.5301367083027266
E001218,0.6206059629173012
E001220,0.5262229647046889
E001222,0.8181684337070616
E001224,0.7368145546288905
E001225,0.5592736233278517
E001227,0.11484490099179165
E001230,0.7954263907415279
E001231,0.6823063037198727
E001234,0.11652756835137672
E001237,0.6108856597313106
E001238,0.733470945132041
E001239,0.13856629304583126
E001241,0.7965986897311524
E001243,0.8356508378449252
E001244,0.5635060087064268
E001247,0.7600756831945429
E001250,0.6767101463348907
E001251,0.11280267704890984
E001254,0.1888060936495726
E001255,0.7628427824531515
E001256,0.7128648806396676
E001257,0.4311015598753967
E001259,0.5939016582735402
E001261,0.6733028916212531
E001263,0.13945936130156056
E001265,0.8436694656494977
E001266,0.5368987241381132
E001267,0.6289399884258576
E001269,0.61072301961586
E001271,0.7791286170082362
E001273,0.7317851812320372
E001274,0.5433114947723736
E001275,0.8642499200401109
E001277,0.7265161828435398
E001279,0.5938834115361943
E001280,0.6629490455802662
E001285,0.8447916235954719
E001286,0.6980711385894052
E001291,0.6864705857135801
E001292,0.7012928772689878
E001293,0.6663112135241589
E001294,0.7471297570597936
E001298,0.7782983051190286
E001300,0.661692897569991
E001302,0.1141651381918957
E001303,0.8014126204534473
E001308,0.8371712660553703
E001310,0.579933566284723
E001311,0.6409409050135753
E001313,0.6073459914530073
E001314,0.033832225258400545
E001315,0.9001177526697035
E001318,0.8134710735974483
E001319,0.6068586615371921
E001321,0.7230245074281322
E001322,0.16738317324208357
E001323,0.7038934216445999
E001327,0.7694212044820394
E001331,0.49640341013614264
E001332,0.45666920926050814
E001333,0.836530067552458
E001334,0.7083565887047714
E001339,0.6221730602166916
E001342,0.5661980397908078
E001343,0.6482359708544717
E001344,0.8513677654003816
E001346,0.6283813536858145
E001348,0.8158530027996341
E001350,0.16575994615448592
E001352,0.8113575445070129
E001353,0.6123322246785582
E001356,0.7663624051319589
E001357,0.6158610929052458
E001360,0.5807632855560122
E001361,0.45904020420334046
E001362,0.3528132341871976
E001363,0.7854887702662002
E001364,0.4513158899772383
E001365,0.7628729194772055
E001366,0.5825674450088887
E001370,0.1753683216951619
E001372,0.6384523647455721
E001373,0.7529228605669436
E001374,0.6295892804806515
E001383,0.08788984285723006
E001385,0.7823648959740356
E001388,0.8520704436822908
E001391,0.610217122395207
E001392,0.768937360983904
E001393,0.6584733183071683
E001398,0.4448754888061794
E001400,0.5822852241451839
E001401,0.5467469492959264
E001405,0.528978409254216
E001408,0.7077496787731196
E001409,0.7022486370550339
E001412,0.8350849015527784
E001413,0.630205077922176
E001414,0.6664559573195236
E001415,0.10736430589325731
E001416,0.5549670354141713
E001422,0.8715280925619363
E001423,0.43827194285184473
E001427,0.711232750990833
E001431,0.8440161024855786
E001432,0.5621354157030863
E001433,0.573151455550241
E001434,0.7406479522266259
E001437,0.5270449990538536
E001438,0.5874711597541773
E001439,0.5211789350522442
E001443,0.9059788649521898
E001445,0.06871669093978523
E001446,0.09287093189934903
E001447,0.3068086792998934
E001449,0.8416093141467779
E001450,0.6474367125890592
E001454,0.09194959122785569
E001458,0.5900429273840994
E001460,0.5124887266293633
E001464,0.13123899477021125
E001467,0.7436510384237266
E001468,0.7365366947485521
E001470,0.21990945720918914
E001471,0.314756714592523
E001472,0.734472312136861
E001475,0.2033826498725758
E001476,0.7860974569573743
E001481,0.6929575032446671
E001486,0.6215086335371395
E001489,0.17862740230926052
E001491,0.1777124588707173
E001496,0.43004098194342133
E001497,0.8302524747121642
E001499,0.7769108084567719
E001501,0.09502167463322288
E001503,0.10195220514999048
E001505,0.11873676628198501
E001510,0.7826783701912863
E001511,0.6950981642428683
E001512,0.6234724465396612
E001513,0.8911042428435815
E001514,0.06150841794218207
E001516,0.7678647083292427
E001517,0.8359954296463681
E001518,0.7520528142301841
E001519,0.4999010120767907
E001520,0.11759855055990169
E001523,0.7698702556076729
E001524,0.7554263441045819
E001525,0.11948338494178772
E001527,0.6950031131909795
E001530,0.548805287901526
E001533,0.6721422397822795
E001534,0.7869485184851446
E001535,0.6497469206208746
E001538,0.07146722946689267
E001539,0.573278206546
E001545,0.901959045716921
E001546,0.7804721893322102
E001550,0.5006557924976145
E001551,0.8027210638601844
E001556,0.6094861566177109
E001558,0.8641922256430092
E001564,0.5418957333423623
E001565,0.1301612105191788
E001568,0.7839724717034801
E001570,0.7614850354595385
E001571,0.7492670569959283
E001573,0.8247897878608905
E001574,0.7195132304311109
E001575,0.7146920403719228
E001576,0.131782402436624
E001577,0.6613056758442913
E001580,0.48548042981396483
E001581,0.08100846702436805
E001582,0.9198665086043359
E001583,0.8363881569259166
E001584,0.8477688459457469
E001586,0.09275005442911989
E001590,0.3773679730360964
E001593,0.8400491917068662
E001596,0.46807923661996526
E001599,0.6744120274661457
E001603,0.7632234429813611
E001607,0.8944689189579959
E001609,0.13843218484808545
E001613,0.5864841898485711
E001616,0.21870891437594078
E001617,0.8416237754394182
E001620,0.7497999082002177
E001622,0.6905580152918692
E001626,0.8788086954849915
E001627,0.8295202832569083
E001629,0.7136091505373471
E001630,0.7344096550413687
E001631,0.7441630819276646
E001633,0.3928603036041216
E001634,0.5960352524926542
E001637,0.5519468683193025
E001639,0.1134545382101791
E001640,0.7214161921580253
E001647,0.5139979112389383
E001648,0.0962760491697847
E001655,0.7615953102720284
E001656,0.5841085905277001
E001657,0.5939439701039866
E001659,0.0650041780389924
E001660,0.49480357256859037
E001661,0.640405464146174
E001662,0.8058540713190133
E001664,0.45884854632969574
E001665,0.8204735603178404
E001670,0.16843027334775862
E001672,0.13003515094607682
E001675,0.9064585069659488
E001676,0.558738261444739
E001677,0.7680001777777783
E001678,0.7786365166890603
E001680,0.62944817319829
E001683,0.5622575339402283
E001685,0.8893559551695202
E001688,0.6944377406718181
E001689,0.8311505376751664
E001690,0.5902826213507083
E001691,0.7720588782506093
E001692,0.6219465263156774
E001693,0.8696670049805875
E001694,0.4147068422359494
E001698,0.026983185160278735
E001699,0.5127302805092734
E001700,0.6011429085135592
E001703,0.07354858951401376
E001705,0.7762707691108837
E001706,0.6150100305873608
E001708,0.5158797468040405
E001710,0.6988319329764546
E001712,0.7652757432288664
E001717,0.7097358968505486
E001718,0.11529898796121539
E001721,0.6006462640088333
E001722,0.8398888913905483
E001723,0.4951109067587157
E001725,0.4704280650718128
E001726,0.6384309574249863
E001730,0.6324987169430196
E001731,0.5034433613720783
E001733,0.917945882748901
E001734,0.4433920684411776
E001736,0.5279819481906126
E001741,0.6428586712083583
E001743,0.1516421893758642
E001745,0.916036166660993
E001746,0.7398800557386083
E001747,0.7677211182326654
E001748,0.5248985068839622
E001749,0.07590879750474525
E001750,0.7477110240996803
E001756,0.6897685383537246
E001757,0.41274755968918
E001758,0.7341937886601402
E001760,0.8007975200393506
E001761,0.9056713791942721
E001762,0.786738085308334
E001763,0.5694189825847803
E001764,0.07951772079106303
E001766,0.747921565754631
E001768,0.6493955661120777
E001769,0.15288388365893593
E001774,0.7506407166385045
E001775,0.2798549174390885
E001777,0.5820492791004849
E001780,0.4786491643874406
E001781,0.6288600861446645
E001783,0.7530463535983378
E001788,0.8261078261951075
E001789,0.621604679268656
E001792,0.6822955290690749
E001793,0.9090696396888513
E001796,0.6947376562792336
E001797,0.6068021867527635
E001802,0.0459371256088687
E001803,0.707470213158173
E001806,0.6952818486027249
E001807,0.21640704928616827
E001811,0.6367469607234463
E001813,0.5126050865315831
E001817,0.4699867104970418
E001819,0.6111599060283444
E001820,0.6598861987396759
E001824,0.8432698560626941
E001825,0.9525474348452363
E001827,0.5976631423840412
E001830,0.7245205623214764
E001834,0.572932706931838
E001835,0.617862901403688
E001836,0.7405269233486431
E001839,0.286179380621795
E001840,0.119694424999932
E001842,0.8509863550677902
E001846,0.19465776730023185
E001848,0.772841528252518
E001849,0.7718750492581554
E001851,0.10639294916382293
E001854,0.6658365173691507
E001857,0.1782049805695527
E001858,0.2629744662978842
E001859,0.7735313829870262
E001860,0.539229623126295
E001862,0.6613355289801023
E001869,0.652500838108696
E001870,0.5283828672123204
E001871,0.7059087547042728
E001872,0.6956789819456606
E001873,0.17060764942477316
E001875,0.3767028754528311
E001876,0.5801888463084509
E001880,0.7943574770217173
E001881,0.124113699537842
E001884,0.6795196097980984
E001885,0.6673219613982512
E001888,0.7567435961027872
E001889,0.6702966126262428
E001896,0.554927129030093
E001898,0.12410752828671762
E001899,0.7335533661463287
E001901,0.7894650643536921
E001903,0.5533033804059483
E001909,0.601750687217134
E001910,0.3558530088467354
E001911,0.6425721893388304
E001916,0.6643397322599566
E001917,0.784737141040587
E001918,0.7117284148336137
E001922,0.07100967118156794
E001923,0.6283690011666824
E001924,0.8291467001385406
E001925,0.6970083788677947
E001926,0.7692393620854626
E001927,0.5646876072224379
E001928,0.3872507020556032
E001930,0.4658278447997459
E001931,0.6484217149432501
E001933,0.7292637825445201
E001935,0.44508744806040285
E001937,0.681936629339902
E001938,0.6310420947599102
E001940,0.6442418468699572
E001942,0.7399603599619141
E001945,0.7938029560581639
E001951,0.5618217966467121
E001952,0.021139200713752342
E001953,0.6908955572230264
E001954,0.6464317863700214
E001957,0.868122845928143
E001958,0.06451716120259192
E001959,0.055605753523253774
E001960,0.8613209345405413
E001962,0.7190705561173095
E001964,0.789370493752981
E001965,0.6362460612897455
E001968,0.8629881826221132
E001971,0.7786680516318089
E001972,0.7320196165679351
E001973,0.8086082725460637
E001975,0.642401526546367
E001983,0.8091089802105839
E001984,0.7796638358541176
E001985,0.11695993930540932
E001994,0.22179624173244333
E001995,0.7369851728448371
E001996,0.13519970458134983
E001997,0.8256863450130215
E001998,0.6222620083654832
E001999,0.10814178660506696
E002001,0.739738720991866
E002005,0.7169827481318367
E002007,0.877569264101208
E002008,0.6767327605766046
E002009,0.1665919750294065
E002013,0.6698114322324675
E002014,0.05794853017399589
E002016,0.8437660612145491
E002020,0.5522122959446605
E002026,0.6465695767043979
E002027,0.8233482968305121
E002036,0.8542192826963634
E002040,0.8231207802604041
E002041,0.7939600599314965
E002042,0.07236305684590082
E002043,0.8361741841162345
E002045,0.060830655955559025
E002046,0.45811603312730276
E002048,0.7190594425258938
E002050,0.09582631515772078
E002051,0.8423520445228584
E002054,0.44828098020641494
E002055,0.33195357075811005
E002057,0.8263818813821977
E002058,0.6717049730056115
E002059,0.8721376860306825
E002060,0.6558472334502523
E002062,0.6148765491698175
E002063,0.8097778811387072
E002064,0.10357785040853783
E002065,0.5848773109177385
E002069,0.662589844809639
E002070,0.7013472528126697
E002072,0.7530474305984235
E002073,0.17125951815315207
E002074,0.6315560601834636
E002075,0.08200808397051927
E002078,0.8339458322081444
E002081,0.7172611012705502
E002086,0.8153853639287878
E002091,0.1260091381114919
E002093,0.4887606372358202
E002095,0.16833398728753604
E002096,0.7205146427556461
E002098,0.8250294559116722
E002099,0.5777310317390146
E002100,0.09734123747602376
E002102,0.6785533562580945
E002103,0.7143174920788279
E002105,0.7258949608446574
E002107,0.7991994388087972
E002108,0.1994963879307694
E002111,0.8368851435699391
E002114,0.7462795742863276
E002116,0.6838791576715295
E002118,0.5984407252555758
E002119,0.8645534537689974
E002121,0.6425607794795924
E002122,0.37633682946847746
E002124,0.12726100366565707
E002125,0.02625990809973803
E002131,0.792386221548679
E002132,0.487969418602952
E002133,0.5469156453665066
E002134,0.44830856336812536
E002137,0.6995398739101409
E002140,0.8169114855959391
E002141,0.426698361430951
E002143,0.13013719344257157
E002145,0.7150361558529515
E002146,0.7643555100944327
E002149,0.8645724985576866
E002150,0.8379521211205649
E002153,0.5131111533253346
E002154,0.7205473172379455
E002156,0.1348507826886833
E002158,0.6895657814983348
E002159,0.15798465462846742
E002160,0.793899091517228
E002161,0.5937978656369105
E002162,0.1451887634682469
E002163,0.7393773641793598
E002165,0.7122437059099699
E002170,0.7826157352294618
E002174,0.8522092139499516
E002175,0.4240318345284657
E002177,0.7253525993198141
E002179,0.9024899244899788
E002180,0.5043140852313464
E002182,0.15319611787280665
E002183,0.7740457676680021
E002187,0.7036272100395268
E002190,0.8218845599899676
E002191,0.8683584902751583
E002192,0.6296744339274049
E002193,0.6284363364242875
E002194,0.1254687238919429
E002196,0.8291376568112204
E002197,0.006760127204317349
E002198,0.7268316479220028
E002200,0.6125965325095718
E002208,0.6105954266630168
E002209,0.5116783762654533
E002215,0.828516657205453
E002216,0.5629562310321337
E002217,0.6613196072888233
E002218,0.5010633009092857
E002222,0.6343803342143822
E002225,0.6788057092212961
E002230,0.5558624351198445
E002233,0.47836221504071746
E002241,0.9122055635020783
E002242,0.8031189883075506
E002243,0.5030695380717987
E002245,0.821943928513353
E002246,0.23900500548222303
E002248,0.5848398698154952
E002250,0.8452800023776222
E002251,0.6370027213803454
E002253,0.6077077431461407
E002254,0.6617059511961544
E002255,0.8190659707370809
E002256,0.8212576285688525
E002257,0.14594586588215047
E002258,0.603466395173515
E002263,0.5518539956947092
E002265,0.5312704679058692
E002268,0.6315516039504766
E002270,0.25042510928079664
E002273,0.6607608678671675
E002277,0.6897113804646131
E002278,0.1565650408742311
E002279,0.8628981485025862
E002280,0.5931071859285596
E002281,0.7214053161285452
E002283,0.6849572822758447
E002285,0.08315913658876452
E002286,0.6014579267078998
E002288,0.7668031701758844
E002290,0.8020504822148291
E002292,0.647687450047272
E002293,0.6206486999085772
E002294,0.7992069911021186
E002296,0.8157527177233311
E002297,0.7737957254277223
E002298,0.8480258872023242
E002303,0.7154359814417433
E002306,0.5704428902145909
E002308,0.17260697674688003
E002310,0.648195135753547
E002315,0.16186457983595456
E002317,0.7189969598092422
E002318,0.7842635753213067
E002319,0.6045292610145064
E002320,0.6513720090032924
E002321,0.772621316510217
E002322,0.7380210208340922
E002323,0.6486397544312856
E002324,0.46712647597266893
E002325,0.7552765618684976
E002327,0.1838020579010968
E002328,0.7148088465179283
E002331,0.880367862561102
E002334,0.5372333808497818
E002336,0.03144137204851921
E002337,0.6532181374327136
E002342,0.9334288697783747
E002343,0.6195642564808868
E002345,0.1907257347694414
E002348,0.7206513838704618
E002351,0.6053533912879386
E002355,0.9242658449845464
E002357,0.045816887420977004
E002358,0.6536181761299936
E002362,0.6436726490017345
E002365,0.8377944403425535
E002368,0.8534071495870874
E002371,0.6307489367975989
E002372,0.6383016735332829
E002376,0.762901901697142
E002377,0.7889766842861545
E002380,0.5076262015924015
E002383,0.803077710944669
E002390,0.7993380054680791
E002393,0.5146435096761737
E002396,0.6718822172936199
E002398,0.4630097844781878
E002400,0.0918179942745256
E002402,0.26116427196954617
E002403,0.7116155484134983
E002405,0.7408314428655528
E002406,0.6714235011664865
E002409,0.886847903332587
E002413,0.625491993471071
E002414,0.673242089850903
E002416,0.7328288759458826
E002420,0.4775386806398002
E002421,0.5205497218039458
E002423,0.6101553092382694
E002427,0.7986557254650689
E002430,0.7595030391182296
E002431,0.6917734570922839
E002432,0.8957994430181023
E002434,0.6327001760478834
E002436,0.8962509856354257
E002438,0.1762675838579478
E002442,0.7275753375902452
E002444,0.5386525252215371
E002450,0.7555878203838747
E002451,0.9068768879995871
E002453,0.7538644637411797
E002454,0.07402523217132514
E002455,0.6466568620828475
E002457,0.5379262422513774
E002458,0.43351061209421987
E002463,0.8007679172697713
E002464,0.7970599222231215
E002466,0.7651476379804598
E002469,0.06579568652271225
E002473,0.5026816839355883
E002474,0.7689712548744381
E002477,0.7811374174502432
E002479,0.09350684727905341
E002483,0.6646285582104094
E002484,0.8838901491250903
E002485,0.1409683519694697
E002488,0.7576689368724325
E002489,0.607328177371153
E002492,0.15679934528985612
E002493,0.11205104103979827
E002497,0.15764005986784443
E002499,0.15887730466907604
E002500,0.6131152990279339
E002501,0.7361027770375689
E002502,0.6848657915110211
E002503,0.08667136562307463
E002507,0.9318567906992284
E002509,0.7428209818773577
E002511,0.08095584614163406
E002513,0.8324499608714396
E002518,0.6583097691666182
E002519,0.7206712841129002
E002525,0.5003076309888633
E002528,0.10549805600229159
E002529,0.5900355894751592
E002531,0.718401748883329
E002535,0.565712897636549
E002538,0.7989562261193195
E002539,0.167984584442978
E002542,0.20691359138259555
E002544,0.8627338097680305
E002545,0.7187345420652407
E002549,0.5020130082170227
E002551,0.3827470541868677
E002552,0.8479051511987186
E002553,0.5788295766765987
E002554,0.6781333289383004
E002555,0.840497792949226
E002558,0.6819008521363331
E002559,0.7509816125453288
E002567,0.16306253822554984
E002568,0.5460917093712397
E002571,0.8495142481501432
E002573,0.5005186074318027
E002575,0.08875514390464938
E002576,0.5920793453202543
E002577,0.4631146843021324
E002579,0.7096086034364254
E002581,0.7710150010671801
E002584,0.634908684672935
E002586,0.8215910358661221
E002590,0.8261679681619577
E002596,0.06492805776113451
E002600,0.6879390402489696
E002601,0.8989793315353537
E002610,0.07594355092910363
E002612,0.6280952566135751
E002613,0.863663975964832
E002619,0.8922657036610083
E002622,0.6445203969445504
E002623,0.7397665124897671
E002624,0.7873486743349235
E002625,0.5555123998678646
E002629,0.6077840581150695
E002630,0.7563214108285132
E002631,0.8468113781168781
E002632,0.4482281238741555
E002633,0.1804751161066958
E002636,0.7226652375943803
E002639,0.6308449745946112
E002641,0.5779905394450982
E002642,0.37401836376578534
E002643,0.8582244832621889
E002644,0.7000541821004619
E002645,0.863016076751452
E002646,0.805368767200661
E002647,0.5312958938654699
E002648,0.4611499011979295
E002651,0.4492642304155457
E002652,0.6074413265038536
E002655,0.6584156883771966
E002656,0.7243959225515241
E002657,0.13006264781315457
E002658,0.7013789612307242
E002659,0.9433488848700725
E002665,0.5928975972421405
E002667,0.6550869969292034
E002670,0.524795839285125
E002672,0.4688378890856572
E002673,0.03566792791459842
E002682,0.7100297178193701
E002683,0.23097982585584528
E002686,0.5455837235462283
E002692,0.8405077802348035
E002696,0.6757555843930481
E002700,0.7337565270561702
E002701,0.047972570909051035
E002702,0.7110233296756516
E002703,0.7799576458204835
E002704,0.6639041040812003
E002705,0.8407284152504003
E002707,0.5251934215330673
E002711,0.6516852354143203
E002712,0.568684261662867
E002716,0.16910538825242913
E002717,0.5475813989014267
E002721,0.6270139849033372
E002723,0.6627561073019665
E002724,0.6119206446044714
E002726,0.6644767413245336
E002729,0.784099250062367
E002735,0.755406687742341
E002736,0.8003850740172247
E002737,0.6206868781422014
E002738,0.5248446265905389
E002741,0.6947063812239037
E002742,0.8461208548060632
E002743,0.789604429317833
E002745,0.686897365837757
E002746,0.49406858355543604
E002749,0.7550441328490418
E002751,0.6141104538258718
E002754,0.5055737602973865
E002757,0.8519128254319073
E002758,0.8158983734989348
E002759,0.8252758617614655
E002760,0.17658389368504274
E002764,0.041544494137927754
E002766,0.8728345298680006
E002768,0.47417682509456927
E002773,0.8329207894350558
E002777,0.5967883713468374
E002784,0.5524329369057979
E002785,0.6598549008436077
E002788,0.07527589377978412
E002790,0.659053733650034
E002791,0.6461889097058402
E002792,0.6195060567454894
E002793,0.7968690016239165
E002794,0.8227873692594728
E002796,0.5390385851251752
E002797,0.9249285999900048
E002800,0.7840129617662646
E002801,0.8112196728032831
E002803,0.7756003427827076
E002804,0.6793047597570732
E002805,0.7632384473578931
E002808,0.607351367783699
E002810,0.6403987598744038
E002811,0.8457147265896319
E002812,0.5894487019391417
E002815,0.5254931780127484
E002816,0.4807035133923225
E002817,0.8649311921073729
E002818,0.4029487233590623
E002820,0.7594329526558813
E002824,0.7557279796737839
E002826,0.49946709807396555
E002830,0.46122336686025983
E002837,0.5332373630725535
E002839,0.46611014323451727
E002844,0.6302823396202333
E002845,0.5478164882141433
E002846,0.8349912485121697
E002849,0.7947147926011372
E002850,0.7777802906630702
E002851,0.4500369463172723
E002853,0.6112704468208823
E002855,0.5254090868947769
E002856,0.6257053281215909
E002857,0.5842710260926454
E002859,0.8461736673011933
E002861,0.45954551251258996
E002862,0.5594702725312899
E002864,0.36421975121792394
E002865,0.7478683415348165
E002866,0.5804279480875786
E002867,0.5671156067455685
E002868,0.11038964909052283
E002873,0.9182146818051439
E002875,0.2331333592445938
E002877,0.5735169372528008
E002878,0.8318911393188416
E002879,0.5463265612671785
E002880,0.08057448298001202
E002883,0.7099353776615049
E002884,0.5933171428279276
E002885,0.8981409345417907
E002887,0.7989237469745805
E002890,0.01266096660745793
E002893,0.7493224026917132
E002895,0.7848965237911254
E002896,0.6018462987859896
E002897,0.5987637820969508
E002901,0.26657884460443193
E002903,0.5476280079161131
E002905,0.7502268327540679
E002908,0.6240195743931853
E002909,0.7550651196881372
E002912,0.09679925885349826
E002913,0.15919839483258777
E002916,0.04418773955538844
E002917,0.8649849198482691
E002918,0.7086132174053177
E002919,0.7178851221525805
E002920,0.638688414458147
E002923,0.9214399568489641
E002925,0.7270767825123127
E002927,0.8316277621938776
E002928,0.606859896141265
E002930,0.4977862082703201
E002933,0.6245557172593573
E002939,0.6506502293555365
E002942,0.6728773201978591
E002943,0.8514827887224511
E002944,0.8013020390060293
E002945,0.5856734405311022
E002947,0.814642374943267
E002949,0.7124808069432936
E002950,0.5512694003815327
E002951,0.4985671483033476
E002954,0.7916892740335875
E002956,0.6761446899661078
E002957,0.5996137327355872
E002958,0.724062070657639
E002964,0.14353490298317503
E002970,0.7129872678848896
E002971,0.8484976453286498
E002974,0.5666319240319011
E002977,0.356684282638916
E002978,0.606144200950681
E002979,0.36226035356515446
E002980,0.782023345404763
E002981,0.4478675718212083
E002989,0.8080002466468719
E002991,0.05488091536084562
E002992,0.4910803807379135
E002993,0.7936522907693148
E002996,0.2801968888786118
E002997,0.7199809813350195
E002998,0.7641300835081036
E003002,0.7223782477805128
E003005,0.7673212175679549
E003009,0.6580820677216832
E003010,0.7296169395522499
E003012,0.09666100878418005
E003017,0.5577371327963528
E003018,0.2107407199137008
E003020,0.06422622509045862
E003023,0.8093646750268283
E003029,0.6137833768505829
E003033,0.7010501401833825
E003036,0.027244337268794223
E003037,0.7995621318319094
E003038,0.7254279055864217
E003040,0.5503574393507757
E003042,0.6785712480723818
E003046,0.7962079053951405
E003047,0.025848550232503837
E003048,0.6424826259078381
E003049,0.568104913737716
E003050,0.6912590146510943
E003052,0.7863622252073489
E003053,0.5363797444454287
E003055,0.5814884433039271
E003056,0.8957678504486698
E003057,0.436230951993718
E003059,0.583720066197872
E003061,0.6091154085622459
E003062,0.6268894659211811
E003066,0.7255713538484714
E003070,0.6510281292790864
E003072,0.45089237409108945
E003073,0.7923085462409314
E003076,0.5944697326874561
E003078,0.6728214838107507
E003079,0.4972203823916615
E003080,0.5429950699763159
E003089,0.5040663065132481
E003090,0.7520510613340425
E003091,0.11025127540402173
E003092,0.07338140424659677
E003093,0.8587693658515362
E003094,0.11213531212424827
E003097,0.4328266028645588
E003102,0.2237113059243564
E003108,0.8140419561460295
E003110,0.46501375071786855
E003112,0.5782424918909943
E003115,0.8389897737643242
E003117,0.7181695960480355
E003118,0.5220698055392413
E003120,0.8258246789956427
E003121,0.5391000117914061
E003132,0.12376877006635452
E003135,0.6977470391514197
E003138,0.09471576634798787
E003140,0.1391736328633308
E003145,0.8423983189512967
E003151,0.8364348419853801
E003152,0.6807247716416464
E003153,0.8502187191906954
E003154,0.37746596833599155
E003159,0.5594372256649615
E003160,0.9205634296802152
E003161,0.6775802407511741
E003163,0.19844282137465763
E003164,0.10832257478977783
E003165,0.8025755534505464
E003166,0.6902903368429552
E003167,0.6709919218066815
E003168,0.5587932780486377
E003169,0.6727559480431039
E003170,0.8850373051525031
E003173,0.8927957058497549
E003178,0.7466728149882762
E003179,0.5995544631649073
E003182,0.6525589887967314
E003184,0.39381869503796446
E003189,0.7178053674378925
E003191,0.8184573543614051
E003194,0.6885115182936117
E003197,0.4487956995497922
E003200,0.6110784492814526
E003201,0.6964532013231214
E003203,0.7440509258987663
E003208,0.18665558657666087
E003209,0.776796401561988
E003212,0.45905146731245217
E003214,0.5409444786618065
E003215,0.5242096484774698
E003216,0.799460782373608
E003217,0.6705377888011166
E003219,0.5697300550016307
E003222,0.05599911868024337
E003229,0.6504763414839032
E003237,0.7631054736702526
E003242,0.6566577616095151
E003243,0.21539136533374073
E003245,0.6366164301771678
E003246,0.6719782274866425
E003248,0.20760119143162245
E003249,0.8683824319411538
E003252,0.9036738770417267
E003256,0.8597104998311006
E003257,0.7518326248339045
E003260,0.5423416754291246
E003263,0.5541815840724726
E003265,0.09175800189793851
E003268,0.52549177569422
E003269,0.5858036982716373
E003270,0.8423517820074032
E003277,0.6717045337899825
E003278,0.5366674939697068
E003279,0.797159342267533
E003284,0.6785043975964618
E003285,0.7993304356466707
E003286,0.4582264131838358
E003287,0.667010800438269
E003290,0.3171601490021073
E003291,0.6621772700034935
E003295,0.12688247171839784
E003296,0.34313501866186397
E003298,0.6599300628964723
E003301,0.5575378463500826
E003304,0.6982480872012858
E003305,0.44617904400150915
E003306,0.7644782146966825
E003308,0.4157966065741804
E003309,0.44515674496180246
E003310,0.1985557593414939
E003313,0.6671310135498212
E003315,0.7036571048676994
E003325,0.8835934025224711
E003328,0.8794310576892499
E003331,0.7368190687659619
E003332,0.017722648721575016
E003334,0.547120781443499
E003335,0.450799600421834
E003336,0.6216461658867565
E003339,0.6838602428222739
E003342,0.44977376123359797
E003343,0.6329886664058961
E003349,0.6274016567899704
E003350,0.9148671798482181
E003351,0.8255503710363843
E003352,0.6825838806769224
E003353,0.7481455035087068
E003354,0.5576312880738761
E003359,0.08559986913062477
E003361,0.4629054027597489
E003362,0.765238770197
E003365,0.6047936903058503
E003368,0.4286481594260155
E003369,0.6907031366776953
E003374,0.1439749856158401
E003379,0.9365639673096844
E003381,0.8591524625948362
E003389,0.7882562271691097
E003390,0.05410487483209691
E003396,0.9440543263877188
E003398,0.8821045434777742
E003400,0.7096796766084879
E003401,0.7830257567127029
E003403,0.9198060581975196
E003405,0.7642476379152184
E003408,0.6887490352596315
E003411,0.8472101152076223
E003413,0.519679055340147
E003419,0.4012720429509067
E003420,0.7482159200881078
E003421,0.5966338203721714
E003424,0.5720774298232725
E003425,0.806643309823254
E003426,0.860742779181291
E003429,0.14654723301351497
E003430,0.6946109786091683
E003433,0.632108391825428
E003434,0.6403067859438497
E003439,0.7897149674435288
E003440,0.6715295724876793
E003446,0.5623551437770551
E003449,0.7874634839909949
E003450,0.7638683087717759
E003456,0.6460602373001363
E003458,0.6855762694371035
E003459,0.7874774575358292
E003463,0.11137500337459924
E003465,0.5782044321436256
E003470,0.08413099341469554
E003476,0.689954409863345
E003482,0.6094461268897341
E003485,0.513330084028535
E003487,0.3894229488984247
E003488,0.787389296385236
E003491,0.15044437741592392
E003493,0.6446583449102772
E003497,0.5071705063426909
E003499,0.8265565201131084
E003500,0.35484815755098986
E003501,0.7757945616346836
E003504,0.7701185315364649
E003509,0.14182006336489364
E003510,0.4863621113374839
E003511,0.7371074031172938
E003513,0.8451633759635578
E003515,0.8586114610393677
E003518,0.857047448880604
E003519,0.8984000665721884
E003520,0.1354255310349819
E003521,0.8953014095367259
E003523,0.4349968471615977
E003530,0.7148762340772883
E003531,0.6002423895890373
E003534,0.8131458232725797
E003535,0.6037076400412384
E003536,0.674819685606745
E003539,0.5312381335358711
E003543,0.8704628974056231
E003546,0.5776708378632237
E003549,0.6528977877566016
E003553,0.5950728161964817
E003555,0.3807100721370903
E003557,0.9153259848677672
E003558,0.12130452678992856
E003561,0.13271075510754907
E003562,0.8812241629548873
E003563,0.7835010928231965
E003564,0.055081399330359174
E003567,0.503032729936388
E003570,0.6722557505688803
E003575,0.5978773692873907
E003576,0.5341855170739704
E003578,0.6954718552365632
E003580,0.8284721471157253
E003581,0.8459168011134567
E003582,0.7039019396631677
E003584,0.6739884382946797
E003585,0.542708492955277
E003586,0.42037552718735594
E003588,0.6521510701365639
E003590,0.04138921328895565
E003593,0.6810890819961869
E003598,0.06262593303576693
E003600,0.6843753963640455
E003601,0.0653586973339669
E003605,0.48872995602592967
E003608,0.6384694051472061
E003609,0.8728724892163622
E003613,0.07688144576044173
E003614,0.1051830261419785
E003615,0.031439530534398935
E003616,0.10269394071869455
E003619,0.8775133800307374
E003620,0.6516212966689217
E003623,0.4737075419331797
E003625,0.15265568168501045
E003627,0.6509127715863624
E003630,0.8088328038277156
E003632,0.8062576633126168
E003635,0.15646191541741067
E003636,0.07053453378374114
E003637,0.8994466883834431
E003639,0.6720060123475116
E003640,0.7692890849925034
E003649,0.13695640332299958
E003651,0.05942092023792454
E003652,0.7274775033786941
E003653,0.13167037265749407
E003656,0.29699701681462176
E003658,0.20994969465004756
E003662,0.485026595574654
E003663,0.6130037852101742
E003664,0.6091896809040226
E003667,0.7392669636087332
E003669,0.3843238392066399
E003670,0.505594604843585
E003672,0.6472056536273826
E003680,0.8319952430572053
E003682,0.8157942314556677
E003684,0.12193544325831036
E003685,0.9086898761074447
E003686,0.7324905066677295
E003687,0.7190684998262203
E003689,0.22239176790024445
E003690,0.8156233789158422
E003691,0.8072085939049467
E003693,0.717831411835058
E003696,0.735537314120209
E003697,0.5357678395782879
E003699,0.48489230929101035
E003700,0.5837128823907166
E003706,0.533431824075853
E003707,0.23579386181169892
E003708,0.6285612956524395
E003712,0.712628736263651
E003713,0.7866314002791867
E003715,0.10531049169503148
E003718,0.7016215667069591
E003720,0.6533357899350458
E003721,0.3715659814677724
E003722,0.27241589964609436
E003723,0.12088829547501029
E003726,0.7415041722527824
E003730,0.8466651287081031
E003731,0.637207555401326
E003735,0.6250248375527595
E003737,0.11918284488259172
E003738,0.7999878858439576
E003740,0.5239102054757229
E003741,0.8384982112826124
E003745,0.8012486089465746
E003746,0.7292161298680685
E003747,0.2505665765333783
E003749,0.576052997106122
E003756,0.1552107533318716
E003758,0.73954976949133
E003759,0.7444146781792024
E003762,0.7087374974611681
E003763,0.6959919528023025
E003764,0.7815397614393642
E003765,0.12621793986964788
E003766,0.5627579663089574
E003768,0.5771159943124471
E003769,0.13242554314673347
E003771,0.6605460214908356
E003772,0.6344953199286194
E003774,0.7540026656056019
E003775,0.5997737051527787
E003777,0.5515517982917044
E003778,0.5641492696345689
E003779,0.06194503610415821
E003780,0.572778645195356
E003781,0.7739459659030973
E003782,0.7878228565382522
E003785,0.8915733005065679
E003786,0.12792560472012227
E003788,0.6055972781056027
E003789,0.7457240479734629
E003790,0.7218891938446899
E003793,0.7373868004775006
E003795,0.7819482083421805
E003797,0.5738401716742281
E003799,0.7640033472140111
E003802,0.6989781723203886
E003808,0.8237381794409144
E003809,0.7123520606821887
E003810,0.44293221141668326
E003812,0.7594336922320137
E003814,0.5506371608475013
E003815,0.4073259385426459
E003821,0.7045105336739913
E003822,0.8155159009261908
E003823,0.13473269754673667
E003824,0.7047665077128947
E003825,0.8244667893698425
E003826,0.8114448720205719
E003827,0.1180523175164823
E003828,0.8011987174080759
E003829,0.42179491421242404
E003830,0.5724691301828233
E003831,0.6845870613575429
E003832,0.6748255419878743
E003833,0.5424017087662045
E003837,0.6064791961229282
E003838,0.5849078623632891
E003844,0.7231557123409693
E003845,0.3840771037511527
E003848,0.5426142047155771
E003849,0.7080460560115397
E003850,0.2519367471647375
E003851,0.14512820423860767
E003852,0.6129935454808019
E003854,0.5380891735140181
E003858,0.7516187309959438
E003859,0.08167276024495901
E003860,0.5474811824215905
E003861,0.7031568202546862
E003865,0.7051982417815208
E003868,0.6409883688573779
E003871,0.6975204564463099
E003872,0.7434755552195002
E003875,0.7209147097324801
E003876,0.6211441665003321
E003878,0.14282985798645514
E003880,0.7367583037839969
E003881,0.8947054468525928
E003884,0.8107897713112516
E003885,0.7299256065865455
E003887,0.8904794551473031
E003891,0.8189428766367276
E003893,0.12931000315332825
E003894,0.07697351483485934
E003895,0.7450660693686785
E003897,0.8576455276926606
E003899,0.5933353678002519
E003904,0.6225465870518728
E003909,0.5094219935824077
E003910,0.5131684228104857
E003911,0.3602420034982952
E003912,0.4628194935066632
E003913,0.8175355397744803
E003914,0.8235565256568267
E003918,0.8535063274490219
E003920,0.6990584650939872
E003921,0.3067827849571871
E003922,0.7101268332001628
E003926,0.8600636055005055
E003928,0.5985163772152401
E003930,0.5587406953268816
E003934,0.7547325377768281
E003939,0.7898022050858654
E003941,0.7953246990179108
E003943,0.8388702474042775
E003944,0.7587474363421959
E003945,0.5930422691271967
E003946,0.6201560859046233
E003948,0.780481036114458
E003950,0.1077709584012782
E003951,0.5747453967590973
E003953,0.6896606246944506
E003954,0.6421207692497453
E003955,0.8910914127177462
E003960,0.1046646795552109
E003964,0.12560876301840393
E003965,0.6967662201053948
E003966,0.07044785929510468
E003969,0.5620066594285595
E003970,0.7321522768392165
E003973,0.8439162789390903
E003979,0.49301405382837893
E003980,0.7001665084689712
E003982,0.25167078271702753
E003983,0.5355861431930501
E003984,0.41198011492706177
E003986,0.8302096169429563
E003988,0.6792268139018841
E003991,0.8109763704943808
E003992,0.910432810063525
E003995,0.8639453865252751
E003996,0.6554950269067262
E004004,0.9041902445558828
E004006,0.9085620711430964
E004009,0.1410294177640102
E004011,0.6306358845904356
E004012,0.03633031329946926
E004013,0.7571768698156167
E004015,0.707165175815956
E004016,0.5594805428297016
E004017,0.6642690201833422
E004018,0.7810551084573535
E004019,0.872715313133823
E004020,0.13439757545351452
E004023,0.13950022409682716
E004025,0.48986794241246845
E004031,0.6234634113043076
E004033,0.7437674352455098
E004035,0.7704274056491921
E004038,0.7603598881189597
E004039,0.5781624644933828
E004041,0.5354944114937861
E004043,0.10805040578787314
E004046,0.03303058887284198
E004049,0.5306109394919961
E004050,0.7919193479206791
E004057,0.1813920718515469
E004058,0.6283439475278001
E004063,0.7104310410418812
E004064,0.7532059525271385
E004065,0.5248383530568018
E004070,0.6928575732078581
E004071,0.5798348560394505
E004072,0.10259013071745428
E004075,0.8530906234085006
E004076,0.5975324201621183
E004078,0.5929277169416998
E004079,0.07170739885798412
E004080,0.07895830286408018
E004083,0.8786920798554289
E004084,0.5251477206015311
E004085,0.8522767782631487
E004088,0.4208539480744227
E004093,0.789241847914822
E004094,0.741156192022038
E004096,0.6606310937677592
E004101,0.8471186526324774
E004102,0.8230032362748313
E004103,0.7299711715785272
E004106,0.6826321385813083
E004107,0.5438682872707484
E004115,0.7645749792803321
E004116,0.7871640394676759
E004118,0.8976091047447472
E004119,0.7005304099119726
E004120,0.35661489550002407
E004122,0.7998079681540596
E004124,0.7372279337567016
E004125,0.6691505990694195
E004126,0.5195412055161528
E004127,0.6046767725989145
E004128,0.4974869786225475
E004130,0.6367398769311119
E004131,0.8258289958070493
E004132,0.7868442463776463
E004133,0.7383645469895329
E004135,0.40932703574281876
E004136,0.052368572745159735
E004138,0.49116118207854537
E004139,0.8369123725732638
E004140,0.6471944291561691
E004141,0.7066830648650005
E004143,0.525387506846824
E004144,0.5675834604880572
E004146,0.5319472530191192
E004155,0.7112064817220384
E004163,0.4862976033078321
E004165,0.6730706827668752
E004167,0.48613809381769624
E004171,0.30371011446316
E004173,0.8608530474781089
E004178,0.11946098082231466
E004179,0.7506279013422796
E004183,0.8331338729942929
E004184,0.5980781428871411
E004185,0.1468548224637221
E004187,0.15205341671218245
E004189,0.7317894552476693
E004190,0.6245749390029475
E004191,0.7009733977863462
E004192,0.75643773060211
E004193,0.7629779601110698
E004197,0.11704372329510002
E004204,0.7269209104655449
E004208,0.8001316571288647
E004209,0.02780529397014035
E004213,0.637412898459748
E004214,0.5305661224888291
E004219,0.8226051903826668
E004227,0.5595853948874939
E004230,0.8020934373185926
E004233,0.7216470519686915
E004234,0.6032865029592847
E004241,0.675693276603267
E004243,0.8433765959949668
E004244,0.4966695687022559
E004245,0.4976478621465424
E004246,0.11504451941918063
E004247,0.7870549022414043
E004248,0.10627920389676891
E004249,0.015915164343058348
E004251,0.8489877857330574
E004252,0.5260891496457647
E004253,0.18744384876677725
E004254,0.4411292580383081
E004256,0.742795408211746
E004257,0.7116316264025143
E004262,0.8265979546319908
E004263,0.5980309024571359
E004265,0.4442326435701089
E004269,0.7988105383189941
E004272,0.6394522688067809
E004273,0.8725581199440311
E004276,0.6707568476678909
E004278,0.13755693868227092
E004281,0.6149292210460127
E004283,0.5160342808677643
E004285,0.7369571544178946
E004289,0.73754074733819
E004290,0.8367925040198303
E004291,0.5946290982966459
E004296,0.7662345678746033
E004297,0.7719258780384739
E004299,0.5700521578128205
E004300,0.6020054655163419
E004301,0.792239323134744
E004303,0.13639600458567605
E004304,0.8191687731569267
E004307,0.4427006952267122
E004309,0.6180078518728899
E004310,0.5658314730186061
E004316,0.7058218375246736
E004317,0.7659524712687016
E004318,0.7544793489504529
E004320,0.6265302514073876
E004324,0.5496451994951087
E004326,0.5619795756408178
E004330,0.4189257203938822
E004332,0.18402034057840552
E004333,0.09081429225843997
E004335,0.8408768725240064
E004343,0.8052243534269199
E004344,0.6486663245424202
E004346,0.2371463291367767
E004348,0.6025102446406366
E004353,0.5075058499374152
E004355,0.6761665007436601
E004356,0.8139444533322839
E004357,0.7443168644031662
E004358,0.7441324855538626
E004359,0.7962806217993402
E004360,0.5455551507165843
E004361,0.11604294685558066
E004364,0.7998213478438764
E004367,0.48313313856595747
E004369,0.6841026388554492
E004372,0.5391616418026833
E004379,0.6824613787888594
E004380,0.7451774215188616
E004381,0.6821150176455691
E004383,0.03688014084363373
E004384,0.7242106623025414
E004386,0.1890912245951862
E004387,0.6581853121935856
E004393,0.7525656207740983
E004394,0.12674498514700733
E004395,0.0909655441804045
E004397,0.6011223111854629
E004399,0.691762611222195
E004400,0.5464481273881052
E004407,0.1093323604122157
E004408,0.41958560534161826
E004410,0.7218823961283287
E004412,0.8074650194303816
E004413,0.7587885152113866
E004416,0.6711947474570243
E004417,0.8462648997972094
E004418,0.707528814578339
E004425,0.5676676310662809
E004427,0.8163043079052531
E004428,0.2139104359355173
E004429,0.7821363200138169
E004432,0.7688872247637074
E004433,0.6381285457021795
E004438,0.4731503862074433
E004441,0.5281318320367643
E004442,0.5993450995664069
E004444,0.053808208159163595
E004446,0.07671135336107238
E004447,0.6003353236740869
E004448,0.8023880742683955
E004449,0.6083601098757561
E004453,0.7497810527480415
E004454,0.8747192184353612
E004457,0.7042889801286535
E004460,0.718381790538191
E004463,0.5305767620455165
E004465,0.5274284929567388
E004466,0.7235226596111451
E004468,0.6480526517275921
E004472,0.840081301012803
E004480,0.03009525354537513
E004481,0.7771695379145219
E004482,0.7214687072151718
E004486,0.8024086252717915
E004487,0.6085257157144958
E004491,0.4846637308087961
E004492,0.45968114629202006
E004493,0.7268832048497846
E004494,0.5331870867304533
E004495,0.5354744740747733
E004497,0.593929233118588
E004500,0.566882279816041
E004501,0.5383370477245957
E004503,0.5490508145355203
E004508,0.5816511589238738
E004510,0.8616716482323877
E004513,0.6206452355668985
E004517,0.4108862689906631
E004518,0.06235748467162263
E004519,0.8595590003593238
E004521,0.7603813898568824
E004523,0.6845364164920199
E004526,0.8853709932171454
E004530,0.8422001535038188
E004531,0.14686714192164924
E004532,0.4347450764870546
E004533,0.9137207011972268
E004535,0.6228323208213885
E004537,0.2885602343681196
E004548,0.8659109127022301
E004552,0.8661060209577521
E004555,0.6476526204182744
E004558,0.7700594653041999
E004559,0.4289119189467777
E004560,0.7364563895658289
E004561,0.7101374132262568
E004563,0.46033378335884345
E004564,0.6718055612543956
E004566,0.7868560697855076
E004570,0.6301132702528359
E004574,0.5317776788566974
E004577,0.7997454402439932
E004578,0.7039755851233531
E004579,0.07246584280532337
E004582,0.7444294909684753
E004583,0.6552923460983903
E004585,0.08329009007437373
E004586,0.6299638818898836
E004591,0.8059337381570585
E004592,0.8797853527698604
E004594,0.5754340635147908
E004597,0.03792122682262262
E004598,0.7384806304405018
E004599,0.10045475289234292
E004601,0.8518737803939693
E004604,0.13243528570877508
E004608,0.5433862948668968
E004609,0.5093413091167295
E004610,0.577082437447924
E004611,0.08715655876690137
E004612,0.6189218502896112
E004613,0.5263637871694857
E004615,0.07627926204210343
E004617,0.6132955125178962
E004620,0.6157207522281188
E004622,0.5123133528135534
E004625,0.7355209563630951
E004629,0.44877565686332926
E004634,0.7535055068681689
E004636,0.47911264407385773
E004637,0.6226917728287299
E004640,0.8612539472161506
E004644,0.04607766752923634
E004645,0.6361850164599261
E004646,0.5411083267049341
E004647,0.6696324910459709
E004651,0.1060415909105976
E004654,0.48330010759187925
E004655,0.5271450058950159
E004658,0.7871954012351438
E004664,0.44913229525097054
E004665,0.7581036125143826
E004666,0.8817905234982647
E004670,0.820281840538645
E004674,0.8639324383534642
E004675,0.7455638196247489
E004676,0.7685204654770631
E004681,0.03159877077767371
E004685,0.7585165217775066
E004688,0.017037784868832548
E004689,0.8281463858105882
E004690,0.8347101928431171
E004693,0.760394090940264
E004696,0.43354162801847723
E004697,0.5714073068191997
E004701,0.6909661944128539
E004702,0.7340908139812358
E004703,0.805421385352277
E004704,0.7590391261194962
E004706,0.5603786974112002
E004707,0.8332157796232855
E004708,0.8502219630926229
E004709,0.6084928437029596
E004712,0.707966081270972
E004716,0.7798816389283015
E004718,0.5269610138931382
E004725,0.8075581573373602
E004726,0.7633383353716067
E004727,0.6373065211470674
E004729,0.19061690497790423
E004732,0.870816051807512
E004733,0.8671273679978513
E004737,0.5172945897242542
E004739,0.7343705549516585
E004740,0.3901618042850953
E004741,0.8063121341534316
E004742,0.8347017737211364
E004743,0.20442178495182597
E004745,0.6256020129453397
E004746,0.11807708191103987
E004750,0.6711569939545449
E004755,0.7619266277012632
E004758,0.9042456651549944
E004759,0.08332199514701505
E004760,0.8024684215347584
E004769,0.7166388712008636
E004770,0.6620335695453275
E004771,0.7064798679564654
E004772,0.8930214560206954
E004780,0.593236150171661
E004781,0.6995702014163361
E004782,0.1263203285917775
E004783,0.7205096847952466
E004784,0.5869159228887428
E004786,0.827828423871624
E004787,0.851016640052868
E004788,0.10235284444732752
E004792,0.4629993671564262
E004795,0.5011024690607507
E004796,0.806387606829943
E004798,0.612102302497779
E004799,0.592933397094044
E004800,0.10668660831625834
E004802,0.691910275715889
E004803,0.8027079836534498
E004804,0.7695628104555984
E004807,0.4521491897120548
E004809,0.5725062185813499
E004812,0.9149531788621704
E004813,0.49932187309165227
E004814,0.6221904317535005
E004816,0.6155528289868649
E004817,0.41314832759679854
E004819,0.7503665002304378
E004824,0.8213503385191498
E004826,0.8219865223742159
E004827,0.42759574846714404
E004828,0.08394356625483716
E004830,0.8816057244275018
E004833,0.8359658990094329
E004835,0.5961903215901818
E004837,0.7461077769516344
E004838,0.6111126590821631
E004839,0.5240735373435729
E004841,0.7575156594291377
E004844,0.7499313055667928
E004845,0.5077228032105964
E004846,0.7461224910087857
E004849,0.632461586956315
E004850,0.7187164275764841
E004851,0.5014879779338905
E004852,0.758235820182265
E004854,0.5419926021977693
E004858,0.6245768728175632
E004859,0.6813974196990547
E004860,0.7000329324865878
E004862,0.5872900565891545
E004863,0.7356241421085747
E004865,0.3520538677551427
E004867,0.03769620841109957
E004868,0.4596794317534129
E004874,0.5449855361150664
E004877,0.7390879856450343
E004878,0.8631813474923198
E004881,0.6822773473713603
E004882,0.8210344657433424
E004883,0.40661990472731496
E004884,0.7863753259622456
E004885,0.10123282622499538
E004886,0.5077471809353384
E004888,0.7252343097890467
E004889,0.007431743984944584
E004890,0.825962012874552
E004892,0.7331878651368506
E004895,0.7683510349407885
E004896,0.16603713517912252
E004898,0.7106200119076077
E004900,0.6719170664800037
E004902,0.894339887898031
E004903,0.915456812920673
E004904,0.07807221462820424
E004905,0.5802300320634569
E004908,0.8118762090114152
E004909,0.5718450635800972
E004910,0.6418020431175907
E004913,0.7362715377180099
E004914,0.5980235713152121
E004915,0.07807589200318531
E004920,0.5995622353822123
E004921,0.7637125484076337
E004923,0.09542562124062944
E004925,0.5074484364621117
E004926,0.5422642351337641
E004934,0.6262059408734095
E004936,0.5944765335611462
E004939,0.7330876751050361
E004940,0.6203258520076872
E004941,0.5044425818377604
E004942,0.743883315751019
E004944,0.8979833981241384
E004945,0.8661363671556581
E004953,0.4360985666251186
E004957,0.6995246470701565
E004959,0.7528623451235672
E004964,0.6952631976999478
E004967,0.300093231625632
E004969,0.636425950331853
E004970,0.6136769331214529
E004973,0.5660131772467054
E004979,0.16656946866315328
E004980,0.6779041930734151
E004983,0.5048650226893665
E004987,0.5615520350348231
E004988,0.1437133447799904
E004997,0.8487277533969717
E004999,0.5774712245840288
E005000,0.8491937994556679
E005001,0.1639966537006952
E005002,0.4907282959250334
E005003,0.13911539019100447
E005004,0.6543521442260325
E005009,0.5657685406307692
E005011,0.6735679855456597
E005013,0.06242965873584151
E005017,0.6446331295853154
E005018,0.14565413632014412
E005020,0.6874828934893151
E005021,0.7862508351040955
E005023,0.8233148934848288
E005024,0.8707787660052251
E005028,0.11490490309829086
E005029,0.14316379940822263
E005036,0.7796453982183211
E005037,0.6689206116191911
E005042,0.8225447284333123
E005046,0.6054723837475132
E005052,0.6444254537525624
E005054,0.7418617355238891
E005057,0.1002384564464894
E005058,0.6330537938762251
E005059,0.7610546926119119
E005060,0.700278837683522
E005061,0.8106544788211401
E005065,0.6907052509036125
E005066,0.08016336888486261
E005067,0.5386286409730198
E005068,0.7624906802784451
E005070,0.9505553968587027
E005072,0.6751155815059198
E005073,0.6986986473136905
E005074,0.7886195383429959
E005075,0.5939615365235109
E005081,0.09483771092144735
E005083,0.5087096316639852
E005084,0.7370420762013298
E005085,0.7751315145373785
E005086,0.7353640387849065
E005089,0.1679412824310829
E005092,0.796252957292496
E005093,0.7547111459715716
E005097,0.0950282137341852
E005099,0.7884964531708681
E005100,0.08505099227715765
E005101,0.687360001185153
E005104,0.7402503118346385
E005106,0.6395700425645425
E005110,0.0683723336839356
E005112,0.6147956847961892
E005114,0.07174799306265932
E005115,0.8507580747558791
E005116,0.8122416010932341
E005117,0.6183787350365296
E005122,0.10583078784595815
E005126,0.6291872580360554
E005127,0.5132689353038236
E005129,0.7273972972201084
E005130,0.7651363721671763
E005132,0.7994173151940626
E005134,0.7059666418649405
E005135,0.13177322548242767
E005136,0.7920289248523106
E005137,0.6048408621594232
E005138,0.8885790878642362
E005139,0.7122458125431533
E005143,0.14422703254934338
E005146,0.7490989821007865
E005148,0.8789932263944195
E005150,0.629177657844867
E005155,0.827899576037313
E005157,0.09258687112056353
E005158,0.6487211382985882
E005161,0.6815869482798375
E005162,0.05841090732257816
E005163,0.6904789998468741
E005166,0.09744826570073505
E005167,0.6147849659016454
E005169,0.6054652057736258
E005174,0.5585924267455242
E005175,0.8333073410384213
E005177,0.04993885660906929
E005179,0.6916864549538021
E005180,0.8048991734810781
E005182,0.6218209595760992
E005185,0.9211560219378774
E005186,0.7975110273136261
E005187,0.5593224044088864
E005188,0.613101987662228
E005190,0.6228134548226112
E005192,0.030286353657872772
E005195,0.801147970599312
E005197,0.7648662339798674
E005198,0.5064932582411641
E005200,0.7003964997239838
E005207,0.6382309202277577
E005208,0.6417864169640851
E005216,0.21177004631035554
E005217,0.18255809524924246
E005220,0.7701430989183754
E005225,0.6496647160630136
E005227,0.840781982202658
E005229,0.7416404809331537
E005230,0.08267603222638337
E005232,0.9233145259873947
E005233,0.7912966854772031
E005235,0.6449435644292194
E005238,0.7354341600305
E005239,0.512100226965139
E005242,0.6413278142184428
E005246,0.7941184906415537
E005249,0.6334754793812214
E005251,0.42386268962344575
E005254,0.9236622436909291
E005255,0.6337089207875769
E005260,0.12897658660665692
E005263,0.8223906130632115
E005265,0.8838678337561825
E005267,0.8250973251771109
E005269,0.6391486852971743
E005270,0.45915516592568056
E005271,0.5583269031289577
E005273,0.09944040886838192
E005277,0.7477614360446171
E005284,0.7949585304535705
E005285,0.13035351098997264
E005289,0.8269087380883839
E005291,0.7752260799073616
E005294,0.9420354656624509
E005295,0.7401954980570911
E005298,0.7305933879022259
E005300,0.9224010007196762
E005308,0.7362223144781586
E005315,0.13666738021983021
E005318,0.08614770383102326
E005319,0.6500974262686506
E005322,0.7553522669524866
E005323,0.7946874149466108
E005324,0.73604795991116
E005326,0.830293557468722
E005331,0.7456750112250936
E005332,0.6924400350381191
E005334,0.7304626521366934
E005335,0.8952535151363816
E005340,0.7090019974241045
E005342,0.7222000951166502
E005343,0.11821339417832309
E005344,0.4383498342037981
E005346,0.13848227108104205
E005347,0.46341306558303363
E005350,0.5739268992955165
E005351,0.8275219019898447
E005353,0.6250607414650372
E005355,0.7771700963789719
E005358,0.5877937222907041
E005360,0.11099320503431986
E005361,0.767770846938822
E005365,0.5241720793482629
E005371,0.5425284100296963
E005372,0.8143796012076912
E005373,0.8402898799512977
E005375,0.6315572624192308
E005377,0.7285389047276666
E005378,0.6768677553008056
E005379,0.6268721532193073
E005380,0.013114164416785349
E005382,0.7539808933454527
E005384,0.017932085553395597
E005385,0.7684509790790585
E005388,0.10937628295746396
E005392,0.6564611007742612
E005397,0.6361177439656128
E005400,0.9259294613568847
E005403,0.1086863041816469
E005404,0.837307281365027
E005406,0.15608951602802063
E005407,0.7212306980600353
E005408,0.7814749979829619
E005413,0.0807178185776934
E005419,0.6477627974673381
E005421,0.38797381557701277
E005422,0.7897484618692502
E005425,0.5666509648411042
E005427,0.5476980474436083
E005432,0.6915676796518726
E005433,0.7012180940362039
E005434,0.5894725496918582
E005445,0.6698568495157428
E005446,0.7048479364438748
E005447,0.8697317697340109
E005448,0.9042307637061898
E005449,0.8839634595601714
E005451,0.09864995275490307
E005452,0.7999877996181829
E005453,0.8167030697841663
E005455,0.9074415576660175
E005456,0.3504157755515168
E005458,0.585979359655636
E005464,0.9028755244135128
E005466,0.8751770306795248
E005467,0.07502242569702837
E005470,0.7361654092277162
E005473,0.07899201296429179
E005475,0.4108380414011152
E005480,0.700706635404932
E005481,0.12181814878801045
E005485,0.7463752537029162
E005488,0.17550425890354315
E005493,0.6062130852994256
E005497,0.5845832017732924
E005498,0.7210953841844788
E005499,0.7169363195515986
E005500,0.8010584497890841
