E000002,0.5
E000003,0.5
E000004,0.5
E000006,0.5
E000009,0.5
E000012,0.5
E000016,0.5
E000017,0.5
E000018,0.5
E000019,0.5
E000020,0.5
E000021,0.5
E000024,0.5
E000028,0.5
E000029,0.5
E000030,0.5
E000032,0.5
E000033,0.5
E000034,0.5
E000035,0.5
E000040,0.5
E000044,0.5
E000046,0.5
E000048,0.5
E000050,0.5
E000051,0.5
E000053,0.5
E000055,0.5
E000056,0.5
E000057,0.5
E000058,0.5
E000061,0.5
E000062,0.5
E000063,0.5
E000065,0.5
E000067,0.5
E000070,0.5
E000075,0.5
E000077,0.5
E000080,0.5
E000081,0.5
E000083,0.5
E000084,0.5
E000085,0.5
E000087,0.5
E000089,0.5
E000092,0.5
E000094,0.5
E000097,0.5
E000098,0.5
E000100,0.5
E000101,0.5
E000103,0.5
E000104,0.5
E000107,0.5
E000108,0.5
E000111,0.5
E000112,0.5
E000116,0.5
E000120,0.5
E000121,0.5
E000122,0.5
E000124,0.5
E000125,0.5
E000126,0.5
E000127,0.5
E000128,0.5
E000130,0.5
E000131,0.5
E000137,0.5
E000138,0.5
E000144,0.5
E000146,0.5
E000147,0.5
E000148,0.5
E000150,0.5
E000151,0.5
E000153,0.5
E000154,0.5
E000155,0.5
E000157,0.5
E000159,0.5
E000162,0.5
E000164,0.5
E000166,0.5
E000167,0.5
E000168,0.5
E000169,0.5
E000175,0.5
E000178,0.5
E000181,0.5
E000182,0.5
E000186,0.5
E000187,0.5
E000188,0.5
E000189,0.5
E000191,0.5
E000207,0.5
E000208,0.5
E000209,0.5
E000214,0.5
E000217,0.5
E000218,0.5
E000219,0.5
E000223,0.5
E000227,0.5
E000230,0.5
E000232,0.5
E000234,0.5
E000235,0.5
E000236,0.5
E000238,0.5
E000242,0.5
E000246,0.5
E000249,0.5
E000252,0.5
E000253,0.5
E000256,0.5
E000257,0.5
E000262,0.5
E000264,0.5
E000265,0.5
E000269,0.5
E000270,0.5
E000271,0.5
E000272,0.5
E000275,0.5
E000276,0.5
E000277,0.5
E000278,0.5
E000281,0.5
E000282,0.5
E000284,0.5
E000285,0.5
E000288,0.5
E000289,0.5
E000291,0.5
E000292,0.5
E000294,0.5
E000295,0.5
E000298,0.5
E000299,0.5
E000301,0.5
E000302,0.5
E000304,0.5
E000315,0.5
E000316,0.5
E000321,0.5
E000323,0.5
E000324,0.5
E000328,0.5
E000331,0.5
E000332,0.5
E000333,0.5
E000337,0.5
E000339,0.5
E000342,0.5
E000343,0.5
E000344,0.5
E000345,0.5
E000346,0.5
E000348,0.5
E000350,0.5
E000352,0.5
E000359,0.5
E000361,0.5
E000362,0.5
E000363,0.5
E000366,0.5
E000367,0.5
E000368,0.5
E000370,0.5
E000372,0.5
E000373,0.5
E000376,0.5
E000378,0.5
E000379,0.5
E000380,0.5
E000383,0.5
E000384,0.5
E000386,0.5
E000387,0.5
E000391,0.5
E000394,0.5
E000395,0.5
E000396,0.5
E000402,0.5
E000405,0.5
E000412,0.5
E000414,0.5
E000415,0.5
E000417,0.5
E000418,0.5
E000420,0.5
E000425,0.5
E000426,0.5
E000427,0.5
E000428,0.5
E000430,0.5
E000432,0.5
E000433,0.5
E000435,0.5
E000437,0.5
E000438,0.5
E000442,0.5
E000448,0.5
E000451,0.5
E000452,0.5
E000454,0.5
E000456,0.5
E000460,0.5
E000462,0.5
E000472,0.5
E000475,0.5
E000477,0.5
E000478,0.5
E000485,0.5
E000492,0.5
E000493,0.5
E000496,0.5
E000498,0.5
E000499,0.5
E000502,0.5
E000503,0.5
E000504,0.5
E000511,0.5
E000513,0.5
E000514,0.5
E000515,0.5
E000517,0.5
E000520,0.5
E000525,0.5
E000528,0.5
E000531,0.5
E000536,0.5
E000537,0.5
E000539,0.5
E000542,0.5
E000543,0.5
E000544,0.5
E000547,0.5
E000550,0.5
E000551,0.5
E000552,0.5
E000554,0.5
E000555,0.5
E000556,0.5
E000557,0.5
E000559,0.5
E000565,0.5
E000567,0.5
E000568,0.5
E000569,0.5
E000573,0.5
E000582,0.5
E000584,0.5
E000587,0.5
E000588,0.5
E000590,0.5
E000592,0.5
E000595,0.5
E000596,0.5
E000597,0.5
E000599,0.5
E000600,0.5
E000602,0.5
E000604,0.5
E000610,0.5
E000611,0.5
E000612,0.5
E000613,0.5
E000614,0.5
E000616,0.5
E000617,0.5
E000620,0.5
E000621,0.5
E000624,0.5
E000625,0.5
E000627,0.5
E000631,0.5
E000632,0.5
E000634,0.5
E000638,0.5
E000639,0.5
E000645,0.5
E000648,0.5
E000649,0.5
E000650,0.5
E000651,0.5
E000652,0.5
E000655,0.5
E000660,0.5
E000661,0.5
E000664,0.5
E000667,0.5
E000668,0.5
E000671,0.5
E000672,0.5
E000677,0.5
E000679,0.5
E000680,0.5
E000681,0.5
E000683,0.5
E000685,0.5
E000687,0.5
E000690,0.5
E000691,0.5
E000696,0.5
E000698,0.5
E000699,0.5
E000701,0.5
E000703,0.5
E000706,0.5
E000708,0.5
E000709,0.5
E000711,0.5
E000712,0.5
E000714,0.5
E000717,0.5
E000719,0.5
E000720,0.5
E000722,0.5
E000723,0.5
E000724,0.5
E000726,0.5
E000727,0.5
E000728,0.5
E000729,0.5
E000732,0.5
E000733,0.5
E000734,0.5
E000735,0.5
E000736,0.5
E000739,0.5
E000742,0.5
E000744,0.5
E000746,0.5
E000747,0.5
E000750,0.5
E000751,0.5
E000753,0.5
E000754,0.5
E000756,0.5
E000757,0.5
E000758,0.5
E000761,0.5
E000763,0.5
E000772,0.5
E000773,0.5
E000775,0.5
E000776,0.5
E000778,0.5
E000779,0.5
E000780,0.5
E000781,0.5
E000782,0.5
E000784,0.5
E000785,0.5
E000786,0.5
E000787,0.5
E000791,0.5
E000792,0.5
E000793,0.5
E000794,0.5
E000795,0.5
E000797,0.5
E000799,0.5
E000800,0.5
E000802,0.5
E000804,0.5
E000805,0.5
E000808,0.5
E000811,0.5
E000814,0.5
E000815,0.5
E000816,0.5
E000818,0.5
E000822,0.5
E000823,0.5
E000829,0.5
E000832,0.5
E000833,0.5
E000836,0.5
E000837,0.5
E000841,0.5
E000843,0.5
E000844,0.5
E000855,0.5
E000856,0.5
E000861,0.5
E000862,0.5
E000864,0.5
E000865,0.5
E000866,0.5
E000868,0.5
E000870,0.5
E000872,0.5
E000873,0.5
E000874,0.5
E000875,0.5
E000876,0.5
E000877,0.5
E000880,0.5
E000881,0.5
E000882,0.5
E000884,0.5
E000885,0.5
E000886,0.5
E000889,0.5
E000890,0.5
E000899,0.5
E000909,0.5
E000910,0.5
E000912,0.5
E000913,0.5
E000915,0.5
E000916,0.5
E000917,0.5
E000918,0.5
E000919,0.5
E000920,0.5
E000922,0.5
E000923,0.5
E000925,0.5
E000927,0.5
E000934,0.5
E000937,0.5
E000939,0.5
E000940,0.5
E000941,0.5
E000942,0.5
E000943,0.5
E000946,0.5
E000949,0.5
E000953,0.5
E000954,0.5
E000955,0.5
E000956,0.5
E000957,0.5
E000958,0.5
E000959,0.5
E000960,0.5
E000966,0.5
E000970,0.5
E000979,0.5
E000982,0.5
E000983,0.5
E000985,0.5
E000986,0.5
E000987,0.5
E000988,0.5
E000990,0.5
E000993,0.5
E000998,0.5
E000999,0.5
E001001,0.5
E001004,0.5
E001005,0.5
E001006,0.5
E001007,0.5
E001009,0.5
E001011,0.5
E001012,0.5
E001013,0.5
E001015,0.5
E001016,0.5
E001017,0.5
E001018,0.5
E001019,0.5
E001020,0.5
E001021,0.5
E001023,0.5
E001026,0.5
E001029,0.5
E001030,0.5
E001031,0.5
E001032,0.5
E001033,0.5
E001035,0.5
E001036,0.5
E001039,0.5
E001040,0.5
E001042,0.5
E001043,0.5
E001045,0.5
E001047,0.5
E001052,0.5
E001053,0.5
E001054,0.5
E001056,0.5
E001058,0.5
E001062,0.5
E001063,0.5
E001064,0.5
E001067,0.5
E001068,0.5
E001069,0.5
E001075,0.5
E001076,0.5
E001077,0.5
E001078,0.5
E001080,0.5
E001082,0.5
E001085,0.5
E001089,0.5
E001091,0.5
E001092,0.5
E001093,0.5
E001094,0.5
E001095,0.5
E001097,0.5
E001099,0.5
E001100,0.5
E001103,0.5
E001104,0.5
E001108,0.5
E001109,0.5
E001111,0.5
E001112,0.5
E001115,0.5
E001116,0.5
E001117,0.5
E001121,0.5
E001122,0.5
E001131,0.5
E001132,0.5
E001136,0.5
E001141,0.5
E001142,0.5
E001143,0.5
E001145,0.5
E001147,0.5
E001148,0.5
E001151,0.5
E001154,0.5
E001156,0.5
E001158,0.5
E001159,0.5
E001160,0.5
E001163,0.5
E001164,0.5
E001166,0.5
E001170,0.5
E001173,0.5
E001174,0.5
E001177,0.5
E001178,0.5
E001180,0.5
E001181,0.5
E001185,0.5
E001186,0.5
E001187,0.5
E001188,0.5
E001194,0.5
E001195,0.5
E001197,0.5
E001199,0.5
E001202,0.5
E001203,0.5
E001204,0.5
E001205,0.5
E001206,0.5
E001209,0.5
E001212,0.5
E001213,0.5
E001217,0.5
E001218,0.5
E001220,0.5
E001222,0.5
E001224,0.5
E001225,0.5
E001227,0.5
E001230,0.5
E001231,0.5
E001234,0.5
E001237,0.5
E001238,0.5
E001239,0.5
E001241,0.5
E001243,0.5
E001244,0.5
E001247,0.5
E001250,0.5
E001251,0.5
E001254,0.5
E001255,0.5
E001256,0.5
E001257,0.5
E001259,0.5
E001261,0.5
E001263,0.5
E001265,0.5
E001266,0.5
E001267,0.5
E001269,0.5
E001271,0.5
E001273,0.5
E001274,0.5
E001275,0.5
E001277,0.5
E001279,0.5
E001280,0.5
E001285,0.5
E001286,0.5
E001291,0.5
E001292,0.5
E001293,0.5
E001294,0.5
E001298,0.5
E001300,0.5
E001302,0.5
E001303,0.5
E001308,0.5
E001310,0.5
E001311,0.5
E001313,0.5
E001314,0.5
E001315,0.5
E001318,0.5
E001319,0.5
E001321,0.5
E001322,0.5
E001323,0.5
E001327,0.5
E001331,0.5
E001332,0.5
E001333,0.5
E001334,0.5
E001339,0.5
E001342,0.5
E001343,0.5
E001344,0.5
E001346,0.5
E001348,0.5
E001350,0.5
E001352,0.5
E001353,0.5
E001356,0.5
E001357,0.5
E001360,0.5
E001361,0.5
E001362,0.5
E001363,0.5
E001364,0.5
E001365,0.5
E001366,0.5
E001370,0.5
E001372,0.5
E001373,0.5
E001374,0.5
E001383,0.5
E001385,0.5
E001388,0.5
E001391,0.5
E001392,0.5
E001393,0.5
E001398,0.5
E001400,0.5
E001401,0.5
E001405,0.5
E001408,0.5
E001409,0.5
E001412,0.5
E001413,0.5
E001414,0.5
E001415,0.5
E001416,0.5
E001422,0.5
E001423,0.5
E001427,0.5
E001431,0.5
E001432,0.5
E001433,0.5
E001434,0.5
E001437,0.5
E001438,0.5
E001439,0.5
E001443,0.5
E001445,0.5
E001446,0.5
E001447,0.5
E001449,0.5
E001450,0.5
E001454,0.5
E001458,0.5
E001460,0.5
E001464,0.5
E001467,0.5
E001468,0.5
E001470,0.5
E001471,0.5
E001472,0.5
E001475,0.5
E001476,0.5
E001481,0.5
E001486,0.5
E001489,0.5
E001491,0.5
E001496,0.5
E001497,0.5
E001499,0.5
E001501,0.5
E001503,0.5
E001505,0.5
E001510,0.5
E001511,0.5
E001512,0.5
E001513,0.5
E001514,0.5
E001516,0.5
E001517,0.5
E001518,0.5
E001519,0.5
E001520,0.5
E001523,0.5
E001524,0.5
E001525,0.5
E001527,0.5
E001530,0.5
E001533,0.5
E001534,0.5
E001535,0.5
E001538,0.5
E001539,0.5
E001545,0.5
E001546,0.5
E001550,0.5
E001551,0.5
E001556,0.5
E001558,0.5
E001564,0.5
E001565,0.5
E001568,0.5
E001570,0.5
E001571,0.5
E001573,0.5
E001574,0.5
E001575,0.5
E001576,0.5
E001577,0.5
E001580,0.5
E001581,0.5
E001582,0.5
E001583,0.5
E001584,0.5
E001586,0.5
E001590,0.5
E001593,0.5
E001596,0.5
E001599,0.5
E001603,0.5
E001607,0.5
E001609,0.5
E001613,0.5
E001616,0.5
E001617,0.5
E001620,0.5
E001622,0.5
E001626,0.5
E001627,0.5
E001629,0.5
E001630,0.5
E001631,0.5
E001633,0.5
E001634,0.5
E001637,0.5
E001639,0.5
E001640,0.5
E001647,0.5
E001648,0.5
E001655,0.5
E001656,0.5
E001657,0.5
E001659,0.5
E001660,0.5
E001661,0.5
E001662,0.5
E001664,0.5
E001665,0.5
E001670,0.5
E001672,0.5
E001675,0.5
E001676,0.5
E001677,0.5
E001678,0.5
E001680,0.5
E001683,0.5
E001685,0.5
E001688,0.5
E001689,0.5
E001690,0.5
E001691,0.5
E001692,0.5
E001693,0.5
E001694,0.5
E001698,0.5
E001699,0.5
E001700,0.5
E001703,0.5
E001705,0.5
E001706,0.5
E001708,0.5
E001710,0.5
E001712,0.5
E001717,0.5
E001718,0.5
E001721,0.5
E001722,0.5
E001723,0.5
E001725,0.5
E001726,0.5
E001730,0.5
E001731,0.5
E001733,0.5
E001734,0.5
E001736,0.5
E001741,0.5
E001743,0.5
E001745,0.5
E001746,0.5
E001747,0.5
E001748,0.5
E001749,0.5
E001750,0.5
E001756,0.5
E001757,0.5
E001758,0.5
E001760,0.5
E001761,0.5
E001762,0.5
E001763,0.5
E001764,0.5
E001766,0.5
E001768,0.5
E001769,0.5
E001774,0.5
E001775,0.5
E001777,0.5
E001780,0.5
E001781,0.5
E001783,0.5
E001788,0.5
E001789,0.5
E001792,0.5
E001793,0.5
E001796,0.5
E001797,0.5
E001802,0.5
E001803,0.5
E001806,0.5
E001807,0.5
E001811,0.5
E001813,0.5
E001817,0.5
E001819,0.5
E001820,0.5
E001824,0.5
E001825,0.5
E001827,0.5
E001830,0.5
E001834,0.5
E001835,0.5
E001836,0.5
E001839,0.5
E001840,0.5
E001842,0.5
E001846,0.5
E001848,0.5
E001849,0.5
E001851,0.5
E001854,0.5
E001857,0.5
E001858,0.5
E001859,0.5
E001860,0.5
E001862,0.5
E001869,0.5
E001870,0.5
E001871,0.5
E001872,0.5
E001873,0.5
E001875,0.5
E001876,0.5
E001880,0.5
E001881,0.5
E001884,0.5
E001885,0.5
E001888,0.5
E001889,0.5
E001896,0.5
E001898,0.5
E001899,0.5
E001901,0.5
E001903,0.5
E001909,0.5
E001910,0.5
E001911,0.5
E001916,0.5
E001917,0.5
E001918,0.5
E001922,0.5
E001923,0.5
E001924,0.5
E001925,0.5
E001926,0.5
E001927,0.5
E001928,0.5
E001930,0.5
E001931,0.5
E001933,0.5
E001935,0.5
E001937,0.5
E001938,0.5
E001940,0.5
E001942,0.5
E001945,0.5
E001951,0.5
E001952,0.5
E001953,0.5
E001954,0.5
E001957,0.5
E001958,0.5
E001959,0.5
E001960,0.5
E001962,0.5
E001964,0.5
E001965,0.5
E001968,0.5
E001971,0.5
E001972,0.5
E001973,0.5
E001975,0.5
E001983,0.5
E001984,0.5
E001985,0.5
E001994,0.5
E001995,0.5
E001996,0.5
E001997,0.5
E001998,0.5
E001999,0.5
E002001,0.5
E002005,0.5
E002007,0.5
E002008,0.5
E002009,0.5
E002013,0.5
E002014,0.5
E002016,0.5
E002020,0.5
E002026,0.5
E002027,0.5
E002036,0.5
E002040,0.5
E002041,0.5
E002042,0.5
E002043,0.5
E002045,0.5
E002046,0.5
E002048,0.5
E002050,0.5
E002051,0.5
E002054,0.5
E002055,0.5
E002057,0.5
E002058,0.5
E002059,0.5
E002060,0.5
E002062,0.5
E002063,0.5
E002064,0.5
E002065,0.5
E002069,0.5
E002070,0.5
E002072,0.5
E002073,0.5
E002074,0.5
E002075,0.5
E002078,0.5
E002081,0.5
E002086,0.5
E002091,0.5
E002093,0.5
E002095,0.5
E002096,0.5
E002098,0.5
E002099,0.5
E002100,0.5
E002102,0.5
E002103,0.5
E002105,0.5
E002107,0.5
E002108,0.5
E002111,0.5
E002114,0.5
E002116,0.5
E002118,0.5
E002119,0.5
E002121,0.5
E002122,0.5
E002124,0.5
E002125,0.5
E002131,0.5
E002132,0.5
E002133,0.5
E002134,0.5
E002137,0.5
E002140,0.5
E002141,0.5
E002143,0.5
E002145,0.5
E002146,0.5
E002149,0.5
E002150,0.5
E002153,0.5
E002154,0.5
E002156,0.5
E002158,0.5
E002159,0.5
E002160,0.5
E002161,0.5
E002162,0.5
E002163,0.5
E002165,0.5
E002170,0.5
E002174,0.5
E002175,0.5
E002177,0.5
E002179,0.5
E002180,0.5
E002182,0.5
E002183,0.5
E002187,0.5
E002190,0.5
E002191,0.5
E002192,0.5
E002193,0.5
E002194,0.5
E002196,0.5
E002197,0.5
E002198,0.5
E002200,0.5
E002208,0.5
E002209,0.5
E002215,0.5
E002216,0.5
E002217,0.5
E002218,0.5
E002222,0.5
E002225,0.5
E002230,0.5
E002233,0.5
E002241,0.5
E002242,0.5
E002243,0.5
E002245,0.5
E002246,0.5
E002248,0.5
E002250,0.5
E002251,0.5
E002253,0.5
E002254,0.5
E002255,0.5
E002256,0.5
E002257,0.5
E002258,0.5
E002263,0.5
E002265,0.5
E002268,0.5
E002270,0.5
E002273,0.5
E002277,0.5
E002278,0.5
E002279,0.5
E002280,0.5
E002281,0.5
E002283,0.5
E002285,0.5
E002286,0.5
E002288,0.5
E002290,0.5
E002292,0.5
E002293,0.5
E002294,0.5
E002296,0.5
E002297,0.5
E002298,0.5
E002303,0.5
E002306,0.5
E002308,0.5
E002310,0.5
E002315,0.5
E002317,0.5
E002318,0.5
E002319,0.5
E002320,0.5
E002321,0.5
E002322,0.5
E002323,0.5
E002324,0.5
E002325,0.5
E002327,0.5
E002328,0.5
E002331,0.5
E002334,0.5
E002336,0.5
E002337,0.5
E002342,0.5
E002343,0.5
E002345,0.5
E002348,0.5
E002351,0.5
E002355,0.5
E002357,0.5
E002358,0.5
E002362,0.5
E002365,0.5
E002368,0.5
E002371,0.5
E002372,0.5
E002376,0.5
E002377,0.5
E002380,0.5
E002383,0.5
E002390,0.5
E002393,0.5
E002396,0.5
E002398,0.5
E002400,0.5
E002402,0.5
E002403,0.5
E002405,0.5
E002406,0.5
E002409,0.5
E002413,0.5
E002414,0.5
E002416,0.5
E002420,0.5
E002421,0.5
E002423,0.5
E002427,0.5
E002430,0.5
E002431,0.5
E002432,0.5
E002434,0.5
E002436,0.5
E002438,0.5
E002442,0.5
E002444,0.5
E002450,0.5
E002451,0.5
E002453,0.5
E002454,0.5
E002455,0.5
E002457,0.5
E002458,0.5
E002463,0.5
E002464,0.5
E002466,0.5
E002469,0.5
E002473,0.5
E002474,0.5
E002477,0.5
E002479,0.5
E002483,0.5
E002484,0.5
E002485,0.5
E002488,0.5
E002489,0.5
E002492,0.5
E002493,0.5
E002497,0.5
E002499,0.5
E002500,0.5
E002501,0.5
E002502,0.5
E002503,0.5
E002507,0.5
E002509,0.5
E002511,0.5
E002513,0.5
E002518,0.5
E002519,0.5
E002525,0.5
E002528,0.5
E002529,0.5
E002531,0.5
E002535,0.5
E002538,0.5
E002539,0.5
E002542,0.5
E002544,0.5
E002545,0.5
E002549,0.5
E002551,0.5
E002552,0.5
E002553,0.5
E002554,0.5
E002555,0.5
E002558,0.5
E002559,0.5
E002567,0.5
E002568,0.5
E002571,0.5
E002573,0.5
E002575,0.5
E002576,0.5
E002577,0.5
E002579,0.5
E002581,0.5
E002584,0.5
E002586,0.5
E002590,0.5
E002596,0.5
E002600,0.5
E002601,0.5
E002610,0.5
E002612,0.5
E002613,0.5
E002619,0.5
E002622,0.5
E002623,0.5
E002624,0.5
E002625,0.5
E002629,0.5
E002630,0.5
E002631,0.5
E002632,0.5
E002633,0.5
E002636,0.5
E002639,0.5
E002641,0.5
E002642,0.5
E002643,0.5
E002644,0.5
E002645,0.5
E002646,0.5
E002647,0.5
E002648,0.5
E002651,0.5
E002652,0.5
E002655,0.5
E002656,0.5
E002657,0.5
E002658,0.5
E002659,0.5
E002665,0.5
E002667,0.5
E002670,0.5
E002672,0.5
E002673,0.5
E002682,0.5
E002683,0.5
E002686,0.5
E002692,0.5
E002696,0.5
E002700,0.5
E002701,0.5
E002702,0.5
E002703,0.5
E002704,0.5
E002705,0.5
E002707,0.5
E002711,0.5
E002712,0.5
E002716,0.5
E002717,0.5
E002721,0.5
E002723,0.5
E002724,0.5
E002726,0.5
E002729,0.5
E002735,0.5
E002736,0.5
E002737,0.5
E002738,0.5
E002741,0.5
E002742,0.5
E002743,0.5
E002745,0.5
E002746,0.5
E002749,0.5
E002751,0.5
E002754,0.5
E002757,0.5
E002758,0.5
E002759,0.5
E002760,0.5
E002764,0.5
E002766,0.5
E002768,0.5
E002773,0.5
E002777,0.5
E002784,0.5
E002785,0.5
E002788,0.5
E002790,0.5
E002791,0.5
E002792,0.5
E002793,0.5
E002794,0.5
E002796,0.5
E002797,0.5
E002800,0.5
E002801,0.5
E002803,0.5
E002804,0.5
E002805,0.5
E002808,0.5
E002810,0.5
E002811,0.5
E002812,0.5
E002815,0.5
E002816,0.5
E002817,0.5
E002818,0.5
E002820,0.5
E002824,0.5
E002826,0.5
E002830,0.5
E002837,0.5
E002839,0.5
E002844,0.5
E002845,0.5
E002846,0.5
E002849,0.5
E002850,0.5
E002851,0.5
E002853,0.5
E002855,0.5
E002856,0.5
E002857,0.5
E002859,0.5
E002861,0.5
E002862,0.5
E002864,0.5
E002865,0.5
E002866,0.5
E002867,0.5
E002868,0.5
E002873,0.5
E002875,0.5
E002877,0.5
E002878,0.5
E002879,0.5
E002880,0.5
E002883,0.5
E002884,0.5
E002885,0.5
E002887,0.5
E002890,0.5
E002893,0.5
E002895,0.5
E002896,0.5
E002897,0.5
E002901,0.5
E002903,0.5
E002905,0.5
E002908,0.5
E002909,0.5
E002912,0.5
E002913,0.5
E002916,0.5
E002917,0.5
E002918,0.5
E002919,0.5
E002920,0.5
E002923,0.5
E002925,0.5
E002927,0.5
E002928,0.5
E002930,0.5
E002933,0.5
E002939,0.5
E002942,0.5
E002943,0.5
E002944,0.5
E002945,0.5
E002947,0.5
E002949,0.5
E002950,0.5
E002951,0.5
E002954,0.5
E002956,0.5
E002957,0.5
E002958,0.5
E002964,0.5
E002970,0.5
E002971,0.5
E002974,0.5
E002977,0.5
E002978,0.5
E002979,0.5
E002980,0.5
E002981,0.5
E002989,0.5
E002991,0.5
E002992,0.5
E002993,0.5
E002996,0.5
E002997,0.5
E002998,0.5
E003002,0.5
E003005,0.5
E003009,0.5
E003010,0.5
E003012,0.5
E003017,0.5
E003018,0.5
E003020,0.5
E003023,0.5
E003029,0.5
E003033,0.5
E003036,0.5
E003037,0.5
E003038,0.5
E003040,0.5
E003042,0.5
E003046,0.5
E003047,0.5
E003048,0.5
E003049,0.5
E003050,0.5
E003052,0.5
E003053,0.5
E003055,0.5
E003056,0.5
E003057,0.5
E003059,0.5
E003061,0.5
E003062,0.5
E003066,0.5
E003070,0.5
E003072,0.5
E003073,0.5
E003076,0.5
E003078,0.5
E003079,0.5
E003080,0.5
E003089,0.5
E003090,0.5
E003091,0.5
E003092,0.5
E003093,0.5
E003094,0.5
E003097,0.5
E003102,0.5
E003108,0.5
E003110,0.5
E003112,0.5
E003115,0.5
E003117,0.5
E003118,0.5
E003120,0.5
E003121,0.5
E003132,0.5
E003135,0.5
E003138,0.5
E003140,0.5
E003145,0.5
E003151,0.5
E003152,0.5
E003153,0.5
E003154,0.5
E003159,0.5
E003160,0.5
E003161,0.5
E003163,0.5
E003164,0.5
E003165,0.5
E003166,0.5
E003167,0.5
E003168,0.5
E003169,0.5
E003170,0.5
E003173,0.5
E003178,0.5
E003179,0.5
E003182,0.5
E003184,0.5
E003189,0.5
E003191,0.5
E003194,0.5
E003197,0.5
E003200,0.5
E003201,0.5
E003203,0.5
E003208,0.5
E003209,0.5
E003212,0.5
E003214,0.5
E003215,0.5
E003216,0.5
E003217,0.5
E003219,0.5
E003222,0.5
E003229,0.5
E003237,0.5
E003242,0.5
E003243,0.5
E003245,0.5
E003246,0.5
E003248,0.5
E003249,0.5
E003252,0.5
E003256,0.5
E003257,0.5
E003260,0.5
E003263,0.5
E003265,0.5
E003268,0.5
E003269,0.5
E003270,0.5
E003277,0.5
E003278,0.5
E003279,0.5
E003284,0.5
E003285,0.5
E003286,0.5
E003287,0.5
E003290,0.5
E003291,0.5
E003295,0.5
E003296,0.5
E003298,0.5
E003301,0.5
E003304,0.5
E003305,0.5
E003306,0.5
E003308,0.5
E003309,0.5
E003310,0.5
E003313,0.5
E003315,0.5
E003325,0.5
E003328,0.5
E003331,0.5
E003332,0.5
E003334,0.5
E003335,0.5
E003336,0.5
E003339,0.5
E003342,0.5
E003343,0.5
E003349,0.5
E003350,0.5
E003351,0.5
E003352,0.5
E003353,0.5
E003354,0.5
E003359,0.5
E003361,0.5
E003362,0.5
E003365,0.5
E003368,0.5
E003369,0.5
E003374,0.5
E003379,0.5
E003381,0.5
E003389,0.5
E003390,0.5
E003396,0.5
E003398,0.5
E003400,0.5
E003401,0.5
E003403,0.5
E003405,0.5
E003408,0.5
E003411,0.5
E003413,0.5
E003419,0.5
E003420,0.5
E003421,0.5
E003424,0.5
E003425,0.5
E003426,0.5
E003429,0.5
E003430,0.5
E003433,0.5
E003434,0.5
E003439,0.5
E003440,0.5
E003446,0.5
E003449,0.5
E003450,0.5
E003456,0.5
E003458,0.5
E003459,0.5
E003463,0.5
E003465,0.5
E003470,0.5
E003476,0.5
E003482,0.5
E003485,0.5
E003487,0.5
E003488,0.5
E003491,0.5
E003493,0.5
E003497,0.5
E003499,0.5
E003500,0.5
E003501,0.5
E003504,0.5
E003509,0.5
E003510,0.5
E003511,0.5
E003513,0.5
E003515,0.5
E003518,0.5
E003519,0.5
E003520,0.5
E003521,0.5
E003523,0.5
E003530,0.5
E003531,0.5
E003534,0.5
E003535,0.5
E003536,0.5
E003539,0.5
E003543,0.5
E003546,0.5
E003549,0.5
E003553,0.5
E003555,0.5
E003557,0.5
E003558,0.5
E003561,0.5
E003562,0.5
E003563,0.5
E003564,0.5
E003567,0.5
E003570,0.5
E003575,0.5
E003576,0.5
E003578,0.5
E003580,0.5
E003581,0.5
E003582,0.5
E003584,0.5
E003585,0.5
E003586,0.5
E003588,0.5
E003590,0.5
E003593,0.5
E003598,0.5
E003600,0.5
E003601,0.5
E003605,0.5
E003608,0.5
E003609,0.5
E003613,0.5
E003614,0.5
E003615,0.5
E003616,0.5
E003619,0.5
E003620,0.5
E003623,0.5
E003625,0.5
E003627,0.5
E003630,0.5
E003632,0.5
E003635,0.5
E003636,0.5
E003637,0.5
E003639,0.5
E003640,0.5
E003649,0.5
E003651,0.5
E003652,0.5
E003653,0.5
E003656,0.5
E003658,0.5
E003662,0.5
E003663,0.5
E003664,0.5
E003667,0.5
E003669,0.5
E003670,0.5
E003672,0.5
E003680,0.5
E003682,0.5
E003684,0.5
E003685,0.5
E003686,0.5
E003687,0.5
E003689,0.5
E003690,0.5
E003691,0.5
E003693,0.5
E003696,0.5
E003697,0.5
E003699,0.5
E003700,0.5
E003706,0.5
E003707,0.5
E003708,0.5
E003712,0.5
E003713,0.5
E003715,0.5
E003718,0.5
E003720,0.5
E003721,0.5
E003722,0.5
E003723,0.5
E003726,0.5
E003730,0.5
E003731,0.5
E003735,0.5
E003737,0.5
E003738,0.5
E003740,0.5
E003741,0.5
E003745,0.5
E003746,0.5
E003747,0.5
E003749,0.5
E003756,0.5
E003758,0.5
E003759,0.5
E003762,0.5
E003763,0.5
E003764,0.5
E003765,0.5
E003766,0.5
E003768,0.5
E003769,0.5
E003771,0.5
E003772,0.5
E003774,0.5
E003775,0.5
E003777,0.5
E003778,0.5
E003779,0.5
E003780,0.5
E003781,0.5
E003782,0.5
E003785,0.5
E003786,0.5
E003788,0.5
E003789,0.5
E003790,0.5
E003793,0.5
E003795,0.5
E003797,0.5
E003799,0.5
E003802,0.5
E003808,0.5
E003809,0.5
E003810,0.5
E003812,0.5
E003814,0.5
E003815,0.5
E003821,0.5
E003822,0.5
E003823,0.5
E003824,0.5
E003825,0.5
E003826,0.5
E003827,0.5
E003828,0.5
E003829,0.5
E003830,0.5
E003831,0.5
E003832,0.5
E003833,0.5
E003837,0.5
E003838,0.5
E003844,0.5
E003845,0.5
E003848,0.5
E003849,0.5
E003850,0.5
E003851,0.5
E003852,0.5
E003854,0.5
E003858,0.5
E003859,0.5
E003860,0.5
E003861,0.5
E003865,0.5
E003868,0.5
E003871,0.5
E003872,0.5
E003875,0.5
E003876,0.5
E003878,0.5
E003880,0.5
E003881,0.5
E003884,0.5
E003885,0.5
E003887,0.5
E003891,0.5
E003893,0.5
E003894,0.5
E003895,0.5
E003897,0.5
E003899,0.5
E003904,0.5
E003909,0.5
E003910,0.5
E003911,0.5
E003912,0.5
E003913,0.5
E003914,0.5
E003918,0.5
E003920,0.5
E003921,0.5
E003922,0.5
E003926,0.5
E003928,0.5
E003930,0.5
E003934,0.5
E003939,0.5
E003941,0.5
E003943,0.5
E003944,0.5
E003945,0.5
E003946,0.5
E003948,0.5
E003950,0.5
E003951,0.5
E003953,0.5
E003954,0.5
E003955,0.5
E003960,0.5
E003964,0.5
E003965,0.5
E003966,0.5
E003969,0.5
E003970,0.5
E003973,0.5
E003979,0.5
E003980,0.5
E003982,0.5
E003983,0.5
E003984,0.5
E003986,0.5
E003988,0.5
E003991,0.5
E003992,0.5
E003995,0.5
E003996,0.5
E004004,0.5
E004006,0.5
E004009,0.5
E004011,0.5
E004012,0.5
E004013,0.5
E004015,0.5
E004016,0.5
E004017,0.5
E004018,0.5
E004019,0.5
E004020,0.5
E004023,0.5
E004025,0.5
E004031,0.5
E004033,0.5
E004035,0.5
E004038,0.5
E004039,0.5
E004041,0.5
E004043,0.5
E004046,0.5
E004049,0.5
E004050,0.5
E004057,0.5
E004058,0.5
E004063,0.5
E004064,0.5
E004065,0.5
E004070,0.5
E004071,0.5
E004072,0.5
E004075,0.5
E004076,0.5
E004078,0.5
E004079,0.5
E004080,0.5
E004083,0.5
E004084,0.5
E004085,0.5
E004088,0.5
E004093,0.5
E004094,0.5
E004096,0.5
E004101,0.5
E004102,0.5
E004103,0.5
E004106,0.5
E004107,0.5
E004115,0.5
E004116,0.5
E004118,0.5
E004119,0.5
E004120,0.5
E004122,0.5
E004124,0.5
E004125,0.5
E004126,0.5
E004127,0.5
E004128,0.5
E004130,0.5
E004131,0.5
E004132,0.5
E004133,0.5
E004135,0.5
E004136,0.5
E004138,0.5
E004139,0.5
E004140,0.5
E004141,0.5
E004143,0.5
E004144,0.5
E004146,0.5
E004155,0.5
E004163,0.5
E004165,0.5
E004167,0.5
E004171,0.5
E004173,0.5
E004178,0.5
E004179,0.5
E004183,0.5
E004184,0.5
E004185,0.5
E004187,0.5
E004189,0.5
E004190,0.5
E004191,0.5
E004192,0.5
E004193,0.5
E004197,0.5
E004204,0.5
E004208,0.5
E004209,0.5
E004213,0.5
E004214,0.5
E004219,0.5
E004227,0.5
E004230,0.5
E004233,0.5
E004234,0.5
E004241,0.5
E004243,0.5
E004244,0.5
E004245,0.5
E004246,0.5
E004247,0.5
E004248,0.5
E004249,0.5
E004251,0.5
E004252,0.5
E004253,0.5
E004254,0.5
E004256,0.5
E004257,0.5
E004262,0.5
E004263,0.5
E004265,0.5
E004269,0.5
E004272,0.5
E004273,0.5
E004276,0.5
E004278,0.5
E004281,0.5
E004283,0.5
E004285,0.5
E004289,0.5
E004290,0.5
E004291,0.5
E004296,0.5
E004297,0.5
E004299,0.5
E004300,0.5
E004301,0.5
E004303,0.5
E004304,0.5
E004307,0.5
E004309,0.5
E004310,0.5
E004316,0.5
E004317,0.5
E004318,0.5
E004320,0.5
E004324,0.5
E004326,0.5
E004330,0.5
E004332,0.5
E004333,0.5
E004335,0.5
E004343,0.5
E004344,0.5
E004346,0.5
E004348,0.5
E004353,0.5
E004355,0.5
E004356,0.5
E004357,0.5
E004358,0.5
E004359,0.5
E004360,0.5
E004361,0.5
E004364,0.5
E004367,0.5
E004369,0.5
E004372,0.5
E004379,0.5
E004380,0.5
E004381,0.5
E004383,0.5
E004384,0.5
E004386,0.5
E004387,0.5
E004393,0.5
E004394,0.5
E004395,0.5
E004397,0.5
E004399,0.5
E004400,0.5
E004407,0.5
E004408,0.5
E004410,0.5
E004412,0.5
E004413,0.5
E004416,0.5
E004417,0.5
E004418,0.5
E004425,0.5
E004427,0.5
E004428,0.5
E004429,0.5
E004432,0.5
E004433,0.5
E004438,0.5
E004441,0.5
E004442,0.5
E004444,0.5
E004446,0.5
E004447,0.5
E004448,0.5
E004449,0.5
E004453,0.5
E004454,0.5
E004457,0.5
E004460,0.5
E004463,0.5
E004465,0.5
E004466,0.5
E004468,0.5
E004472,0.5
E004480,0.5
E004481,0.5
E004482,0.5
E004486,0.5
E004487,0.5
E004491,0.5
E004492,0.5
E004493,0.5
E004494,0.5
E004495,0.5
E004497,0.5
E004500,0.5
E004501,0.5
E004503,0.5
E004508,0.5
E004510,0.5
E004513,0.5
E004517,0.5
E004518,0.5
E004519,0.5
E004521,0.5
E004523,0.5
E004526,0.5
E004530,0.5
E004531,0.5
E004532,0.5
E004533,0.5
E004535,0.5
E004537,0.5
E004548,0.5
E004552,0.5
E004555,0.5
E004558,0.5
E004559,0.5
E004560,0.5
E004561,0.5
E004563,0.5
E004564,0.5
E004566,0.5
E004570,0.5
E004574,0.5
E004577,0.5
E004578,0.5
E004579,0.5
E004582,0.5
E004583,0.5
E004585,0.5
E004586,0.5
E004591,0.5
E004592,0.5
E004594,0.5
E004597,0.5
E004598,0.5
E004599,0.5
E004601,0.5
E004604,0.5
E004608,0.5
E004609,0.5
E004610,0.5
E004611,0.5
E004612,0.5
E004613,0.5
E004615,0.5
E004617,0.5
E004620,0.5
E004622,0.5
E004625,0.5
E004629,0.5
E004634,0.5
E004636,0.5
E004637,0.5
E004640,0.5
E004644,0.5
E004645,0.5
E004646,0.5
E004647,0.5
E004651,0.5
E004654,0.5
E004655,0.5
E004658,0.5
E004664,0.5
E004665,0.5
E004666,0.5
E004670,0.5
E004674,0.5
E004675,0.5
E004676,0.5
E004681,0.5
E004685,0.5
E004688,0.5
E004689,0.5
E004690,0.5
E004693,0.5
E004696,0.5
E004697,0.5
E004701,0.5
E004702,0.5
E004703,0.5
E004704,0.5
E004706,0.5
E004707,0.5
E004708,0.5
E004709,0.5
E004712,0.5
E004716,0.5
E004718,0.5
E004725,0.5
E004726,0.5
E004727,0.5
E004729,0.5
E004732,0.5
E004733,0.5
E004737,0.5
E004739,0.5
E004740,0.5
E004741,0.5
E004742,0.5
E004743,0.5
E004745,0.5
E004746,0.5
E004750,0.5
E004755,0.5
E004758,0.5
E004759,0.5
E004760,0.5
E004769,0.5
E004770,0.5
E004771,0.5
E004772,0.5
E004780,0.5
E004781,0.5
E004782,0.5
E004783,0.5
E004784,0.5
E004786,0.5
E004787,0.5
E004788,0.5
E004792,0.5
E004795,0.5
E004796,0.5
E004798,0.5
E004799,0.5
E004800,0.5
E004802,0.5
E004803,0.5
E004804,0.5
E004807,0.5
E004809,0.5
E004812,0.5
E004813,0.5
E004814,0.5
E004816,0.5
E004817,0.5
E004819,0.5
E004824,0.5
E004826,0.5
E004827,0.5
E004828,0.5
E004830,0.5
E004833,0.5
E004835,0.5
E004837,0.5
E004838,0.5
E004839,0.5
E004841,0.5
E004844,0.5
E004845,0.5
E004846,0.5
E004849,0.5
E004850,0.5
E004851,0.5
E004852,0.5
E004854,0.5
E004858,0.5
E004859,0.5
E004860,0.5
E004862,0.5
E004863,0.5
E004865,0.5
E004867,0.5
E004868,0.5
E004874,0.5
E004877,0.5
E004878,0.5
E004881,0.5
E004882,0.5
E004883,0.5
E004884,0.5
E004885,0.5
E004886,0.5
E004888,0.5
E004889,0.5
E004890,0.5
E004892,0.5
E004895,0.5
E004896,0.5
E004898,0.5
E004900,0.5
E004902,0.5
E004903,0.5
E004904,0.5
E004905,0.5
E004908,0.5
E004909,0.5
E004910,0.5
E004913,0.5
E004914,0.5
E004915,0.5
E004920,0.5
E004921,0.5
E004923,0.5
E004925,0.5
E004926,0.5
E004934,0.5
E004936,0.5
E004939,0.5
E004940,0.5
E004941,0.5
E004942,0.5
E004944,0.5
E004945,0.5
E004953,0.5
E004957,0.5
E004959,0.5
E004964,0.5
E004967,0.5
E004969,0.5
E004970,0.5
E004973,0.5
E004979,0.5
E004980,0.5
E004983,0.5
E004987,0.5
E004988,0.5
E004997,0.5
E004999,0.5
E005000,0.5
E005001,0.5
E005002,0.5
E005003,0.5
E005004,0.5
E005009,0.5
E005011,0.5
E005013,0.5
E005017,0.5
E005018,0.5
E005020,0.5
E005021,0.5
E005023,0.5
E005024,0.5
E005028,0.5
E005029,0.5
E005036,0.5
E005037,0.5
E005042,0.5
E005046,0.5
E005052,0.5
E005054,0.5
E005057,0.5
E005058,0.5
E005059,0.5
E005060,0.5
E005061,0.5
E005065,0.5
E005066,0.5
E005067,0.5
E005068,0.5
E005070,0.5
E005072,0.5
E005073,0.5
E005074,0.5
E005075,0.5
E005081,0.5
E005083,0.5
E005084,0.5
E005085,0.5
E005086,0.5
E005089,0.5
E005092,0.5
E005093,0.5
E005097,0.5
E005099,0.5
E005100,0.5
E005101,0.5
E005104,0.5
E005106,0.5
E005110,0.5
E005112,0.5
E005114,0.5
E005115,0.5
E005116,0.5
E005117,0.5
E005122,0.5
E005126,0.5
E005127,0.5
E005129,0.5
E005130,0.5
E005132,0.5
E005134,0.5
E005135,0.5
E005136,0.5
E005137,0.5
E005138,0.5
E005139,0.5
E005143,0.5
E005146,0.5
E005148,0.5
E005150,0.5
E005155,0.5
E005157,0.5
E005158,0.5
E005161,0.5
E005162,0.5
E005163,0.5
E005166,0.5
E005167,0.5
E005169,0.5
E005174,0.5
E005175,0.5
E005177,0.5
E005179,0.5
E005180,0.5
E005182,0.5
E005185,0.5
E005186,0.5
E005187,0.5
E005188,0.5
E005190,0.5
E005192,0.5
E005195,0.5
E005197,0.5
E005198,0.5
E005200,0.5
E005207,0.5
E005208,0.5
E005216,0.5
E005217,0.5
E005220,0.5
E005225,0.5
E005227,0.5
E005229,0.5
E005230,0.5
E005232,0.5
E005233,0.5
E005235,0.5
E005238,0.5
E005239,0.5
E005242,0.5
E005246,0.5
E005249,0.5
E005251,0.5
E005254,0.5
E005255,0.5
E005260,0.5
E005263,0.5
E005265,0.5
E005267,0.5
E005269,0.5
E005270,0.5
E005271,0.5
E005273,0.5
E005277,0.5
E005284,0.5
E005285,0.5
E005289,0.5
E005291,0.5
E005294,0.5
E005295,0.5
E005298,0.5
E005300,0.5
E005308,0.5
E005315,0.5
E005318,0.5
E005319,0.5
E005322,0.5
E005323,0.5
E005324,0.5
E005326,0.5
E005331,0.5
E005332,0.5
E005334,0.5
E005335,0.5
E005340,0.5
E005342,0.5
E005343,0.5
E005344,0.5
E005346,0.5
E005347,0.5
E005350,0.5
E005351,0.5
E005353,0.5
E005355,0.5
E005358,0.5
E005360,0.5
E005361,0.5
E005365,0.5
E005371,0.5
E005372,0.5
E005373,0.5
E005375,0.5
E005377,0.5
E005378,0.5
E005379,0.5
E005380,0.5
E005382,0.5
E005384,0.5
E005385,0.5
E005388,0.5
E005392,0.5
E005397,0.5
E005400,0.5
E005403,0.5
E005404,0.5
E005406,0.5
E005407,0.5
E005408,0.5
E005413,0.5
E005419,0.5
E005421,0.5
E005422,0.5
E005425,0.5
E005427,0.5
E005432,0.5
E005433,0.5
E005434,0.5
E005445,0.5
E005446,0.5
E005447,0.5
E005448,0.5
E005449,0.5
E005451,0.5
E005452,0.5
E005453,0.5
E005455,0.5
E005456,0.5
E005458,0.5
E005464,0.5
E005466,0.5
E005467,0.5
E005470,0.5
E005473,0.5
E005475,0.5
E005480,0.5
E005481,0.5
E005485,0.5
E005488,0.5
E005493,0.5
E005497,0.5
E005498,0.5
E005499,0.5
E005500,0.5
