社員ID,10年定着ラベル
E000002,0.6623492621400247
E000003,0.42357932613539295
E000004,0.5421713811910017
E000006,0.5226861093019383
E000009,0.55869620058562
E000012,0.5188484381436469
E000016,0.4167908375140089
E000017,0.6596147337447353
E000018,0.4232757543052774
E000019,0.4801796805475095
E000020,0.6941787444485039
E000021,0.5442377090461101
E000024,0.5369515251531304
E000028,0.4232757543052774
E000029,0.6390648608400082
E000030,0.6909899326918117
E000032,0.5433447957429942
E000033,0.7369702601602264
E000034,0.6459153744578727
E000035,0.6027729837388418
E000040,0.6022178997909335
E000044,0.5287166812555977
E000046,0.5723616544942407
E000048,0.5418189780374567
E000050,0.8027645492273506
E000051,0.6200907943776236
E000053,0.5188484381436469
E000055,0.43588853515249504
E000056,0.5150693649390756
E000057,0.41685780816680895
E000058,0.8044337648484979
E000061,0.5281430037233834
E000062,0.4398531731402556
E000063,0.457244768044459
E000065,0.43336999940055376
E000067,0.5359434626702023
E000070,0.44324967287333294
E000075,0.802727961943341
E000077,0.5712812696166617
E000080,0.4604706759177154
E000081,0.5295638985220069
E000083,0.5369515251531304
E000084,0.5396912225964586
E000085,0.5236075254133997
E000087,0.43382579901724605
E000089,0.5286419042617445
E000092,0.5238443265244906
E000094,0.4173034448518736
E000097,0.43382579901724605
E000098,0.44066261698124076
E000100,0.3996658724713313
E000101,0.6656999194411906
E000103,0.5980575234572933
E000104,0.6603054433122253
E000107,0.57454835055494
E000108,0.4447173023724724
E000111,0.45965300743209836
E000112,0.7251899711907519
E000116,0.8366625791196016
E000120,0.537732128112154
E000121,0.43422140614616117
E000122,0.6000027002482171
E000124,0.478192452768909
E000125,0.8317423706700025
E000126,0.5308188557767534
E000127,0.48819572152604856
E000128,0.46491948373422065
E000130,0.4859616224524119
E000131,0.5236867371671342
E000137,0.5651202482002342
E000138,0.43336999940055376
E000144,0.6826063041295929
E000146,0.7135409433003597
E000147,0.4996761785736888
E000148,0.5115996415351461
E000150,0.4972887966900923
E000151,0.44066261698124076
E000153,0.5282664418106874
E000154,0.5529798217190177
E000155,0.4329929477231641
E000157,0.45965300743209836
E000159,0.4995330231253652
E000162,0.5124472999557043
E000164,0.44066261698124076
E000166,0.41685780816680895
E000167,0.49399913742056806
E000168,0.8441382773999077
E000169,0.43560359081523137
E000175,0.4156629937164372
E000178,0.7964248459204366
E000181,0.5390436108555934
E000182,0.5650969368230099
E000186,0.4329929477231641
E000187,0.5326962468796816
E000188,0.5396859301151815
E000189,0.5441131852095079
E000191,0.6757519960790082
E000207,0.6380862709218695
E000208,0.45718274187859664
E000209,0.5227257850743044
E000214,0.5477652304355022
E000217,0.5869754062488035
E000218,0.42455323119134747
E000219,0.7026261110835587
E000223,0.49783384165532346
E000227,0.6707783036446471
E000230,0.4338939878294954
E000232,0.6301683251921659
E000234,0.4398531731402556
E000235,0.54146793891119
E000236,0.5182398649925062
E000238,0.5427614431992537
E000242,0.49831273698475176
E000246,0.622504683512477
E000249,0.4338939878294954
E000252,0.6461818604081592
E000253,0.6523174739431742
E000256,0.5683216167184195
E000257,0.5390436108555934
E000262,0.5450059118627889
E000264,0.6186589717306592
E000265,0.6475755031036341
E000269,0.4975730399615131
E000270,0.7278810291696685
E000271,0.6306321951071162
E000272,0.5390436108555934
E000275,0.5658672653818286
E000276,0.5653117934846618
E000277,0.6568695805926987
E000278,0.5369515251531304
E000281,0.6833008327800129
E000282,0.4338939878294954
E000284,0.542235090170532
E000285,0.800135603562776
E000288,0.5369515251531304
E000289,0.4174172546087526
E000291,0.4604706759177154
E000292,0.4971892289809476
E000294,0.6417158734062316
E000295,0.4995330231253652
E000298,0.45718274187859664
E000299,0.7602481865642348
E000301,0.4971892289809476
E000302,0.6117652493123766
E000304,0.43382579901724605
E000315,0.5188484381436469
E000316,0.4329929477231641
E000321,0.5227667603068581
E000323,0.42415837035210135
E000324,0.42357932613539295
E000328,0.43336999940055376
E000331,0.5377501983046593
E000332,0.6672125033328714
E000333,0.4167908375140089
E000337,0.4984159201696441
E000339,0.45965300743209836
E000342,0.6478294904870133
E000343,0.43600292391645795
E000344,0.5442377090461101
E000345,0.4156629937164372
E000346,0.8025420156011079
E000348,0.7752276422047791
E000350,0.48282983045003564
E000352,0.517318982951045
E000359,0.45718274187859664
E000361,0.5186858869325937
E000362,0.5179280322237857
E000363,0.46491948373422065
E000366,0.44124382794077244
E000367,0.5021047685472262
E000368,0.4398531731402556
E000370,0.6247038992546291
E000372,0.5295638985220069
E000373,0.5282664418106874
E000376,0.6434569896005401
E000378,0.5961868208027099
E000379,0.5150693649390756
E000380,0.5496311255773642
E000383,0.5251617260400564
E000384,0.5445221665813246
E000386,0.6763007710935567
E000387,0.641500926106267
E000391,0.43422140614616117
E000394,0.5150693649390756
E000395,0.5290881171238819
E000396,0.6143178760531055
E000402,0.675670654673659
E000405,0.4996761785736888
E000412,0.4640015091969619
E000414,0.5889956066590218
E000415,0.6110354812856924
E000417,0.5976898349784625
E000418,0.4232757543052774
E000420,0.5321213198466547
E000425,0.4338939878294954
E000426,0.42357932613539295
E000427,0.5179280322237857
E000428,0.5289995454122446
E000430,0.6443091117002379
E000432,0.5227257850743044
E000433,0.5419796665922612
E000435,0.580812860633469
E000437,0.6902435284180789
E000438,0.5023054114690937
E000442,0.45718274187859664
E000448,0.4174172546087526
E000451,0.43382579901724605
E000452,0.4156629937164372
E000454,0.4167908375140089
E000456,0.5150693649390756
E000460,0.6464972701274498
E000462,0.5236867371671342
E000472,0.5251119039091655
E000475,0.4996761785736888
E000477,0.4975372968774056
E000478,0.5179280322237857
E000485,0.5592763857761661
E000492,0.5282664418106874
E000493,0.4613884879631429
E000496,0.5295638985220069
E000498,0.7519486933238207
E000499,0.5612984400588165
E000502,0.4613884879631429
E000503,0.478192452768909
E000504,0.6048357730163978
E000511,0.57454835055494
E000513,0.6401698768891012
E000514,0.537732128112154
E000515,0.53904913538681
E000517,0.6519288846527985
E000520,0.5141458369322754
E000525,0.4174172546087526
E000528,0.5238443265244906
E000531,0.44066261698124076
E000536,0.4167908375140089
E000537,0.49872039392029194
E000539,0.5179280322237857
E000542,0.6466321656826468
E000543,0.5529798217190177
E000544,0.5442515580282162
E000547,0.44066261698124076
E000550,0.6523853728599568
E000551,0.6613251727559826
E000552,0.45965300743209836
E000554,0.57454835055494
E000555,0.5183655055007839
E000556,0.5678970782987856
E000557,0.8385534370380118
E000559,0.7893666627793647
E000565,0.4987053452346503
E000567,0.4338939878294954
E000568,0.7973203795488727
E000569,0.4167908375140089
E000573,0.4232757543052774
E000582,0.5182398649925062
E000584,0.4167908375140089
E000587,0.4984159201696441
E000588,0.44124382794077244
E000590,0.57454835055494
E000592,0.5309573077029133
E000595,0.6900235211292802
E000596,0.5970453601456069
E000597,0.5336614979728093
E000599,0.45965300743209836
E000600,0.7835226504039674
E000602,0.5603317435552858
E000604,0.6503578026690667
E000610,0.43336999940055376
E000611,0.536793386017983
E000612,0.4167908375140089
E000613,0.5021047685472262
E000614,0.43382579901724605
E000616,0.5286441378433158
E000617,0.5227257850743044
E000620,0.4174172546087526
E000621,0.581449177137651
E000624,0.6438463427653611
E000625,0.41685780816680895
E000627,0.5727178837417862
E000631,0.47882045461278155
E000632,0.5000539925346887
E000634,0.6910459331451958
E000638,0.41685780816680895
E000639,0.5236867371671342
E000645,0.4604706759177154
E000648,0.6655508642778806
E000649,0.5115996415351461
E000650,0.5188484381436469
E000651,0.7825054958594259
E000652,0.6590615186898101
E000655,0.49828536636957493
E000660,0.43600292391645795
E000661,0.43382579901724605
E000664,0.4232757543052774
E000667,0.5369515251531304
E000668,0.744926433203244
E000671,0.43588853515249504
E000672,0.44451460951212496
E000677,0.5326962468796816
E000679,0.4174172546087526
E000680,0.5889956066590218
E000681,0.4424117842039431
E000683,0.7839781178145776
E000685,0.5445221665813246
E000687,0.5990073565046292
E000690,0.43560359081523137
E000691,0.5183655055007839
E000696,0.49722979834034453
E000698,0.5645708600704004
E000699,0.619888605444385
E000701,0.4757690960006583
E000703,0.42432976151420665
E000706,0.6536180113450587
E000708,0.43560359081523137
E000709,0.5335146023321533
E000711,0.5648389562625711
E000712,0.41685780816680895
E000714,0.45718274187859664
E000717,0.5552361069101451
E000719,0.5348306456808074
E000720,0.5277754675731754
E000722,0.457244768044459
E000723,0.4398531731402556
E000724,0.44066261698124076
E000726,0.46491948373422065
E000727,0.5287643907333195
E000728,0.5712445850297162
E000729,0.4173034448518736
E000732,0.49831273698475176
E000733,0.5378184980068492
E000734,0.5286441378433158
E000735,0.4163364018373663
E000736,0.4185496597922165
E000739,0.4424117842039431
E000742,0.6435307852697879
E000744,0.516087720493041
E000746,0.783769193110663
E000747,0.45965300743209836
E000750,0.528985528358506
E000751,0.6176170120581757
E000753,0.46491948373422065
E000754,0.4640015091969619
E000756,0.43336999940055376
E000757,0.4398531731402556
E000758,0.5648389562625711
E000761,0.57454835055494
E000763,0.6504981956479522
E000772,0.642511934224115
E000773,0.5441131852095079
E000775,0.5226861093019383
E000776,0.55869620058562
E000778,0.5295638985220069
E000779,0.6642568612129494
E000780,0.42415837035210135
E000781,0.7814848649643062
E000782,0.6793733441981782
E000784,0.43600292391645795
E000785,0.6493659148202239
E000786,0.4329929477231641
E000787,0.5236867371671342
E000791,0.6426726902363924
E000792,0.5124472999557043
E000793,0.7957484677485547
E000794,0.6502869415738374
E000795,0.44124382794077244
E000797,0.5150693649390756
E000799,0.4338939878294954
E000800,0.43336999940055376
E000802,0.49445420338193485
E000804,0.5188484381436469
E000805,0.5433447957429942
E000808,0.5247871148534062
E000811,0.646962706590959
E000814,0.6910459331451958
E000815,0.4604706759177154
E000816,0.5025335320964459
E000818,0.5179280322237857
E000822,0.44035705821562887
E000823,0.6427940387002856
E000829,0.5125204338565017
E000832,0.5286419042617445
E000833,0.4797196062670622
E000836,0.6321639778445657
E000837,0.6196509679999145
E000841,0.5014612033093279
E000843,0.5441131852095079
E000844,0.5658672653818286
E000855,0.6011216846257983
E000856,0.5712370726563397
E000861,0.5645708600704004
E000862,0.6428828442163145
E000864,0.5720262572230362
E000865,0.6459297653583472
E000866,0.5720262572230362
E000868,0.45965300743209836
E000870,0.5292305005307438
E000872,0.498937146489715
E000873,0.6367642199083299
E000874,0.6476739116345666
E000875,0.8498732272395695
E000876,0.46491948373422065
E000877,0.6376524570590125
E000880,0.5441131852095079
E000881,0.5309573077029133
E000882,0.5007406795516234
E000884,0.7714994564972186
E000885,0.49399913742056806
E000886,0.5955277239874489
E000889,0.5903781418465124
E000890,0.8434766800183883
E000899,0.53728203058317
E000909,0.5479328364873083
E000910,0.4915879107366661
E000912,0.5183655055007839
E000913,0.4163364018373663
E000915,0.5442377090461101
E000916,0.48503252327449475
E000917,0.7259958668174158
E000918,0.4604706759177154
E000919,0.6418978822273601
E000920,0.5141458369322754
E000922,0.4672029308502307
E000923,0.4329929477231641
E000925,0.5509745240288344
E000927,0.4338939878294954
E000934,0.43560359081523137
E000937,0.7909868186543526
E000939,0.5744271867817732
E000940,0.48644365744580786
E000941,0.6384136229189676
E000942,0.8336401537864229
E000943,0.4173034448518736
E000946,0.6420175424318217
E000949,0.5390436108555934
E000953,0.4329929477231641
E000954,0.5369515251531304
E000955,0.677467847215486
E000956,0.4984159201696441
E000957,0.43422140614616117
E000958,0.44066261698124076
E000959,0.5226861093019383
E000960,0.5416770087483259
E000966,0.4163364018373663
E000970,0.4185496597922165
E000979,0.5377501983046593
E000982,0.5350653923457273
E000983,0.802736053105265
E000985,0.5225840252077926
E000986,0.49979828633916207
E000987,0.6468093034651358
E000988,0.599389771158245
E000990,0.4824872296605169
E000993,0.7095182333170867
E000998,0.5308188557767534
E000999,0.5650293969708464
E001001,0.6918588868286719
E001004,0.478192452768909
E001005,0.45009934623635456
E001006,0.500441800017159
E001007,0.7109893790105986
E001009,0.5552361069101451
E001011,0.5247642558846715
E001012,0.5001290683352607
E001013,0.6414593070811239
E001015,0.42357932613539295
E001016,0.6558367682216881
E001017,0.5363413500930498
E001018,0.43336999940055376
E001019,0.65119420370817
E001020,0.4174172546087526
E001021,0.4398531731402556
E001023,0.5552361069101451
E001026,0.5363413500930498
E001029,0.5251119039091655
E001030,0.5955277239874489
E001031,0.525251765673655
E001032,0.5496018555628875
E001033,0.5125204338565017
E001035,0.4847144273020709
E001036,0.5758352284911569
E001039,0.6291174602632443
E001040,0.5435236285874971
E001042,0.5383959461297151
E001043,0.5179280322237857
E001045,0.6630736871284683
E001047,0.75778840536488
E001052,0.645497366805537
E001053,0.49399913742056806
E001054,0.5338151622453595
E001056,0.6326048269994639
E001058,0.5369515251531304
E001062,0.5174448989433267
E001063,0.6357564147016205
E001064,0.5188484381436469
E001067,0.4167908375140089
E001068,0.5232604699775718
E001069,0.5241673631303949
E001075,0.49936568920410945
E001076,0.6223298973083692
E001077,0.5658672653818286
E001078,0.5369515251531304
E001080,0.5150693649390756
E001082,0.5712812696166617
E001085,0.4156629937164372
E001089,0.5493044943300803
E001091,0.5433447957429942
E001092,0.6016865146682304
E001093,0.5247642558846715
E001094,0.45718274187859664
E001095,0.6620150651750434
E001097,0.4173034448518736
E001099,0.569621338177096
E001100,0.6498395572544723
E001103,0.5014612033093279
E001104,0.5236867371671342
E001108,0.5236867371671342
E001109,0.4447173023724724
E001111,0.5335146023321533
E001112,0.6581080985456684
E001115,0.7832672318765721
E001116,0.536495937981391
E001117,0.6883549504992831
E001121,0.4163364018373663
E001122,0.4329929477231641
E001131,0.7849273511969486
E001132,0.5115996415351461
E001136,0.6822540369947956
E001141,0.5639287380479707
E001142,0.6381458923541355
E001143,0.608902170141098
E001145,0.794072878794756
E001147,0.5000539925346887
E001148,0.7448625462766753
E001151,0.5720262572230362
E001154,0.5226861093019383
E001156,0.5433447957429942
E001158,0.5988500379522164
E001159,0.43382579901724605
E001160,0.41685780816680895
E001163,0.517318982951045
E001164,0.537732128112154
E001166,0.5369515251531304
E001170,0.4498513686635947
E001173,0.614717534340905
E001174,0.41685780816680895
E001177,0.5225840252077926
E001178,0.5368861577637921
E001180,0.41685780816680895
E001181,0.525251765673655
E001185,0.5648389562625711
E001186,0.5287166812555977
E001187,0.49722979834034453
E001188,0.57454835055494
E001194,0.4167908375140089
E001195,0.4174172546087526
E001197,0.49445420338193485
E001199,0.5125204338565017
E001202,0.6107710227686076
E001203,0.7749113747912247
E001204,0.537732128112154
E001205,0.49890533973130957
E001206,0.5004298326996476
E001209,0.4253151921079734
E001212,0.626464088089096
E001213,0.6445708980086441
E001217,0.4604706759177154
E001218,0.5295638985220069
E001220,0.4167908375140089
E001222,0.5737623711551773
E001224,0.4167908375140089
E001225,0.5236867371671342
E001227,0.42432976151420665
E001230,0.6424810929348936
E001231,0.5225840252077926
E001234,0.41685780816680895
E001237,0.517318982951045
E001238,0.573316992248299
E001239,0.44035705821562887
E001241,0.5423732535457221
E001243,0.5362763933029099
E001244,0.44066261698124076
E001247,0.5225840252077926
E001250,0.6485312058414847
E001251,0.43588853515249504
E001254,0.45718274187859664
E001255,0.5369515251531304
E001256,0.5236075254133997
E001257,0.4604706759177154
E001259,0.5033743958460307
E001261,0.5125204338565017
E001263,0.5644452706518771
E001265,0.6683440667982855
E001266,0.43382579901724605
E001267,0.43382579901724605
E001269,0.43422140614616117
E001271,0.4329929477231641
E001273,0.4338939878294954
E001274,0.5760172678621757
E001275,0.793233128254788
E001277,0.4398531731402556
E001279,0.5017284975296018
E001280,0.5286441378433158
E001285,0.6562205634156483
E001286,0.5435804330904854
E001291,0.5295638985220069
E001292,0.45965300743209836
E001293,0.49722979834034453
E001294,0.5236075254133997
E001298,0.80299936988773
E001300,0.5236075254133997
E001302,0.4963565578970366
E001303,0.45718274187859664
E001308,0.5182398649925062
E001310,0.6861305256052436
E001311,0.4156629937164372
E001313,0.53728203058317
E001314,0.45718274187859664
E001315,0.810092267559745
E001318,0.5502133975879185
E001319,0.5150693649390756
E001321,0.5427614431992537
E001322,0.5282664418106874
E001323,0.45873519538667085
E001327,0.5720262572230362
E001331,0.4995330231253652
E001332,0.5350653923457273
E001333,0.802736053105265
E001334,0.5238443265244906
E001339,0.45965300743209836
E001342,0.49829357518898254
E001343,0.49907785361014007
E001344,0.43600292391645795
E001346,0.5998976418255878
E001348,0.834686956120623
E001350,0.5437564746325223
E001352,0.7847026018965574
E001353,0.48644365744580786
E001356,0.6547047502318482
E001357,0.5127875181632936
E001360,0.4173034448518736
E001361,0.4975372968774056
E001362,0.47882045461278155
E001363,0.839236229502971
E001364,0.5363413500930498
E001365,0.43336999940055376
E001366,0.5390436108555934
E001370,0.7718147996253796
E001372,0.53904913538681
E001373,0.5442515580282162
E001374,0.5282664418106874
E001383,0.6027729837388418
E001385,0.6542336142794385
E001388,0.7279731662607765
E001391,0.5014612033093279
E001392,0.5658365642326016
E001393,0.5737623711551773
E001398,0.4498513686635947
E001400,0.53728203058317
E001401,0.5183655055007839
E001405,0.53904913538681
E001408,0.5286441378433158
E001409,0.6489568530088728
E001412,0.6647487427146114
E001413,0.5737623711551773
E001414,0.5427614431992537
E001415,0.537732128112154
E001416,0.5150693649390756
E001422,0.6583052571054143
E001423,0.6053183770539201
E001427,0.639982410568721
E001431,0.7710000718222484
E001432,0.4906598951661118
E001433,0.5236075254133997
E001434,0.49774295162792087
E001437,0.5150693649390756
E001438,0.6651719824302019
E001439,0.48819572152604856
E001443,0.6515405633619092
E001445,0.42357932613539295
E001446,0.4156629937164372
E001447,0.4398531731402556
E001449,0.6190492574528291
E001450,0.5150693649390756
E001454,0.54146793891119
E001458,0.4156629937164372
E001460,0.44066261698124076
E001464,0.5124472999557043
E001467,0.46491948373422065
E001468,0.5188484381436469
E001470,0.41685780816680895
E001471,0.5183655055007839
E001472,0.5125204338565017
E001475,0.5182398649925062
E001476,0.5236867371671342
E001481,0.5427614431992537
E001486,0.43382579901724605
E001489,0.5383959461297151
E001491,0.7970272541819408
E001496,0.4841059967297989
E001497,0.5502133975879185
E001499,0.5287166812555977
E001501,0.46491948373422065
E001503,0.41685780816680895
E001505,0.45718274187859664
E001510,0.5282664418106874
E001511,0.4847144273020709
E001512,0.536006965895883
E001513,0.6776988166537874
E001514,0.4338939878294954
E001516,0.5000539925346887
E001517,0.796580236759696
E001518,0.6122530251378068
E001519,0.41685780816680895
E001520,0.6321999099277816
E001523,0.6617710744634975
E001524,0.5008705886190595
E001525,0.42357932613539295
E001527,0.5379746460261428
E001530,0.43336999940055376
E001533,0.6464972701274498
E001534,0.4163364018373663
E001535,0.6362107648391842
E001538,0.5442377090461101
E001539,0.5552361069101451
E001545,0.8293460521881283
E001546,0.5689551125077208
E001550,0.4785638883007658
E001551,0.5182398649925062
E001556,0.43382579901724605
E001558,0.6578204497105742
E001564,0.4859616224524119
E001565,0.6455136198686132
E001568,0.45965300743209836
E001570,0.5437564746325223
E001571,0.6867120577559147
E001573,0.6852442403788584
E001574,0.6481174909246492
E001575,0.5445492079317372
E001576,0.5647147403920361
E001577,0.5183655055007839
E001580,0.45718274187859664
E001581,0.5437564746325223
E001582,0.7521931514764255
E001583,0.6438945355444466
E001584,0.6116704432005641
E001586,0.42455323119134747
E001590,0.6149117146878387
E001593,0.5236075254133997
E001596,0.536006965895883
E001599,0.5227257850743044
E001603,0.6601244828084074
E001607,0.6971368959990645
E001609,0.610602246906111
E001613,0.5372799194717109
E001616,0.4163364018373663
E001617,0.6877922091461043
E001620,0.5421713811910017
E001622,0.5723616544942407
E001626,0.6535063027659886
E001627,0.6720085136435968
E001629,0.6434852404927346
E001630,0.5238443265244906
E001631,0.5115996415351461
E001633,0.5976898349784625
E001634,0.5997008304195075
E001637,0.4156629937164372
E001639,0.605679851505092
E001640,0.4824917673958957
E001647,0.5658365642326016
E001648,0.6448567808734624
E001655,0.49979828633916207
E001656,0.45965300743209836
E001657,0.41685780816680895
E001659,0.45965300743209836
E001660,0.801192074701476
E001661,0.44324967287333294
E001662,0.5423732535457221
E001664,0.5247642558846715
E001665,0.5324458111253533
E001670,0.486092251104621
E001672,0.5001290683352607
E001675,0.6114666056949736
E001676,0.5421713811910017
E001677,0.43336999940055376
E001678,0.6321242902471564
E001680,0.54146793891119
E001683,0.5125204338565017
E001685,0.7794186476030898
E001688,0.43382579901724605
E001689,0.725771244463561
E001690,0.6188873239541529
E001691,0.5001290683352607
E001692,0.5125204338565017
E001693,0.7832630608759324
E001694,0.4232757543052774
E001698,0.4854775527302072
E001699,0.5226861093019383
E001700,0.44164531051721645
E001703,0.44066261698124076
E001705,0.5647147403920361
E001706,0.4498513686635947
E001708,0.5390436108555934
E001710,0.4163364018373663
E001712,0.7918817434971822
E001717,0.42357932613539295
E001718,0.4232757543052774
E001721,0.48644365744580786
E001722,0.7935512059563231
E001723,0.41685780816680895
E001725,0.5277754675731754
E001726,0.4972887966900923
E001730,0.4640015091969619
E001731,0.53904913538681
E001733,0.5353297254220115
E001734,0.5219000583391027
E001736,0.43382579901724605
E001741,0.5712812696166617
E001743,0.43560359081523137
E001745,0.8344298794601025
E001746,0.5032589542113425
E001747,0.6871740004041683
E001748,0.45965300743209836
E001749,0.5596935737505421
E001750,0.5188484381436469
E001756,0.599727922904809
E001757,0.5362763933029099
E001758,0.4613884879631429
E001760,0.6602404680520628
E001761,0.7258773508481727
E001762,0.6531913038170417
E001763,0.5141458369322754
E001764,0.6700720461283873
E001766,0.4185496597922165
E001768,0.6316314436120837
E001769,0.47882045461278155
E001774,0.5125204338565017
E001775,0.5603317435552858
E001777,0.4329929477231641
E001780,0.5281430037233834
E001781,0.5377501983046593
E001783,0.43600292391645795
E001788,0.6426472602063683
E001789,0.5437564746325223
E001792,0.49399913742056806
E001793,0.7973594483881858
E001796,0.42415837035210135
E001797,0.4498513686635947
E001802,0.4498513686635947
E001803,0.4613884879631429
E001806,0.46491948373422065
E001807,0.4613884879631429
E001811,0.4261393538008905
E001813,0.5227257850743044
E001817,0.4447173023724724
E001819,0.5000723443007886
E001820,0.45873519538667085
E001824,0.5712812696166617
E001825,0.7797045249869325
E001827,0.5040266740345268
E001830,0.5418189780374567
E001834,0.4163364018373663
E001835,0.55869620058562
E001836,0.41685780816680895
E001839,0.6315935995748048
E001840,0.5369515251531304
E001842,0.788053829620553
E001846,0.4613884879631429
E001848,0.4173034448518736
E001849,0.5980575234572933
E001851,0.4338939878294954
E001854,0.49673514141074304
E001857,0.5445221665813246
E001858,0.5427614431992537
E001859,0.5734852244553026
E001860,0.6427891504123913
E001862,0.4398531731402556
E001869,0.5983657376281581
E001870,0.4329929477231641
E001871,0.5437564746325223
E001872,0.5450059118627889
E001873,0.41685780816680895
E001875,0.41685780816680895
E001876,0.5277053828885667
E001880,0.639477063558626
E001881,0.46491948373422065
E001884,0.5441131852095079
E001885,0.45718274187859664
E001888,0.4232757543052774
E001889,0.4613884879631429
E001896,0.5361850882013202
E001898,0.44164531051721645
E001899,0.6311914760892101
E001901,0.8037337931943408
E001903,0.5712812696166617
E001909,0.5324458111253533
E001910,0.819129844980409
E001911,0.498937146489715
E001916,0.6415208046426759
E001917,0.4167908375140089
E001918,0.5000539925346887
E001922,0.5209529859537815
E001923,0.5134085844380357
E001924,0.5390436108555934
E001925,0.6516796862165212
E001926,0.4604706759177154
E001927,0.45873519538667085
E001928,0.5593324970105626
E001930,0.5338151622453595
E001931,0.5960633751689921
E001933,0.6974040576774689
E001935,0.4459359176944203
E001937,0.5396859301151815
E001938,0.4167908375140089
E001940,0.5796029021073503
E001942,0.4167908375140089
E001945,0.5225840252077926
E001951,0.5125204338565017
E001952,0.4915879107366661
E001953,0.45873519538667085
E001954,0.5236867371671342
E001957,0.5282664418106874
E001958,0.4996450809292102
E001959,0.5377501983046593
E001960,0.8112359295274357
E001962,0.6450298429344862
E001964,0.43588853515249504
E001965,0.5282664418106874
E001968,0.7958926486910924
E001971,0.6512133872620344
E001972,0.6661504652596091
E001973,0.6512132823191116
E001975,0.45965300743209836
E001983,0.5227257850743044
E001984,0.5247642558846715
E001985,0.53728203058317
E001994,0.4163364018373663
E001995,0.6310244673359638
E001996,0.457244768044459
E001997,0.49828536636957493
E001998,0.5247642558846715
E001999,0.4167908375140089
E002001,0.5441131852095079
E002005,0.45718274187859664
E002007,0.5635243255785372
E002008,0.535496086715944
E002009,0.6437671425603718
E002013,0.5188484381436469
E002014,0.5336614979728093
E002016,0.4232757543052774
E002020,0.5732104287090374
E002026,0.4185496597922165
E002027,0.6239239926503899
E002036,0.67030774271431
E002040,0.6426469354855763
E002041,0.7867109913108131
E002042,0.4185496597922165
E002043,0.5437564746325223
E002045,0.53728203058317
E002046,0.4398531731402556
E002048,0.6417272253655311
E002050,0.4975730399615131
E002051,0.627106575420754
E002054,0.4338939878294954
E002055,0.49936568920410945
E002057,0.5785118356262714
E002058,0.5326962468796816
E002059,0.5287166812555977
E002060,0.6466930685815591
E002062,0.5418189780374567
E002063,0.8103013870595211
E002064,0.5150693649390756
E002065,0.4167908375140089
E002069,0.4338939878294954
E002070,0.5021047685472262
E002072,0.4173034448518736
E002073,0.5437564746325223
E002074,0.4498513686635947
E002075,0.49738291614203506
E002078,0.5324458111253533
E002081,0.5282664418106874
E002086,0.6316899580628055
E002091,0.5737623711551773
E002093,0.4996761785736888
E002095,0.7969373572071158
E002096,0.7730173742391169
E002098,0.5227257850743044
E002099,0.48341786994836533
E002100,0.5241673631303949
E002102,0.5183655055007839
E002103,0.5712445850297162
E002105,0.5111631095945881
E002107,0.43422140614616117
E002108,0.7810759574587991
E002111,0.6891501633040307
E002114,0.5418189780374567
E002116,0.5648389562625711
E002118,0.5182615230037374
E002119,0.5481436692427487
E002121,0.5758108466133514
E002122,0.46491948373422065
E002124,0.4824872296605169
E002125,0.4824872296605169
E002131,0.8298091708003507
E002132,0.5174448989433267
E002133,0.4996761785736888
E002134,0.5336614979728093
E002137,0.4156629937164372
E002140,0.7524081354253583
E002141,0.5369515251531304
E002143,0.4900323371541541
E002145,0.45718274187859664
E002146,0.6331435350342379
E002149,0.783572797678143
E002150,0.5720262572230362
E002153,0.5396912225964586
E002154,0.5231388560893109
E002156,0.43382579901724605
E002158,0.5693444980932663
E002159,0.6761487156235775
E002160,0.5183655055007839
E002161,0.504921848661049
E002162,0.4232757543052774
E002163,0.4897608538413769
E002165,0.4612152918679054
E002170,0.545796205989187
E002174,0.839588618367792
E002175,0.43600292391645795
E002177,0.5976898349784625
E002179,0.8013622911380854
E002180,0.5326962468796816
E002182,0.4173034448518736
E002183,0.6497664910283718
E002187,0.5635844596602426
E002190,0.6298104628090957
E002191,0.4156629937164372
E002192,0.5227667603068581
E002193,0.5227257850743044
E002194,0.49831273698475176
E002196,0.8001786146956098
E002197,0.4875737095677438
E002198,0.6460717350451394
E002200,0.42357932613539295
E002208,0.4174172546087526
E002209,0.4835564849476953
E002215,0.5001290683352607
E002216,0.42357932613539295
E002217,0.45965300743209836
E002218,0.4398531731402556
E002222,0.4253151921079734
E002225,0.6376692813975624
E002230,0.4167908375140089
E002233,0.5362763933029099
E002241,0.6267135577104919
E002242,0.5174448989433267
E002243,0.43382579901724605
E002245,0.5225840252077926
E002246,0.5496311255773642
E002248,0.4398531731402556
E002250,0.5650969368230099
E002251,0.5188484381436469
E002253,0.5247642558846715
E002254,0.43422140614616117
E002255,0.43422140614616117
E002256,0.5510044870290542
E002257,0.5836882251509572
E002258,0.5377501983046593
E002263,0.54146793891119
E002265,0.4498513686635947
E002268,0.4174172546087526
E002270,0.5174448989433267
E002273,0.5209529859537815
E002277,0.49216457744259084
E002278,0.4232757543052774
E002279,0.8053963663186049
E002280,0.5032589542113425
E002281,0.5226861093019383
E002283,0.6392407878350991
E002285,0.4835564849476953
E002286,0.5335146023321533
E002288,0.5935016842417866
E002290,0.5960633751689921
E002292,0.4447173023724724
E002293,0.545796205989187
E002294,0.4167908375140089
E002296,0.835295628340025
E002297,0.5290881171238819
E002298,0.55767963660426
E002303,0.5997008304195075
E002306,0.5450059118627889
E002308,0.457244768044459
E002310,0.5672407794389768
E002315,0.5251617260400564
E002317,0.5309573077029133
E002318,0.6882245320858889
E002319,0.4163364018373663
E002320,0.6715102109329945
E002321,0.6085249224506456
E002322,0.6469539124138832
E002323,0.5396912225964586
E002324,0.5183655055007839
E002325,0.7803167169109235
E002327,0.517318982951045
E002328,0.4174172546087526
E002331,0.7928216901316367
E002334,0.45965300743209836
E002336,0.522974104349774
E002337,0.4447173023724724
E002342,0.7985840561057882
E002343,0.7566965981217613
E002345,0.5226861093019383
E002348,0.5980575234572933
E002351,0.6641427196333259
E002355,0.6084000613323218
E002357,0.547842722035145
E002358,0.4498513686635947
E002362,0.5326962468796816
E002365,0.6554127881870605
E002368,0.6188928939420688
E002371,0.5247642558846715
E002372,0.5350653923457273
E002376,0.5236075254133997
E002377,0.45718274187859664
E002380,0.44066261698124076
E002383,0.6342434878971817
E002390,0.5983202569216334
E002393,0.5338151622453595
E002396,0.5281430037233834
E002398,0.5424559962388376
E002400,0.6413102791612814
E002402,0.4163364018373663
E002403,0.682127846307222
E002405,0.5227667603068581
E002406,0.5188484381436469
E002409,0.6316314436120837
E002413,0.4174172546087526
E002414,0.45965300743209836
E002416,0.5889956066590218
E002420,0.45718274187859664
E002421,0.5000723443007886
E002423,0.5183655055007839
E002427,0.5115996415351461
E002430,0.5286441378433158
E002431,0.6909871268851789
E002432,0.8348372724512211
E002434,0.5247871148534062
E002436,0.786645820989379
E002438,0.5286419042617445
E002442,0.5282664418106874
E002444,0.5011839508140371
E002450,0.5336614979728093
E002451,0.6900030245968147
E002453,0.5251119039091655
E002454,0.4167908375140089
E002455,0.5236075254133997
E002457,0.4253151921079734
E002458,0.41685780816680895
E002463,0.5658672653818286
E002464,0.5830257105579277
E002466,0.5736997067819979
E002469,0.4338939878294954
E002473,0.4640015091969619
E002474,0.46491948373422065
E002477,0.5286419042617445
E002479,0.41685780816680895
E002483,0.4163364018373663
E002484,0.7447769674661902
E002485,0.4640015091969619
E002488,0.7900596179274539
E002489,0.43336999940055376
E002492,0.43600292391645795
E002493,0.5997008304195075
E002497,0.41685780816680895
E002499,0.45965300743209836
E002500,0.5496311255773642
E002501,0.6901205511983028
E002502,0.4498513686635947
E002503,0.49890533973130957
E002507,0.8457153805319865
E002509,0.5950942316871902
E002511,0.4156629937164372
E002513,0.6422656316585799
E002518,0.41685780816680895
E002519,0.5247642558846715
E002525,0.5282664418106874
E002528,0.5125204338565017
E002529,0.43336999940055376
E002531,0.6542829225547683
E002535,0.44124382794077244
E002538,0.5764578794477576
E002539,0.42357932613539295
E002542,0.53904913538681
E002544,0.7799701552559343
E002545,0.728039634619681
E002549,0.44451460951212496
E002551,0.5183655055007839
E002552,0.5359434626702023
E002553,0.42357932613539295
E002554,0.4640015091969619
E002555,0.8065653076120655
E002558,0.6366407382823209
E002559,0.45718274187859664
E002567,0.44164531051721645
E002568,0.4261393538008905
E002571,0.6674666453847239
E002573,0.5378184980068492
E002575,0.5906837734991001
E002576,0.43600292391645795
E002577,0.42357932613539295
E002579,0.5227667603068581
E002581,0.4640015091969619
E002584,0.5424559962388376
E002586,0.43588853515249504
E002590,0.6636117409985959
E002596,0.5321213198466547
E002600,0.5552361069101451
E002601,0.7712162753074816
E002610,0.4781033991579833
E002612,0.6292480489559944
E002613,0.8084589007080558
E002619,0.6927340897441421
E002622,0.6362359191979876
E002623,0.6647487427146114
E002624,0.6517193950568495
E002625,0.4900323371541541
E002629,0.46371091857178703
E002630,0.562888812175206
E002631,0.5269807065531639
E002632,0.43382579901724605
E002633,0.7878155506350298
E002636,0.4156629937164372
E002639,0.42415837035210135
E002641,0.4173034448518736
E002642,0.4185496597922165
E002643,0.5209529859537815
E002644,0.4640015091969619
E002645,0.8059282018397828
E002646,0.5125204338565017
E002647,0.4498513686635947
E002648,0.49445420338193485
E002651,0.44164531051721645
E002652,0.4167908375140089
E002655,0.6646052479482367
E002656,0.608081516203694
E002657,0.5372799194717109
E002658,0.5150693649390756
E002659,0.7807875235480821
E002665,0.41685780816680895
E002667,0.5363938383180019
E002670,0.43336999940055376
E002672,0.5287643907333195
E002673,0.44066261698124076
E002682,0.5437564746325223
E002683,0.5596935737505421
E002686,0.4414181089058723
E002692,0.4996761785736888
E002696,0.4338939878294954
E002700,0.5188484381436469
E002701,0.5281430037233834
E002702,0.5511010338444772
E002703,0.6400356976791011
E002704,0.6586322598545348
E002705,0.6895039030987413
E002707,0.45873519538667085
E002711,0.5712812696166617
E002712,0.6134080519389556
E002716,0.7810535905409384
E002717,0.4613884879631429
E002721,0.43382579901724605
E002723,0.5273466811319962
E002724,0.4253151921079734
E002726,0.57454835055494
E002729,0.545796205989187
E002735,0.6193444240502702
E002736,0.6029179002623571
E002737,0.43382579901724605
E002738,0.4847144273020709
E002741,0.5028073709336554
E002742,0.6473928482511003
E002743,0.4167908375140089
E002745,0.4797196062670622
E002746,0.4163364018373663
E002749,0.7816135374434504
E002751,0.5236075254133997
E002754,0.4498513686635947
E002757,0.6906837262074993
E002758,0.6650334814697884
E002759,0.6470030655280038
E002760,0.4414181089058723
E002764,0.4329929477231641
E002766,0.7530717276119743
E002768,0.4398531731402556
E002773,0.5737623711551773
E002777,0.5647147403920361
E002784,0.6460451053536397
E002785,0.4163364018373663
E002788,0.500441800017159
E002790,0.4894588048622252
E002791,0.7252153343015366
E002792,0.6320587380558113
E002793,0.792270040729854
E002794,0.41685780816680895
E002796,0.5396912225964586
E002797,0.6930395987917655
E002800,0.5225840252077926
E002801,0.5935016842417866
E002803,0.8396769890477545
E002804,0.5196475477438472
E002805,0.49445420338193485
E002808,0.43560359081523137
E002810,0.45965300743209836
E002811,0.6617710744634975
E002812,0.43422140614616117
E002815,0.5287166812555977
E002816,0.5544447729504062
E002817,0.8042382866059876
E002818,0.5658672653818286
E002820,0.6040930348633511
E002824,0.5227257850743044
E002826,0.5141458369322754
E002830,0.4173034448518736
E002837,0.536793386017983
E002839,0.4185496597922165
E002844,0.5847637721522633
E002845,0.44066261698124076
E002846,0.4156629937164372
E002849,0.6298812149416954
E002850,0.48894244963630024
E002851,0.5179280322237857
E002853,0.4414181089058723
E002855,0.5238443265244906
E002856,0.6394397081596495
E002857,0.45965300743209836
E002859,0.5182398649925062
E002861,0.43382579901724605
E002862,0.41685780816680895
E002864,0.5361850882013202
E002865,0.6053183770539201
E002866,0.6513042876549284
E002867,0.4156629937164372
E002868,0.44164531051721645
E002873,0.7914973724187131
E002875,0.7797807012474669
E002877,0.6053183770539201
E002878,0.6047051294158073
E002879,0.5286441378433158
E002880,0.4847144273020709
E002883,0.55869620058562
E002884,0.54146793891119
E002885,0.648283799931839
E002887,0.7152585857730078
E002890,0.4613884879631429
E002893,0.45718274187859664
E002895,0.6708073382741895
E002896,0.42357932613539295
E002897,0.5309573077029133
E002901,0.5227257850743044
E002903,0.4781033991579833
E002905,0.651529817728257
E002908,0.509647733394759
E002909,0.53904913538681
E002912,0.5247642558846715
E002913,0.44066261698124076
E002916,0.41685780816680895
E002917,0.6572376303893384
E002918,0.6417023122604825
E002919,0.43600292391645795
E002920,0.575355913529833
E002923,0.7939542307093899
E002925,0.4185496597922165
E002927,0.6449069826414688
E002928,0.5286419042617445
E002930,0.48410013171181027
E002933,0.5247642558846715
E002939,0.4604706759177154
E002942,0.5286441378433158
E002943,0.5236075254133997
E002944,0.43588853515249504
E002945,0.4156629937164372
E002947,0.5067988227366
E002949,0.5651202482002342
E002950,0.5637457087205472
E002951,0.48644365744580786
E002954,0.8034258731810034
E002956,0.49445420338193485
E002957,0.4963565578970366
E002958,0.57454835055494
E002964,0.630022804294794
E002970,0.57454835055494
E002971,0.689385337130428
E002974,0.537732128112154
E002977,0.5182615230037374
E002978,0.5423132741661856
E002979,0.6410944683391708
E002980,0.5182398649925062
E002981,0.44066261698124076
E002989,0.7863159994553421
E002991,0.4338939878294954
E002992,0.5605959297153408
E002993,0.6413102791612814
E002996,0.45965300743209836
E002997,0.45579333670914585
E002998,0.5282664418106874
E003002,0.5001290683352607
E003005,0.5449986989149462
E003009,0.4232757543052774
E003010,0.4604706759177154
E003012,0.5695214706431833
E003017,0.4273842452052353
E003018,0.5492598999695529
E003020,0.4167908375140089
E003023,0.49979828633916207
E003029,0.5287166812555977
E003033,0.457244768044459
E003036,0.4897608538413769
E003037,0.5227257850743044
E003038,0.5188484381436469
E003040,0.4174172546087526
E003042,0.5720262572230362
E003046,0.45965300743209836
E003047,0.5115996415351461
E003048,0.49738291614203506
E003049,0.4156629937164372
E003050,0.5227257850743044
E003052,0.43422140614616117
E003053,0.5552361069101451
E003055,0.45873519538667085
E003056,0.8339543610086991
E003057,0.6530483722811941
E003059,0.5000723443007886
E003061,0.55869620058562
E003062,0.5324458111253533
E003066,0.41685780816680895
E003070,0.5010340177817211
E003072,0.4185496597922165
E003073,0.5238443265244906
E003076,0.5437564746325223
E003078,0.4185496597922165
E003079,0.478192452768909
E003080,0.4961009596445831
E003089,0.42455323119134747
E003090,0.5708670317649345
E003091,0.44164531051721645
E003092,0.5377501983046593
E003093,0.6631324383354011
E003094,0.4167908375140089
E003097,0.6148223671236983
E003102,0.457244768044459
E003108,0.6503139330236402
E003110,0.41685780816680895
E003112,0.42455323119134747
E003115,0.8006294981927671
E003117,0.49722979834034453
E003118,0.5021075811742309
E003120,0.6279672110634975
E003121,0.42357932613539295
E003132,0.42432976151420665
E003135,0.5125204338565017
E003138,0.4913696488009358
E003140,0.5645708600704004
E003145,0.5414902899001002
E003151,0.6460853785347859
E003152,0.457244768044459
E003153,0.45873519538667085
E003154,0.5309573077029133
E003159,0.5236075254133997
E003160,0.7877750953572075
E003161,0.4163364018373663
E003163,0.7940748442544108
E003164,0.44035705821562887
E003165,0.4174172546087526
E003166,0.4338939878294954
E003167,0.5254554610471243
E003168,0.45965300743209836
E003169,0.43422140614616117
E003170,0.6465561866785904
E003173,0.784804215031914
E003178,0.5188484381436469
E003179,0.4604706759177154
E003182,0.45718274187859664
E003184,0.4329929477231641
E003189,0.7980785316508698
E003191,0.5906540245435884
E003194,0.49890533973130957
E003197,0.48644365744580786
E003200,0.5182398649925062
E003201,0.5286419042617445
E003203,0.4167908375140089
E003208,0.42455323119134747
E003209,0.5734512402184943
E003212,0.5396859301151815
E003214,0.4897608538413769
E003215,0.6457389336144819
E003216,0.5427614431992537
E003217,0.41685780816680895
E003219,0.4613884879631429
E003222,0.42415837035210135
E003229,0.597649678290616
E003237,0.5510044870290542
E003242,0.6714067278861869
E003243,0.516087720493041
E003245,0.43560359081523137
E003246,0.5637457087205472
E003248,0.6465724397416664
E003249,0.6439335331394084
E003252,0.6529142173939524
E003256,0.5225840252077926
E003257,0.5188484381436469
E003260,0.5441131852095079
E003263,0.5950942316871902
E003265,0.5396912225964586
E003268,0.5247642558846715
E003269,0.5427614431992537
E003270,0.5902510878467633
E003277,0.4447173023724724
E003278,0.5395851706926809
E003279,0.5182398649925062
E003284,0.4972871063343993
E003285,0.4338939878294954
E003286,0.5390436108555934
E003287,0.4163364018373663
E003290,0.42455323119134747
E003291,0.5006341359688234
E003295,0.43336999940055376
E003296,0.5289995454122446
E003298,0.5309573077029133
E003301,0.5236867371671342
E003304,0.6069866989554751
E003305,0.5596935737505421
E003306,0.5186858869325937
E003308,0.43336999940055376
E003309,0.44164531051721645
E003310,0.7948432988221121
E003313,0.45873519538667085
E003315,0.597076198536723
E003325,0.6645724129235084
E003328,0.643852588605588
E003331,0.5636998353154223
E003332,0.5377501983046593
E003334,0.5647147403920361
E003335,0.538263756405817
E003336,0.5395851706926809
E003339,0.5712812696166617
E003342,0.5125204338565017
E003343,0.5396859301151815
E003349,0.5449986989149462
E003350,0.783536229188093
E003351,0.8307539335727328
E003352,0.478192452768909
E003353,0.643638929259536
E003354,0.48819572152604856
E003359,0.49907785361014007
E003361,0.4156629937164372
E003362,0.688976658510281
E003365,0.5369515251531304
E003368,0.43560359081523137
E003369,0.5920303616432027
E003374,0.4414181089058723
E003379,0.7911165450427023
E003381,0.5502133975879185
E003389,0.5225840252077926
E003390,0.4338939878294954
E003396,0.7871117988928844
E003398,0.7952108459112239
E003400,0.5273466811319962
E003401,0.6554082673297649
E003403,0.7945346285658494
E003405,0.7604695313714749
E003408,0.4163364018373663
E003411,0.6462327698838444
E003413,0.4424117842039431
E003419,0.49332279404220497
E003420,0.5251119039091655
E003421,0.5179280322237857
E003424,0.517318982951045
E003425,0.45873519538667085
E003426,0.8481377710554182
E003429,0.5363938383180019
E003430,0.5188484381436469
E003433,0.4989246734829622
E003434,0.5994559512514168
E003439,0.525251765673655
E003440,0.49890533973130957
E003446,0.6877426413331859
E003449,0.7357035567201183
E003450,0.536006965895883
E003456,0.5437564746325223
E003458,0.536006965895883
E003459,0.5282664418106874
E003463,0.5510044870290542
E003465,0.5241673631303949
E003470,0.43600292391645795
E003476,0.5227257850743044
E003482,0.5141458369322754
E003485,0.5427614431992537
E003487,0.42455323119134747
E003488,0.57454835055494
E003491,0.44066261698124076
E003493,0.5007406795516234
E003497,0.6053183770539201
E003499,0.5210947258780451
E003500,0.4232757543052774
E003501,0.5209529859537815
E003504,0.5900883184650276
E003509,0.4174172546087526
E003510,0.49326663383139085
E003511,0.5951852742126804
E003513,0.7984474166607485
E003515,0.6347508660996927
E003518,0.7798613637851535
E003519,0.5575864328798751
E003520,0.6387834052579648
E003521,0.7335842504761305
E003523,0.49979828633916207
E003530,0.7910538964371889
E003531,0.4173034448518736
E003534,0.6650596891447418
E003535,0.4894588048622252
E003536,0.5287166812555977
E003539,0.536006965895883
E003543,0.6548781278959086
E003546,0.5174448989433267
E003549,0.4834815443404053
E003553,0.5368861577637921
E003555,0.5679528017230333
E003557,0.8391699128637075
E003558,0.5021047685472262
E003561,0.4414181089058723
E003562,0.5287643907333195
E003563,0.7314520991389227
E003564,0.45873519538667085
E003567,0.5442378316896346
E003570,0.5396859301151815
E003575,0.5125204338565017
E003576,0.5141458369322754
E003578,0.654476325504004
E003580,0.5236867371671342
E003581,0.6059883365749269
E003582,0.45965300743209836
E003584,0.45718274187859664
E003585,0.5087599157811533
E003586,0.5141458369322754
E003588,0.5552361069101451
E003590,0.46491948373422065
E003593,0.6641362467636667
E003598,0.4232757543052774
E003600,0.6855877487633267
E003601,0.5183655055007839
E003605,0.53728203058317
E003608,0.4801796805475095
E003609,0.5596935737505421
E003613,0.5437564746325223
E003614,0.6426170400625165
E003615,0.573316992248299
E003616,0.5369515251531304
E003619,0.8380571624343485
E003620,0.42357932613539295
E003623,0.4414181089058723
E003625,0.43336999940055376
E003627,0.5593324970105626
E003630,0.44124382794077244
E003632,0.4338939878294954
E003635,0.6512932638022805
E003636,0.4961009596445831
E003637,0.6509631833471622
E003639,0.4984159201696441
E003640,0.7874849125021183
E003649,0.42432976151420665
E003651,0.536006965895883
E003652,0.5442377090461101
E003653,0.5441084388776407
E003656,0.41685780816680895
E003658,0.4996450809292102
E003662,0.5338151622453595
E003663,0.42415837035210135
E003664,0.5281430037233834
E003667,0.44066261698124076
E003669,0.42432976151420665
E003670,0.5001290683352607
E003672,0.5650293969708464
E003680,0.4447173023724724
E003682,0.6433303450969609
E003684,0.42432976151420665
E003685,0.8047154428422251
E003686,0.5377501983046593
E003687,0.4167908375140089
E003689,0.5656352200287998
E003690,0.7360123823273519
E003691,0.6910347548365241
E003693,0.5983657376281581
E003696,0.43336999940055376
E003697,0.4847144273020709
E003699,0.5501875069241889
E003700,0.4173034448518736
E003706,0.4854775527302072
E003707,0.4900771164662855
E003708,0.5338151622453595
E003712,0.6886482877130609
E003713,0.5007406795516234
E003715,0.5281430037233834
E003718,0.5247642558846715
E003720,0.4174172546087526
E003721,0.54146793891119
E003722,0.4640015091969619
E003723,0.5179280322237857
E003726,0.5295638985220069
E003730,0.6214082693625385
E003731,0.4398531731402556
E003735,0.5241673631303949
E003737,0.5369515251531304
E003738,0.6862978211250299
E003740,0.42432976151420665
E003741,0.7993941270680072
E003745,0.4163364018373663
E003746,0.44124382794077244
E003747,0.49890533973130957
E003749,0.5236075254133997
E003756,0.5247871148534062
E003758,0.6501747846660221
E003759,0.5010340177817211
E003762,0.7515682946746377
E003763,0.4613884879631429
E003764,0.5515180449621094
E003765,0.5273466811319962
E003766,0.4447173023724724
E003768,0.44066261698124076
E003769,0.42357932613539295
E003771,0.5450059118627889
E003772,0.4163364018373663
E003774,0.4978342913455995
E003775,0.5510044870290542
E003777,0.42357932613539295
E003778,0.45718274187859664
E003779,0.41685780816680895
E003780,0.5188484381436469
E003781,0.6662842912263309
E003782,0.7621101847306508
E003785,0.6392907843181953
E003786,0.44035705821562887
E003788,0.5383959461297151
E003789,0.4498513686635947
E003790,0.41685780816680895
E003793,0.5025335320964459
E003795,0.517318982951045
E003797,0.5287166812555977
E003799,0.6405855287729338
E003802,0.43336999940055376
E003808,0.4640015091969619
E003809,0.45718274187859664
E003810,0.5183655055007839
E003812,0.5433447957429942
E003814,0.4174172546087526
E003815,0.5423132741661856
E003821,0.5906837734991001
E003822,0.43336999940055376
E003823,0.5227667603068581
E003824,0.5273466811319962
E003825,0.6528397227486067
E003826,0.5225840252077926
E003827,0.4167908375140089
E003828,0.5236075254133997
E003829,0.43336999940055376
E003830,0.45873519538667085
E003831,0.5338151622453595
E003832,0.6795552680041745
E003833,0.4995290721432481
E003837,0.4156629937164372
E003838,0.5238443265244906
E003844,0.43422140614616117
E003845,0.512011023657519
E003848,0.45718274187859664
E003849,0.43382579901724605
E003850,0.5236867371671342
E003851,0.4163364018373663
E003852,0.4156629937164372
E003854,0.41685780816680895
E003858,0.5150693649390756
E003859,0.5627901136055871
E003860,0.54146793891119
E003861,0.45965300743209836
E003865,0.4338939878294954
E003868,0.6933926351975928
E003871,0.517318982951045
E003872,0.5612984400588165
E003875,0.4640015091969619
E003876,0.530777100017707
E003878,0.6087642129019413
E003880,0.478192452768909
E003881,0.7923401510747756
E003884,0.43422140614616117
E003885,0.49673514141074304
E003887,0.6606645063678229
E003891,0.6479005371954747
E003893,0.5388995353441589
E003894,0.4167908375140089
E003895,0.5183655055007839
E003897,0.6654075337033014
E003899,0.4984159201696441
E003904,0.5227667603068581
E003909,0.45718274187859664
E003910,0.4329929477231641
E003911,0.5017539611068811
E003912,0.5286419042617445
E003913,0.6289173371480818
E003914,0.7810457608501675
E003918,0.6461559323467077
E003920,0.5227667603068581
E003921,0.5518540803546365
E003922,0.5209529859537815
E003926,0.5724177917606729
E003928,0.4613884879631429
E003930,0.5935016842417866
E003934,0.5596935737505421
E003939,0.65119035151679
E003941,0.5218592732780546
E003943,0.6855531415042473
E003944,0.6204093259168656
E003945,0.4167908375140089
E003946,0.49783384165532346
E003948,0.5227257850743044
E003950,0.4785638883007658
E003951,0.4156629937164372
E003953,0.4781033991579833
E003954,0.4338939878294954
E003955,0.6680843464568634
E003960,0.4961009596445831
E003964,0.48613957656160317
E003965,0.4398531731402556
E003966,0.48341786994836533
E003969,0.43336999940055376
E003970,0.6500450049594536
E003973,0.4498513686635947
E003979,0.42415837035210135
E003980,0.5241673631303949
E003982,0.6874299778479104
E003983,0.5150693649390756
E003984,0.5427614431992537
E003986,0.5308188557767534
E003988,0.45873519538667085
E003991,0.5179280322237857
E003992,0.8194457955802246
E003995,0.6338655358308195
E003996,0.5651202482002342
E004004,0.8521349029551785
E004006,0.8029638251857283
E004009,0.4167908375140089
E004011,0.53904913538681
E004012,0.4163364018373663
E004013,0.47882045461278155
E004015,0.5273466811319962
E004016,0.5225840252077926
E004017,0.5308188557767534
E004018,0.6053183770539201
E004019,0.573943684036479
E004020,0.42357932613539295
E004023,0.43336999940055376
E004025,0.4414181089058723
E004031,0.5808962570037857
E004033,0.43336999940055376
E004035,0.5308188557767534
E004038,0.4163364018373663
E004039,0.5179280322237857
E004041,0.45718274187859664
E004043,0.54146793891119
E004046,0.4167908375140089
E004049,0.4173034448518736
E004050,0.6446135175329036
E004057,0.7540395442184018
E004058,0.6197079232427833
E004063,0.4329929477231641
E004064,0.5066312567760289
E004065,0.5418189780374567
E004070,0.5369515251531304
E004071,0.4996450809292102
E004072,0.5421713811910017
E004075,0.4640015091969619
E004076,0.5247642558846715
E004078,0.45965300743209836
E004079,0.5592763857761661
E004080,0.43382579901724605
E004083,0.6377298782499252
E004084,0.5694156100812631
E004085,0.5678848259387902
E004088,0.4173034448518736
E004093,0.45965300743209836
E004094,0.5477652304355022
E004096,0.517318982951045
E004101,0.8033834775272668
E004102,0.7253074829447776
E004103,0.5852967311379856
E004106,0.842241497959049
E004107,0.5281850483704196
E004115,0.4163364018373663
E004116,0.5236075254133997
E004118,0.7283983943744265
E004119,0.45965300743209836
E004120,0.5450059118627889
E004122,0.5712812696166617
E004124,0.5712370726563397
E004125,0.5247642558846715
E004126,0.5396912225964586
E004127,0.44164531051721645
E004128,0.6489267066505319
E004130,0.4167908375140089
E004131,0.6559891108008319
E004132,0.500441800017159
E004133,0.517493291564287
E004135,0.5734121624293304
E004136,0.4897608538413769
E004138,0.46491948373422065
E004139,0.5396912225964586
E004140,0.45965300743209836
E004141,0.5182398649925062
E004143,0.6526688774072583
E004144,0.4163364018373663
E004146,0.49095746085494574
E004155,0.6278098255236285
E004163,0.4173034448518736
E004165,0.41685780816680895
E004167,0.44035705821562887
E004171,0.814230655249123
E004173,0.8095507942221164
E004178,0.4972871063343993
E004179,0.599389771158245
E004183,0.6877682763184133
E004184,0.4424117842039431
E004185,0.457244768044459
E004187,0.6646534154230034
E004189,0.5236867371671342
E004190,0.6874502429144577
E004191,0.5997008304195075
E004192,0.5295638985220069
E004193,0.6300607485585469
E004197,0.5377501983046593
E004204,0.6461078154553317
E004208,0.8388834544458748
E004209,0.41685780816680895
E004213,0.45873519538667085
E004214,0.7879455744875117
E004219,0.45965300743209836
E004227,0.5369515251531304
E004230,0.6649328308776146
E004233,0.5997008304195075
E004234,0.45965300743209836
E004241,0.5712370726563397
E004243,0.457244768044459
E004244,0.43382579901724605
E004245,0.4174172546087526
E004246,0.5388995353441589
E004247,0.6034217038937051
E004248,0.4163364018373663
E004249,0.49445420338193485
E004251,0.6037422535027015
E004252,0.43600292391645795
E004253,0.5424559962388376
E004254,0.6839702750967102
E004256,0.597649678290616
E004257,0.6458731022898981
E004262,0.7945966757063241
E004263,0.43382579901724605
E004265,0.4984159201696441
E004269,0.4174172546087526
E004272,0.6486218406436791
E004273,0.5694207067523112
E004276,0.4173034448518736
E004278,0.42357932613539295
E004281,0.5186858869325937
E004283,0.6142764351843939
E004285,0.6931398525830018
E004289,0.5372799194717109
E004290,0.6473043982365577
E004291,0.4185496597922165
E004296,0.5744631255675
E004297,0.6632284884621581
E004299,0.5421713811910017
E004300,0.41685780816680895
E004301,0.6015742753974525
E004303,0.5188484381436469
E004304,0.6552253781665481
E004307,0.42357932613539295
E004309,0.637699722532322
E004310,0.55869620058562
E004316,0.4640015091969619
E004317,0.6362694409415732
E004318,0.570122005255506
E004320,0.5435236285874971
E004324,0.45965300743209836
E004326,0.6230659404146316
E004330,0.537732128112154
E004332,0.42432976151420665
E004333,0.4338939878294954
E004335,0.6480595110840036
E004343,0.6031112317128298
E004344,0.6483120053271096
E004346,0.6424245030365487
E004348,0.4398531731402556
E004353,0.44035705821562887
E004355,0.651288556876251
E004356,0.5287166812555977
E004357,0.545796205989187
E004358,0.5834180251188562
E004359,0.652270236074969
E004360,0.5596935737505421
E004361,0.5369515251531304
E004364,0.5441131852095079
E004367,0.5001290683352607
E004369,0.6615622961159823
E004372,0.5282664418106874
E004379,0.536793386017983
E004380,0.5226861093019383
E004381,0.4447173023724724
E004383,0.43560359081523137
E004384,0.7199778575223983
E004386,0.4498513686635947
E004387,0.43560359081523137
E004393,0.6478456186168978
E004394,0.44066261698124076
E004395,0.42432976151420665
E004397,0.5236075254133997
E004399,0.7850013956752249
E004400,0.43560359081523137
E004407,0.44035705821562887
E004408,0.39958415002160774
E004410,0.53728203058317
E004412,0.841339025927856
E004413,0.486092251104621
E004416,0.5183655055007839
E004417,0.662159707209766
E004418,0.4888167688327658
E004425,0.5424559962388376
E004427,0.6615622961159823
E004428,0.4156629937164372
E004429,0.5655372284778177
E004432,0.5552361069101451
E004433,0.4174172546087526
E004438,0.42432976151420665
E004441,0.44451460951212496
E004442,0.4984159201696441
E004444,0.5182398649925062
E004446,0.4167908375140089
E004447,0.4167908375140089
E004448,0.6278758793178392
E004449,0.49399913742056806
E004453,0.5734512402184943
E004454,0.5418189780374567
E004457,0.6423472742730235
E004460,0.6386226360540745
E004463,0.4185496597922165
E004465,0.5326962468796816
E004466,0.6632888875083921
E004468,0.6478024528115884
E004472,0.4163364018373663
E004480,0.4174172546087526
E004481,0.5174448989433267
E004482,0.6884073457773342
E004486,0.7874742978351603
E004487,0.4961009596445831
E004491,0.44066261698124076
E004492,0.43336999940055376
E004493,0.4604706759177154
E004494,0.5997008304195075
E004495,0.511251903642606
E004497,0.4338939878294954
E004500,0.5377501983046593
E004501,0.49829357518898254
E004503,0.517318982951045
E004508,0.5174448989433267
E004510,0.6458731022898981
E004513,0.5935016842417866
E004517,0.4781033991579833
E004518,0.4156629937164372
E004519,0.6627907149678308
E004521,0.5421713811910017
E004523,0.7843325365129744
E004526,0.6442789763639205
E004530,0.6522838014430256
E004531,0.6859111708535413
E004532,0.5441131852095079
E004533,0.8463805663850859
E004535,0.49399913742056806
E004537,0.5115996415351461
E004548,0.6910001530926314
E004552,0.6719876984088257
E004555,0.49979828633916207
E004558,0.7210649088404946
E004559,0.5174448989433267
E004560,0.8386551006265985
E004561,0.573316992248299
E004563,0.5008809799115399
E004564,0.5324458111253533
E004566,0.5712812696166617
E004570,0.5737623711551773
E004574,0.5287166812555977
E004577,0.6666550782506981
E004578,0.6825910025003676
E004579,0.4261393538008905
E004582,0.5441131852095079
E004583,0.5673247552057137
E004585,0.42455323119134747
E004586,0.4847144273020709
E004591,0.5286441378433158
E004592,0.7843391437817697
E004594,0.5424559962388376
E004597,0.5326962468796816
E004598,0.5007406795516234
E004599,0.5286419042617445
E004601,0.6291543574525095
E004604,0.4173034448518736
E004608,0.4338939878294954
E004609,0.5321213198466547
E004610,0.5369515251531304
E004611,0.525251765673655
E004612,0.4338939878294954
E004613,0.5396912225964586
E004615,0.5183655055007839
E004617,0.5651202482002342
E004620,0.5032589542113425
E004622,0.5286419042617445
E004625,0.4329929477231641
E004629,0.4835564849476953
E004634,0.43600292391645795
E004636,0.4167908375140089
E004637,0.4185496597922165
E004640,0.5338151622453595
E004644,0.49828536636957493
E004645,0.5544447729504062
E004646,0.49399913742056806
E004647,0.4824872296605169
E004651,0.49783384165532346
E004654,0.5407851126715635
E004655,0.55869620058562
E004658,0.6899471399400715
E004664,0.5295638985220069
E004665,0.5295638985220069
E004666,0.6859042074030943
E004670,0.6347976816463151
E004674,0.7977700251751468
E004675,0.57454835055494
E004676,0.49399913742056806
E004681,0.44066261698124076
E004685,0.5186858869325937
E004688,0.43382579901724605
E004689,0.6478842942849075
E004690,0.692027129943659
E004693,0.5183655055007839
E004696,0.5589371968164419
E004697,0.4174172546087526
E004701,0.537732128112154
E004702,0.5247642558846715
E004703,0.517318982951045
E004704,0.6841926403958163
E004706,0.4329929477231641
E004707,0.6418703594024615
E004708,0.6876320284006308
E004709,0.48819572152604856
E004712,0.5188484381436469
E004716,0.4329929477231641
E004718,0.4987053452346503
E004725,0.6488962045972111
E004726,0.45873519538667085
E004727,0.5125204338565017
E004729,0.5000723443007886
E004732,0.8340331522833416
E004733,0.6426472602063683
E004737,0.4414181089058723
E004739,0.6307290320837123
E004740,0.4447173023724724
E004741,0.6001661076370661
E004742,0.5236867371671342
E004743,0.42415837035210135
E004745,0.5324458111253533
E004746,0.6392921601007733
E004750,0.5236075254133997
E004755,0.5658365642326016
E004758,0.7659429615668837
E004759,0.45965300743209836
E004760,0.701081592787903
E004769,0.5450059118627889
E004770,0.7830338265064896
E004771,0.5150693649390756
E004772,0.7236077149791673
E004780,0.5188484381436469
E004781,0.5960633751689921
E004782,0.5179280322237857
E004783,0.5186858869325937
E004784,0.4232757543052774
E004786,0.5603317435552858
E004787,0.6327633034331602
E004788,0.5236867371671342
E004792,0.5443288592721498
E004795,0.5552361069101451
E004796,0.5997608132149961
E004798,0.4185496597922165
E004799,0.4174172546087526
E004800,0.4338939878294954
E004802,0.44124382794077244
E004803,0.7403865123265518
E004804,0.54146793891119
E004807,0.4781033991579833
E004809,0.4498620059533268
E004812,0.7772854690966486
E004813,0.4163364018373663
E004814,0.42455323119134747
E004816,0.43560359081523137
E004817,0.4447173023724724
E004819,0.5115996415351461
E004824,0.6686770177271891
E004826,0.8446654535876182
E004827,0.4185496597922165
E004828,0.5117645570369888
E004830,0.8290362938104731
E004833,0.7598549645352026
E004835,0.5378184980068492
E004837,0.49216457744259084
E004838,0.6013790891681925
E004839,0.49890533973130957
E004841,0.542754294158427
E004844,0.5020913682232591
E004845,0.43336999940055376
E004846,0.46345721978130977
E004849,0.5658672653818286
E004850,0.53728203058317
E004851,0.5433447957429942
E004852,0.5688535110479641
E004854,0.49095746085494574
E004858,0.5449986989149462
E004859,0.5980575234572933
E004860,0.5423732535457221
E004862,0.4163364018373663
E004863,0.45718274187859664
E004865,0.8352114040677185
E004867,0.4163364018373663
E004868,0.5425479407558441
E004874,0.5282664418106874
E004877,0.5227257850743044
E004878,0.6485867448353838
E004881,0.48819572152604856
E004882,0.6442107215392208
E004883,0.44124382794077244
E004884,0.646083425576495
E004885,0.5496311255773642
E004886,0.5369515251531304
E004888,0.7410738521201009
E004889,0.4167908375140089
E004890,0.7378125020376682
E004892,0.4174172546087526
E004895,0.6412466960760451
E004896,0.5227667603068581
E004898,0.5544447729504062
E004900,0.4156629937164372
E004902,0.6538827236099191
E004903,0.7751589861198979
E004904,0.4984159201696441
E004905,0.5369515251531304
E004908,0.45873519538667085
E004909,0.42415837035210135
E004910,0.457244768044459
E004913,0.5309573077029133
E004914,0.6695062968435171
E004915,0.4414181089058723
E004920,0.457244768044459
E004921,0.5850208478511336
E004923,0.49673514141074304
E004925,0.5361850882013202
E004926,0.4163364018373663
E004934,0.5321213198466547
E004936,0.43382579901724605
E004939,0.5552361069101451
E004940,0.4447173023724724
E004941,0.4173034448518736
E004942,0.5125204338565017
E004944,0.6803783495901561
E004945,0.8363374388971042
E004953,0.42357932613539295
E004957,0.41685780816680895
E004959,0.5712370726563397
E004964,0.53904913538681
E004967,0.5627901136055871
E004969,0.6455353711201379
E004970,0.4978342913455995
E004973,0.5369515251531304
E004979,0.4167908375140089
E004980,0.44164531051721645
E004983,0.4424117842039431
E004987,0.5369515251531304
E004988,0.43382579901724605
E004997,0.46782868045017434
E004999,0.5087599157811533
E005000,0.8141671225681487
E005001,0.45873519538667085
E005002,0.4854775527302072
E005003,0.5388995353441589
E005004,0.42455323119134747
E005009,0.4338939878294954
E005011,0.5324458111253533
E005013,0.5935016842417866
E005017,0.46491948373422065
E005018,0.5182398649925062
E005020,0.4972871063343993
E005021,0.5227257850743044
E005023,0.5582463603976963
E005024,0.645877370143272
E005028,0.5012005617510836
E005029,0.5115996415351461
E005036,0.8008560377798979
E005037,0.5231905395119367
E005042,0.631603755126477
E005046,0.4604706759177154
E005052,0.4173034448518736
E005054,0.6420993627681415
E005057,0.647709127813684
E005058,0.47859777708973306
E005059,0.5584482809257173
E005060,0.5236075254133997
E005061,0.5435236285874971
E005065,0.5188484381436469
E005066,0.4613884879631429
E005067,0.43600292391645795
E005068,0.6187133709467898
E005070,0.820636151095199
E005072,0.780030449210494
E005073,0.47882045461278155
E005074,0.5286441378433158
E005075,0.4073692112296977
E005081,0.6523174739431742
E005083,0.5174448989433267
E005084,0.4174172546087526
E005085,0.46491948373422065
E005086,0.4185496597922165
E005089,0.5326962468796816
E005092,0.5238443265244906
E005093,0.6763322527257947
E005097,0.5141458369322754
E005099,0.6619202221315079
E005100,0.5238443265244906
E005101,0.6129907023125125
E005104,0.5377501983046593
E005106,0.6398890182671372
E005110,0.5375076374575263
E005112,0.42432976151420665
E005114,0.5336614979728093
E005115,0.6230471764656484
E005116,0.6522667383750012
E005117,0.5032076267700548
E005122,0.5369515251531304
E005126,0.4185496597922165
E005127,0.5935016842417866
E005129,0.4173034448518736
E005130,0.5282664418106874
E005132,0.5748182917482528
E005134,0.7465398420039808
E005135,0.4167908375140089
E005136,0.5369515251531304
E005137,0.44066261698124076
E005138,0.7744882848154843
E005139,0.4424117842039431
E005143,0.5441131852095079
E005146,0.49828536636957493
E005148,0.7858823211825752
E005150,0.42432976151420665
E005155,0.5648389562625711
E005157,0.4156629937164372
E005158,0.6132869657636482
E005161,0.43588853515249504
E005162,0.4167908375140089
E005163,0.4888167688327658
E005166,0.5445221665813246
E005167,0.45718274187859664
E005169,0.4996761785736888
E005174,0.5125204338565017
E005175,0.6505265343990375
E005177,0.4185496597922165
E005179,0.45965300743209836
E005180,0.6464509283760832
E005182,0.5383959461297151
E005185,0.7871102463578971
E005186,0.7757573573315486
E005187,0.5141458369322754
E005188,0.4894588048622252
E005190,0.4398531731402556
E005192,0.4897608538413769
E005195,0.5733477706413033
E005197,0.5115996415351461
E005198,0.43600292391645795
E005200,0.44035705821562887
E005207,0.43600292391645795
E005208,0.5390436108555934
E005216,0.5437564746325223
E005217,0.7883610632450058
E005220,0.5236075254133997
E005225,0.4640015091969619
E005227,0.5658365642326016
E005229,0.4498513686635947
E005230,0.4338939878294954
E005232,0.6426893641478979
E005233,0.802830728467257
E005235,0.5014612033093279
E005238,0.47859777708973306
E005239,0.5150693649390756
E005242,0.44164531051721645
E005246,0.5544447729504062
E005249,0.43382579901724605
E005251,0.5362763933029099
E005254,0.8125289938712741
E005255,0.41685780816680895
E005260,0.45965300743209836
E005263,0.6306062142150793
E005265,0.7829767458559013
E005267,0.5182398649925062
E005269,0.5324458111253533
E005270,0.4613884879631429
E005271,0.5236075254133997
E005273,0.44451460951212496
E005277,0.5225840252077926
E005284,0.5286441378433158
E005285,0.44164531051721645
E005289,0.5363413500930498
E005291,0.5534908875513732
E005294,0.849850383224389
E005295,0.6134080519389556
E005298,0.41685780816680895
E005300,0.7940939742735419
E005308,0.6496010536818699
E005315,0.42455323119134747
E005318,0.43600292391645795
E005319,0.4329929477231641
E005322,0.5125204338565017
E005323,0.6447006101048178
E005324,0.5236075254133997
E005326,0.6351139947099813
E005331,0.6384349686712706
E005332,0.4167908375140089
E005334,0.7882993076950001
E005335,0.6638908226171361
E005340,0.5324458111253533
E005342,0.592670485068798
E005343,0.41685780816680895
E005344,0.5238443265244906
E005346,0.4253151921079734
E005347,0.5210947258780451
E005350,0.5000723443007886
E005351,0.8460800745119684
E005353,0.49774295162792087
E005355,0.835804470476961
E005358,0.57454835055494
E005360,0.6619579422045937
E005361,0.5014612033093279
E005365,0.4232757543052774
E005371,0.5282664418106874
E005372,0.5183655055007839
E005373,0.5188484381436469
E005375,0.498937146489715
E005377,0.4167908375140089
E005378,0.5369515251531304
E005379,0.4338939878294954
E005380,0.44124382794077244
E005382,0.6441803857762436
E005384,0.43336999940055376
E005385,0.5247642558846715
E005388,0.5421713811910017
E005392,0.4987053452346503
E005397,0.4232757543052774
E005400,0.7808273847476648
E005403,0.43382579901724605
E005404,0.5520766198338886
E005406,0.6538620071592363
E005407,0.5388995353441589
E005408,0.6642855095839082
E005413,0.4232757543052774
E005419,0.4273842452052353
E005421,0.42455323119134747
E005422,0.6279103033021957
E005425,0.43336999940055376
E005427,0.5141458369322754
E005432,0.5502133975879185
E005433,0.6498025356880701
E005434,0.4447173023724724
E005445,0.5423732535457221
E005446,0.5421713811910017
E005447,0.48419076354418666
E005448,0.6422207607091256
E005449,0.5211091907451141
E005451,0.5433447957429942
E005452,0.6376541458536946
E005453,0.4894588048622252
E005455,0.6451268127795656
E005456,0.4897608538413769
E005458,0.45718274187859664
E005464,0.662007767117764
E005466,0.6114787010785295
E005467,0.43382579901724605
E005470,0.4604706759177154
E005473,0.48613957656160317
E005475,0.4173034448518736
E005480,0.5236867371671342
E005481,0.7138481658174114
E005485,0.6443728577694663
E005488,0.799006709673219
E005493,0.5326962468796816
E005497,0.5997008304195075
E005498,0.5427614431992537
E005499,0.5324458111253533
E005500,0.57454835055494
