E000002,0.4849184983993737
E000003,0.4179158388716381
E000004,0.8705055319391674
E000006,0.6051723927116341
E000009,0.8311479048249859
E000012,0.49578625357270056
E000016,0.5545345661998199
E000017,0.793067955097248
E000018,0.3848589739180264
E000019,0.5901629339568762
E000020,0.4928385856449494
E000021,0.159126454357405
E000024,0.1712859644278509
E000028,0.29717839565045145
E000029,0.6367358047053123
E000030,0.7418603624840753
E000032,0.324993454949408
E000033,0.633108847050821
E000034,0.9114356718731023
E000035,0.44680433986584156
E000040,0.8696084750274807
E000044,0.3818646207556498
E000046,0.4463592434140814
E000048,0.38985880634134534
E000050,0.9349405773430597
E000051,0.8901404745490078
E000053,0.150489054881248
E000055,0.5135453994869291
E000056,0.7019053738627816
E000057,0.08443411385200394
E000058,0.963363526027584
E000061,0.4908107040387199
E000062,0.7254345385581118
E000063,0.6868527581269472
E000065,0.5872810343869644
E000067,0.6542431736078576
E000070,0.23827132205953483
E000075,0.9089873709701424
E000077,0.054221664220458037
E000080,0.31517071426435606
E000081,0.5902164561015428
E000083,0.34777367420650285
E000084,0.8279704880790741
E000085,0.43412129311012476
E000087,0.7900006455298596
E000089,0.34871269568640867
E000092,0.5893026629852777
E000094,0.7818613438066043
E000097,0.5789411221982245
E000098,0.4868211779741561
E000100,0.6701242501924478
E000101,0.8688961008363566
E000103,0.3002593954659716
E000104,0.8726863505707688
E000107,0.7402078894739529
E000108,0.7950888236389555
E000111,0.6868155335481057
E000112,0.7232702363377936
E000116,0.9251412213404725
E000120,0.23008400876765592
E000121,0.7861315138448439
E000122,0.7744644248893962
E000124,0.7930264359837677
E000125,0.9874179463950301
E000126,0.5486521627078551
E000127,0.4462938595558598
E000128,0.2678043121179568
E000130,0.297693263946282
E000131,0.7757910074138442
E000137,0.2556834307664633
E000138,0.8271924815542024
E000144,0.6432225017126314
E000146,0.5600319149927714
E000147,0.6522310605996553
E000148,0.81791831406973
E000150,0.22325097760752444
E000151,0.6717483556485705
E000153,0.7512931135201785
E000154,0.8141994153747558
E000155,0.7911764024919608
E000157,0.36369318663823286
E000159,0.6991597734620072
E000162,0.5929681781949871
E000164,0.2885969495676709
E000166,0.5555387856216933
E000167,0.5487646268911949
E000168,0.7020666390994519
E000169,0.5668339145832453
E000175,0.7011193820407393
E000178,0.980346448606961
E000181,0.3758205067241442
E000182,0.7304621696388257
E000186,0.6531188288804688
E000187,0.9159175790319968
E000188,0.8154901040200053
E000189,0.6312333203044226
E000191,0.9454167486260708
E000207,0.02835974164364243
E000208,0.5284611144883279
E000209,0.8117455706439365
E000214,0.23154385260605057
E000217,0.6940287503431328
E000218,0.31471291012319014
E000219,0.9671421022102747
E000223,0.6522739960268286
E000227,0.8738345558509968
E000230,0.603482255653978
E000232,0.6910901116361723
E000234,0.20532471294373233
E000235,0.6673175374300432
E000236,0.7491058822602821
E000238,0.12037646245113144
E000242,0.3432406379051267
E000246,0.24769728117603226
E000249,0.19766449001094522
E000252,0.595917369799198
E000253,0.9696269546933126
E000256,0.9624143966475827
E000257,0.7169553713988575
E000262,0.1686036969610439
E000264,0.8165463295688541
E000265,0.7159343925714979
E000269,0.3945389011806778
E000270,0.6641270107636883
E000271,0.87936358279032
E000272,0.3408106469403524
E000275,0.07672779581532024
E000276,0.8274629123925561
E000277,0.4477268615124213
E000278,0.7509235945108773
E000281,0.7473555450157829
E000282,0.8354331733073985
E000284,0.7571270386630342
E000285,0.960549501701067
E000288,0.6870802835274064
E000289,0.5136671876585868
E000291,0.828013604586501
E000292,0.47792924962924915
E000294,0.9221495578347095
E000295,0.5847529334864031
E000298,0.4123477959501626
E000299,0.07242455711584773
E000301,0.47048838053294606
E000302,0.6961479046284765
E000304,0.5752711346064786
E000315,0.14757894234574379
E000316,0.2352039259712778
E000321,0.10417837789578978
E000323,0.04561283139558664
E000324,0.416360855987073
E000328,0.8057322494605302
E000331,0.7003462713577758
E000332,0.6615826124947863
E000333,0.4770151406739783
E000337,0.48807943837463663
E000339,0.727505639009194
E000342,0.9500772695421096
E000343,0.7096953635031771
E000344,0.12735221346163741
E000345,0.24796618952622512
E000346,0.9484841511458384
E000348,0.9311792068522665
E000350,0.8672394268005706
E000352,0.3367172949179221
E000359,0.7600611864787407
E000361,0.7119380066011324
E000362,0.7141114836712935
E000363,0.5706262609495272
E000366,0.878641368225227
E000367,0.7764891614941534
E000368,0.8162723667522102
E000370,0.7627718328906685
E000372,0.6751403543963798
E000373,0.7185908593459785
E000376,0.7537305196692191
E000378,0.7486487133651186
E000379,0.6185777561311118
E000380,0.8530428523914374
E000383,0.222088170287226
E000384,0.3948716209803416
E000386,0.8602409554407713
E000387,0.7275651684559639
E000391,0.39818576062076566
E000394,0.415809195404437
E000395,0.06902703686283954
E000396,0.5243796762287626
E000402,0.5678390319534282
E000405,0.6666889330622089
E000412,0.8455147745188366
E000414,0.5713405330469534
E000415,0.7745759863360444
E000417,0.31975221868930964
E000418,0.8255857502463168
E000420,0.8437555107233821
E000425,0.7394210511337715
E000426,0.3770494437048356
E000427,0.5841268019228407
E000428,0.30050360824155953
E000430,0.14349284834376352
E000432,0.5976026810248243
E000433,0.826890785013887
E000435,0.7613078658376318
E000437,0.37263722832893553
E000438,0.8909351198468869
E000442,0.7715156828692019
E000448,0.7721284804054456
E000451,0.41000037080974766
E000452,0.6188123337636274
E000454,0.5335599061479158
E000456,0.35072281496174684
E000460,0.8132546481393825
E000462,0.47398530984847115
E000472,0.184331209314353
E000475,0.9305512207139562
E000477,0.543834485074012
E000478,0.611273229791389
E000485,0.295322155522841
E000492,0.8859545168181971
E000493,0.6811574818529765
E000496,0.6364183984797069
E000498,0.8680293421371815
E000499,0.5683880390078717
E000502,0.3812743653968181
E000503,0.45843961909651604
E000504,0.8847857483342165
E000511,0.7212075034068972
E000513,0.20668371602500363
E000514,0.33224340723644297
E000515,0.7590808969374411
E000517,0.9263451857878442
E000520,0.19643773843232196
E000525,0.34091222189897863
E000528,0.270829094081847
E000531,0.2504942662829975
E000536,0.6769189166033482
E000537,0.6727043158631645
E000539,0.623985923855572
E000542,0.9309949031862956
E000543,0.916311115687418
E000544,0.7274551509411596
E000547,0.5740167705028867
E000550,0.7644107723134173
E000551,0.916592385234086
E000552,0.6242706490003236
E000554,0.7269111747863661
E000555,0.5674757249335289
E000556,0.8416184171839345
E000557,0.7785876391751014
E000559,0.8511748103712423
E000565,0.7740820041338135
E000567,0.7707217426583579
E000568,0.9537916666966879
E000569,0.44695680083371586
E000573,0.5414950061956608
E000582,0.07491588732059305
E000584,0.1528016369314876
E000587,0.8785598948996488
E000588,0.4184882127318163
E000590,0.7958466272074022
E000592,0.6285663349423729
E000595,0.5090987246212083
E000596,0.8209468366180832
E000597,0.44604818591818907
E000599,0.755253103182863
E000600,0.8795343701440624
E000602,0.7252250832085573
E000604,0.9099919968331791
E000610,0.07956275473001855
E000611,0.48722044691024247
E000612,0.4106164166915477
E000613,0.6942147039052222
E000614,0.21021729078698817
E000616,0.8982586642919859
E000617,0.6655276035925225
E000620,0.7219034899038671
E000621,0.3906274989916449
E000624,0.03875803323688106
E000625,0.34931034730571686
E000627,0.6261247265156588
E000631,0.2858059689105627
E000632,0.1195108704837792
E000634,0.6044938492878806
E000638,0.29918950964929203
E000639,0.712692235009303
E000645,0.37767885060312234
E000648,0.8931789673335749
E000649,0.6596322964076149
E000650,0.578162051371914
E000651,0.8485959187341954
E000652,0.8797248845212566
E000655,0.8060171143374472
E000660,0.6794500070117199
E000661,0.42414487237561893
E000664,0.6328064128334698
E000667,0.5377285256767788
E000668,0.9366771649062348
E000671,0.13863487715835066
E000672,0.8035701280369133
E000677,0.8795281430513374
E000679,0.4954992452496965
E000680,0.5197777478978837
E000681,0.4777170974399404
E000683,0.8656377857477862
E000685,0.14713878463108665
E000687,0.7211612260606427
E000690,0.5192079632498461
E000691,0.6654089944524664
E000696,0.4323416631458166
E000698,0.2579572131448493
E000699,0.7974591199911756
E000701,0.9294834008108118
E000703,0.36748222437553546
E000706,0.8918523666837154
E000708,0.4017959919914449
E000709,0.35489444750406246
E000711,0.7293058449718234
E000712,0.05441153844320755
E000714,0.42234105138874717
E000717,0.7315667642060542
E000719,0.8245521883102571
E000720,0.5567190170261541
E000722,0.16051459561175752
E000723,0.8249891664326601
E000724,0.4014322179507545
E000726,0.2007669390557044
E000727,0.6002905091018856
E000728,0.6416750265795087
E000729,0.09339477272559368
E000732,0.48847923267576265
E000733,0.6497749893375732
E000734,0.6972628575085164
E000735,0.5300439118555781
E000736,0.7168539558736644
E000739,0.06644345984987601
E000742,0.8767528473016264
E000744,0.2247603043868622
E000746,0.7823637130397734
E000747,0.502569490777318
E000750,0.22716303126360768
E000751,0.738606755630928
E000753,0.8429987928756296
E000754,0.665670527901135
E000756,0.11249183186787112
E000757,0.7756532064149698
E000758,0.6806843103769987
E000761,0.6470736877428649
E000763,0.8570623838096478
E000772,0.9660863009706142
E000773,0.809864462732018
E000775,0.5161546528457907
E000776,0.5424809353423369
E000778,0.5734545740398678
E000779,0.879011913521078
E000780,0.47031258078181415
E000781,0.7336255755927727
E000782,0.7116411033076331
E000784,0.5001817663961293
E000785,0.5949474167126073
E000786,0.004681176844746571
E000787,0.5945428320715453
E000791,0.929705370776599
E000792,0.6315675896343731
E000793,0.6936970669352678
E000794,0.6890830511469304
E000795,0.47513911834893185
E000797,0.5496762607094068
E000799,0.7291235862122366
E000800,0.7959968723481019
E000802,0.26281091658470246
E000804,0.6905287078759942
E000805,0.4798557932960178
E000808,0.21069118596410785
E000811,0.9212321350945157
E000814,0.8882735372784009
E000815,0.40507822550157846
E000816,0.07290174507815371
E000818,0.36682694411929845
E000822,0.28222891264367556
E000823,0.8526398589328291
E000829,0.46091917186680237
E000832,0.4378719632340975
E000833,0.22149710161621525
E000836,0.14828655951257333
E000837,0.4729718615568615
E000841,0.6788865704815713
E000843,0.7731307506874397
E000844,0.15509167221365994
E000855,0.41498222975436777
E000856,0.17394424744359624
E000861,0.9398742808919046
E000862,0.6822556355863765
E000864,0.8828777240559027
E000865,0.5951897916104706
E000866,0.19191997746763778
E000868,0.6335966849182442
E000870,0.5861862606280343
E000872,0.03510365986294562
E000873,0.7705493486480147
E000874,0.5120986390756004
E000875,0.8935938235865507
E000876,0.8074062950099827
E000877,0.7765227288807041
E000880,0.5240115614058294
E000881,0.6999592005811113
E000882,0.1201189862532846
E000884,0.5726267654266546
E000885,0.597868046169632
E000886,0.3047908036357661
E000889,0.6652399933217644
E000890,0.9720164075336231
E000899,0.6323051954753522
E000909,0.314002878240099
E000910,0.5232117819580475
E000912,0.04745350307466603
E000913,0.5988346088587357
E000915,0.5982158060692165
E000916,0.3745674074312944
E000917,0.7655865195263869
E000918,0.7671470606325403
E000919,0.4605951461869623
E000920,0.7008552593180588
E000922,0.4933791708233309
E000923,0.8316556125746276
E000925,0.0580560224285442
E000927,0.4253312223358771
E000934,0.6666771232379166
E000937,0.9761465980396008
E000939,0.7638818163266383
E000940,0.4178984805915639
E000941,0.8883042950204898
E000942,0.8549500458054342
E000943,0.32140204640191045
E000946,0.9079183659505409
E000949,0.35268353680598935
E000953,0.8738531089500681
E000954,0.10570054719303361
E000955,0.9486710258769453
E000956,0.7190879487310484
E000957,0.4929415474084343
E000958,0.34940681437186044
E000959,0.5892063862863028
E000960,0.6732209939507448
E000966,0.3110155430771164
E000970,0.03306604808982956
E000979,0.17918488169994232
E000982,0.5633924330264446
E000983,0.8617032618945667
E000985,0.7609175096977606
E000986,0.9231186637646742
E000987,0.4777609372482765
E000988,0.6408228779750295
E000990,0.5615524903269674
E000993,0.6791716615733867
E000998,0.8717773537426732
E000999,0.875045502195172
E001001,0.9438688611261837
E001004,0.569106931906479
E001005,0.9409432833996811
E001006,0.6508609636741189
E001007,0.8009134089323784
E001009,0.734487847206175
E001011,0.7137639095077777
E001012,0.636168440944145
E001013,0.7736633502938612
E001015,0.4177003385294273
E001016,0.8760079613584016
E001017,0.29560814221228576
E001018,0.031105542304129964
E001019,0.6545691213733053
E001020,0.4678839289288799
E001021,0.41046902816846137
E001023,0.49803492538625377
E001026,0.45693679685625505
E001029,0.6346986603224153
E001030,0.624840451391952
E001031,0.5430288162856725
E001032,0.054322722938951906
E001033,0.5745130642431845
E001035,0.09609468748710558
E001036,0.8978365592783988
E001039,0.8205576641039913
E001040,0.7027816007080413
E001042,0.7316754283640674
E001043,0.4682340552166893
E001045,0.5514933178516527
E001047,0.7475740473528238
E001052,0.9158253866533121
E001053,0.8779476527192567
E001054,0.47587185616648453
E001056,0.7137638783413548
E001058,0.36759798465317006
E001062,0.57163022693906
E001063,0.31206689312989494
E001064,0.45989271106864793
E001067,0.06303708631188966
E001068,0.16066230266380646
E001069,0.6897286639541523
E001075,0.6891601617905535
E001076,0.7958968932398205
E001077,0.5593086516082459
E001078,0.31060377295398717
E001080,0.17827385729428444
E001082,0.7795117439332969
E001085,0.5591334606361329
E001089,0.7149591350193435
E001091,0.7600010702852811
E001092,0.8060359206484395
E001093,0.30094465610931775
E001094,0.6504663816166403
E001095,0.10124508686464
E001097,0.4071045636603034
E001099,0.722494743210731
E001100,0.45959618803505037
E001103,0.6515406329642212
E001104,0.6388653737183733
E001108,0.08914713957483979
E001109,0.4142130387696171
E001111,0.6841697153860081
E001112,0.6375117330513069
E001115,0.8990347849599005
E001116,0.4990689945732579
E001117,0.8045099565374272
E001121,0.3981030017888272
E001122,0.5594501888989644
E001131,0.9851875274542755
E001132,0.505704717472898
E001136,0.8536241121735683
E001141,0.8745109556040072
E001142,0.6297456473263296
E001143,0.8191287434681943
E001145,0.5385849774172697
E001147,0.38753987491408537
E001148,0.6041686133700268
E001151,0.769367368550688
E001154,0.6497523453740432
E001156,0.450676950132058
E001158,0.6532173865050065
E001159,0.21140505212928934
E001160,0.1550264213863323
E001163,0.7192455309861521
E001164,0.0904306609776266
E001166,0.04866403088890792
E001170,0.6680270449754431
E001173,0.2162309915348498
E001174,0.3768803782859002
E001177,0.8083980011573774
E001178,0.15082044516902623
E001180,0.6022974058820785
E001181,0.6588063592063809
E001185,0.5036363090787299
E001186,0.7966618182155247
E001187,0.7435537697897254
E001188,0.6537552479816032
E001194,0.8313381062114793
E001195,0.09704349826651024
E001197,0.1613330212974167
E001199,0.34498194403936067
E001202,0.8964289414269243
E001203,0.5713548555224583
E001204,0.6225531740157157
E001205,0.3401078286468043
E001206,0.6546221421864583
E001209,0.2693420621749345
E001212,0.8729662971518355
E001213,0.8916637884815404
E001217,0.7216402888486362
E001218,0.5468976783334458
E001220,0.19960638275778414
E001222,0.5088885228310397
E001224,0.7571759092582769
E001225,0.5441043248359132
E001227,0.04578122586302438
E001230,0.7309617892875806
E001231,0.5492574748947712
E001234,0.27591576352533903
E001237,0.7090953417478393
E001238,0.7077711368832462
E001239,0.5400521497148846
E001241,0.9162696886202177
E001243,0.9453404148158816
E001244,0.4087500550036436
E001247,0.6895465400340545
E001250,0.819024144312038
E001251,0.3384790384690266
E001254,0.2836738218023911
E001255,0.8724390122388058
E001256,0.5517046278177421
E001257,0.24915865131349738
E001259,0.7374429324227576
E001261,0.4820419771036229
E001263,0.061407483925919916
E001265,0.6563519689108145
E001266,0.2454886763317358
E001267,0.6252115514369265
E001269,0.6829020736205039
E001271,0.7371274253756955
E001273,0.6418343396915119
E001274,0.39747247685425796
E001275,0.895375078250976
E001277,0.659581741638534
E001279,0.5966561935395303
E001280,0.30395373122946845
E001285,0.8255291974562042
E001286,0.6226111514181706
E001291,0.7121458436949171
E001292,0.7725671364668858
E001293,0.7573536609432304
E001294,0.3571972983291328
E001298,0.4018772679232222
E001300,0.9163238788832845
E001302,0.3067009242474128
E001303,0.8290694855458615
E001308,0.8392719651101891
E001310,0.4020625913838216
E001311,0.48719790048642525
E001313,0.7910597333279057
E001314,0.019985996211208674
E001315,0.8720219758981139
E001318,0.8605721906726052
E001319,0.3460172639000223
E001321,0.7563915367146571
E001322,0.34506430364218604
E001323,0.4733362957387696
E001327,0.7775238011315035
E001331,0.5012802665059832
E001332,0.5277265911841951
E001333,0.822919797842216
E001334,0.6845336108127101
E001339,0.6501189618159446
E001342,0.3954028073126193
E001343,0.7711424391530572
E001344,0.8126096224845565
E001346,0.7319494400300871
E001348,0.4441926125891638
E001350,0.19694132234469214
E001352,0.7669522748987613
E001353,0.3825672990267046
E001356,0.5433008763178004
E001357,0.44589629890880667
E001360,0.22376645019971467
E001361,0.088575557024169
E001362,0.13417227354789743
E001363,0.8792789163931559
E001364,0.34571865236679933
E001365,0.8396334698601041
E001366,0.5279531229335274
E001370,0.1535482517322519
E001372,0.6819163616358958
E001373,0.6039893114164882
E001374,0.7032482564786965
E001383,0.14141867099998348
E001385,0.7223094880650849
E001388,0.7107033611384889
E001391,0.652913602322982
E001392,0.6927528670711556
E001393,0.7915212946908605
E001398,0.45395526733155245
E001400,0.5994519208662479
E001401,0.48563909418474177
E001405,0.5566443888823185
E001408,0.8036494205121961
E001409,0.7131155311975812
E001412,0.9289314963543384
E001413,0.5966237819905907
E001414,0.6633675543935943
E001415,0.11168063465385764
E001416,0.33460408588398527
E001422,0.7112296055538796
E001423,0.4514318983681629
E001427,0.7429115470946317
E001431,0.7470039175902856
E001432,0.4740428920217162
E001433,0.5979815982028245
E001434,0.7763146299603402
E001437,0.46791512230985094
E001438,0.7446994700496083
E001439,0.5932230939397599
E001443,0.9336475376496648
E001445,0.11996516431582879
E001446,0.45525310313536227
E001447,0.5592642375421106
E001449,0.8522457889048152
E001450,0.42196749313230525
E001454,0.12198900485218284
E001458,0.6364095021987212
E001460,0.49541889613667645
E001464,0.1777739176677183
E001467,0.609751067790112
E001468,0.7910998478852632
E001470,0.2812300982120566
E001471,0.42601338620440005
E001472,0.8585794433251072
E001475,0.18084432465198744
E001476,0.8497935987750312
E001481,0.664240920667205
E001486,0.6116568021059781
E001489,0.12289661497883345
E001491,0.24817756019734
E001496,0.2311400294419249
E001497,0.7134251378129306
E001499,0.8035576735463968
E001501,0.11448894790163298
E001503,0.12996632264888636
E001505,0.1804329897256104
E001510,0.8360453330815197
E001511,0.7656567180637806
E001512,0.48144937251813524
E001513,0.9628526951769428
E001514,0.08694167847146919
E001516,0.6465666273065762
E001517,0.8153454315733011
E001518,0.9244143052410201
E001519,0.5711663184849592
E001520,0.23748197606810362
E001523,0.8314115119538515
E001524,0.7539115419445629
E001525,0.27808591729330223
E001527,0.670601924617519
E001530,0.36855495947045236
E001533,0.7997866429054802
E001534,0.8228528357475566
E001535,0.5585513088692878
E001538,0.11119750538743245
E001539,0.3974520925392951
E001545,0.9386767068408396
E001546,0.8900712187430028
E001550,0.3655491034172206
E001551,0.8214667930410792
E001556,0.47877704108948826
E001558,0.3859087654206728
E001564,0.5230265088472218
E001565,0.01302980704047267
E001568,0.8707742933208747
E001570,0.4989839965438771
E001571,0.8358641576653337
E001573,0.8412647730531231
E001574,0.7397790112762808
E001575,0.7891478728770296
E001576,0.2134672180934554
E001577,0.5856215030113777
E001580,0.2652675236769436
E001581,0.08751319174644276
E001582,0.894896335045435
E001583,0.8014992107395787
E001584,0.6335674362791934
E001586,0.263440563914999
E001590,0.6085387839387547
E001593,0.670733920570606
E001596,0.6276892156932324
E001599,0.5801313498714386
E001603,0.7286126697472548
E001607,0.7441002516872017
E001609,0.17319207066195105
E001613,0.39732856454336624
E001616,0.24208734329182388
E001617,0.9683154000236869
E001620,0.5732481685532852
E001622,0.6078620647641919
E001626,0.8835173804815679
E001627,0.8969268817446897
E001629,0.787840740288992
E001630,0.8280034630365886
E001631,0.6812796025135633
E001633,0.3640574379594033
E001634,0.6778404566729793
E001637,0.42763693859441415
E001639,0.09400934409318462
E001640,0.5136064749929246
E001647,0.3203546447187535
E001648,0.03820084330996722
E001655,0.9004192047922561
E001656,0.8250275393482406
E001657,0.4457312994013519
E001659,0.09138880122884957
E001660,0.7957221968193752
E001661,0.529376772931711
E001662,0.9121400408782564
E001664,0.17569843992077752
E001665,0.425151425156783
E001670,0.305555144424178
E001672,0.2349432812507602
E001675,0.8729997004493099
E001676,0.674586213466764
E001677,0.7566768541350725
E001678,0.860585778350851
E001680,0.5076972652771167
E001683,0.6285197318805736
E001685,0.905074994971074
E001688,0.3958891343144915
E001689,0.850775972138448
E001690,0.6246141551076478
E001691,0.9319854186390368
E001692,0.4366464586242098
E001693,0.8132071835065741
E001694,0.5174656957135055
E001698,0.009951336651944934
E001699,0.4291301812268567
E001700,0.6129697478259046
E001703,0.2323100999595719
E001705,0.899975029069693
E001706,0.4381022791674293
E001708,0.35807959328957994
E001710,0.7670958471663533
E001712,0.9115545989788731
E001717,0.4318515879788319
E001718,0.145627398516516
E001721,0.42052440445599976
E001722,0.785306111614357
E001723,0.3531621012419014
E001725,0.6050095918914276
E001726,0.6753577566259089
E001730,0.7247763604396057
E001731,0.43802031152580856
E001733,0.8724462890673363
E001734,0.40355450270001747
E001736,0.5769904817042503
E001741,0.5328980034885601
E001743,0.2804526661107768
E001745,0.9474277726556656
E001746,0.7957708398615685
E001747,0.8397620629339696
E001748,0.46975424299336505
E001749,0.029105706197708487
E001750,0.7863953843763175
E001756,0.7450145403601394
E001757,0.43622688843494645
E001758,0.6681935313831588
E001760,0.8109626719163848
E001761,0.9541696153309057
E001762,0.6676287146398301
E001763,0.5159830621575395
E001764,0.24041353305991667
E001766,0.49174376811959025
E001768,0.8762418113647414
E001769,0.1305282650010515
E001774,0.7603050811345086
E001775,0.570562212470761
E001777,0.5497643487833705
E001780,0.44038251321446853
E001781,0.44570042380509645
E001783,0.6849015202371728
E001788,0.9080903684817908
E001789,0.49901088066448057
E001792,0.7378278095130103
E001793,0.8998769252177212
E001796,0.6316793539281105
E001797,0.3430509371336519
E001802,0.30713739198931195
E001803,0.6129719038154291
E001806,0.8085055817027749
E001807,0.4637599858140602
E001811,0.7692576193432212
E001813,0.3669039284400956
E001817,0.30370105401265884
E001819,0.7079187576168978
E001820,0.7121787683709881
E001824,0.9070642335522823
E001825,0.9482072284058489
E001827,0.08550416471206025
E001830,0.6119936938109609
E001834,0.6055700840743631
E001835,0.7786629016227722
E001836,0.7629723565848446
E001839,0.3592073296888848
E001840,0.15777547802456537
E001842,0.8712853772035429
E001846,0.4030897586794141
E001848,0.8546935802308073
E001849,0.7624228557026116
E001851,0.14526828103811693
E001854,0.7762490717492193
E001857,0.3852184569599965
E001858,0.2754253970848
E001859,0.8606302148629805
E001860,0.8375498497808735
E001862,0.7009772028132067
E001869,0.8899673201101138
E001870,0.49536226422666746
E001871,0.7352145266631667
E001872,0.6199372725289571
E001873,0.22063270638133956
E001875,0.5603852753826662
E001876,0.4302040822347318
E001880,0.8762127489840418
E001881,0.2345875770296662
E001884,0.6518453986489401
E001885,0.6848759449672944
E001888,0.8748526439578064
E001889,0.49815333653681626
E001896,0.5309287970740022
E001898,0.2008387074973727
E001899,0.5688965405001302
E001901,0.6363512107023195
E001903,0.38889768411036324
E001909,0.4726866096508431
E001910,0.20124424176714215
E001911,0.559674514912052
E001916,0.3474249117734634
E001917,0.5291016099128566
E001918,0.6230621838746827
E001922,0.17324255173520314
E001923,0.48324058345135446
E001924,0.8698466799524527
E001925,0.7883186974063154
E001926,0.8484666104857044
E001927,0.6853613573544495
E001928,0.5414258700605562
E001930,0.5104207344299069
E001931,0.659265314805117
E001933,0.6213734261894289
E001935,0.3526338471390744
E001937,0.8066544021756114
E001938,0.5606284846886123
E001940,0.783184257442232
E001942,0.7127034437259838
E001945,0.8595637162601147
E001951,0.5157569460953426
E001952,0.028893665503092976
E001953,0.7193600964397108
E001954,0.601613617813693
E001957,0.8529189902237352
E001958,0.11206471842685471
E001959,0.10381479975164859
E001960,0.945516075614867
E001962,0.8072477717626801
E001964,0.7537136307283464
E001965,0.38479387513790264
E001968,0.636135170476119
E001971,0.8216718380249791
E001972,0.3929790651434795
E001973,0.8470041085028988
E001975,0.7131801230772273
E001983,0.8683145657442243
E001984,0.7547415308994585
E001985,0.19843790722875737
E001994,0.19630464106572437
E001995,0.7453957065398304
E001996,0.06094887973297585
E001997,0.821923077126637
E001998,0.4119282223954597
E001999,0.317167015448826
E002001,0.6952177142724246
E002005,0.7197929010273407
E002007,0.9470855935733729
E002008,0.5527829344733635
E002009,0.5676265289456162
E002013,0.7191145088022625
E002014,0.05253505175337108
E002016,0.8665150222738895
E002020,0.4269920062210177
E002026,0.5028728668789182
E002027,0.8729153068320912
E002036,0.8527935522962126
E002040,0.750718758486737
E002041,0.8131928659600202
E002042,0.08309575170477916
E002043,0.8229457735175982
E002045,0.12915515205873912
E002046,0.3482598915494354
E002048,0.8193213803254142
E002050,0.12763480852160533
E002051,0.8064431460708428
E002054,0.5933804845709977
E002055,0.09540482639497531
E002057,0.8030620004365514
E002058,0.6125880440601766
E002059,0.8419202453277855
E002060,0.7703675577219702
E002062,0.6162601187650734
E002063,0.7723142971189427
E002064,0.162749052808716
E002065,0.5597811747724247
E002069,0.815894813720292
E002070,0.6057668649902891
E002072,0.7876027034453172
E002073,0.3210916771520357
E002074,0.48611942784810924
E002075,0.09871328755226667
E002078,0.861002747250668
E002081,0.5691432296040998
E002086,0.8760395692366837
E002091,0.2069060413862559
E002093,0.3999685247093671
E002095,0.6495767698293825
E002096,0.4542913781486315
E002098,0.8414428929238966
E002099,0.3842493492293909
E002100,0.09346534170633564
E002102,0.7963053568176195
E002103,0.6851404751162298
E002105,0.8192158849278219
E002107,0.8844645579824698
E002108,0.28893718549547065
E002111,0.6292051798966904
E002114,0.873250828353586
E002116,0.7297076897287091
E002118,0.5083237794119843
E002119,0.8887394951942205
E002121,0.7835051550162072
E002122,0.37713075591035977
E002124,0.28605657065806567
E002125,0.015906000833348085
E002131,0.7353521752466828
E002132,0.4015880838724529
E002133,0.40975845282141854
E002134,0.5489596616879664
E002137,0.8192529769176662
E002140,0.860985469133892
E002141,0.4862346209648644
E002143,0.08413728703770534
E002145,0.6822205020146326
E002146,0.7769253766640464
E002149,0.9360768827400566
E002150,0.8702957598899972
E002153,0.16010632453713028
E002154,0.5919483954001137
E002156,0.2781556453633211
E002158,0.7228751388955518
E002159,0.3065160737392992
E002160,0.7808284529821714
E002161,0.8017527064315633
E002162,0.23752845810971746
E002163,0.8608989840556676
E002165,0.6027541226048181
E002170,0.7487490203503125
E002174,0.8764804667001057
E002175,0.30839749395401417
E002177,0.585513825956786
E002179,0.9611320397481038
E002180,0.42991267467171324
E002182,0.09044755813507192
E002183,0.7178147775405185
E002187,0.6542184795128616
E002190,0.787438547187235
E002191,0.9205722546618424
E002192,0.6838092792655708
E002193,0.5032085006470275
E002194,0.08201123390084122
E002196,0.9242553499331285
E002197,0.034378329334606626
E002198,0.7368341794584286
E002200,0.6222290333042909
E002208,0.6716175643150853
E002209,0.8143161248704616
E002215,0.9017097487403233
E002216,0.34327118229256154
E002217,0.8612671162254343
E002218,0.46209624515676545
E002222,0.7572030907949211
E002225,0.8330115428037166
E002230,0.6785719616000773
E002233,0.5346114428344486
E002241,0.9283088867671796
E002242,0.8766261957538813
E002243,0.4393156289463725
E002245,0.836535260080448
E002246,0.4105931603351885
E002248,0.44553410364575236
E002250,0.8132686582125631
E002251,0.4602957785629644
E002253,0.7167934933817286
E002254,0.686593105162359
E002255,0.857510349263656
E002256,0.8608138055238251
E002257,0.38775470603680023
E002258,0.6193184616053056
E002263,0.45060119028981294
E002265,0.5035385058728017
E002268,0.5541730567078209
E002270,0.3849189247250862
E002273,0.7816036308272676
E002277,0.66690157076873
E002278,0.33847931160464656
E002279,0.826220398675577
E002280,0.6619190459845568
E002281,0.8251852984849678
E002283,0.7163144110745092
E002285,0.1721192429896384
E002286,0.8814269489708799
E002288,0.7840345463911339
E002290,0.866749711825329
E002292,0.7002804820983767
E002293,0.6185136159268052
E002294,0.7865483721262382
E002296,0.654704905625915
E002297,0.8434136498177033
E002298,0.8325038335082573
E002303,0.7646999572364099
E002306,0.7022846628823233
E002308,0.1818584461952567
E002310,0.7658214624569748
E002315,0.22773019606103162
E002317,0.4754067198971168
E002318,0.9178955177245698
E002319,0.6436149379387817
E002320,0.6530195094199793
E002321,0.810926940909959
E002322,0.6533575300479125
E002323,0.594328346853538
E002324,0.2409964836295305
E002325,0.5703646277858879
E002327,0.25199911150859405
E002328,0.5113964180581564
E002331,0.9065431429749601
E002334,0.47225815038836805
E002336,0.05750997584155112
E002337,0.8088001383259505
E002342,0.9518086546094063
E002343,0.3425999119766043
E002345,0.5139832525480198
E002348,0.6416736351628942
E002351,0.5200767181889264
E002355,0.9430243308491355
E002357,0.0552760602810731
E002358,0.47256579353099293
E002362,0.6432235156005205
E002365,0.6723758740936665
E002368,0.7604542202528828
E002371,0.5315367765529744
E002372,0.48539982525311975
E002376,0.6929789817783732
E002377,0.783597895811831
E002380,0.5214916805671751
E002383,0.7410726761259018
E002390,0.9540426271089963
E002393,0.4579652608850803
E002396,0.7769689607406376
E002398,0.515083525025649
E002400,0.05102638113630598
E002402,0.4433833819370633
E002403,0.6170873273720766
E002405,0.6448770673394559
E002406,0.7108291537160456
E002409,0.935075371405484
E002413,0.6216112436646363
E002414,0.5110295279415675
E002416,0.585734327603941
E002420,0.5214036609213697
E002421,0.31898114657581983
E002423,0.7045087081687764
E002427,0.7844509260019616
E002430,0.7972366514337355
E002431,0.519384783832659
E002432,0.8813720458487128
E002434,0.6585171374510163
E002436,0.9189822363166719
E002438,0.2824880740150774
E002442,0.7792959119640847
E002444,0.8105660548933887
E002450,0.6054217564389474
E002451,0.8904709165849887
E002453,0.6912300486397355
E002454,0.12096012885838993
E002455,0.6469143491314808
E002457,0.5261394337204575
E002458,0.6800650779862913
E002463,0.8752566457921078
E002464,0.7207877105791725
E002466,0.81769661844052
E002469,0.021919237800437433
E002473,0.30508984021651553
E002474,0.7824010236566364
E002477,0.48277574513703814
E002479,0.14499128534345646
E002483,0.40019330450979607
E002484,0.8158302314497186
E002485,0.4103502163070794
E002488,0.6455928447933783
E002489,0.2784378421389359
E002492,0.43294794367354944
E002493,0.15068577384505696
E002497,0.10187423360520642
E002499,0.4778770661008
E002500,0.5850858772226768
E002501,0.7987784565856373
E002502,0.5097374911313339
E002503,0.2936394847105528
E002507,0.9184111884851233
E002509,0.5952707962902912
E002511,0.13273629604891227
E002513,0.8917024140841663
E002518,0.5073869284031223
E002519,0.6370568434306184
E002525,0.28287918209293195
E002528,0.1602967437227448
E002529,0.5360717798466973
E002531,0.8991169416594286
E002535,0.6653314637586971
E002538,0.8335746250499979
E002539,0.4309294098592943
E002542,0.24609904620406423
E002544,0.84996750320848
E002545,0.8123342357917215
E002549,0.2934412722197219
E002551,0.47643485554651444
E002552,0.9188790445737982
E002553,0.3868492401660866
E002554,0.5448498568164296
E002555,0.7295349093633565
E002558,0.4650408178883051
E002559,0.7718446400753204
E002567,0.08548645258619221
E002568,0.7073471952105196
E002571,0.8848748439497608
E002573,0.7435756308892905
E002575,0.12372654439273499
E002576,0.8191255005447354
E002577,0.5543830304430387
E002579,0.7703959704722184
E002581,0.6661784321244644
E002584,0.40724128827166717
E002586,0.8518255122438388
E002590,0.8139078265837625
E002596,0.04131177018080647
E002600,0.8378411331888058
E002601,0.8823266725102201
E002610,0.1454942029079992
E002612,0.5959618306945397
E002613,0.8647122278634924
E002619,0.8603242779435483
E002622,0.4526854368943304
E002623,0.7284823893908999
E002624,0.7932175386298329
E002625,0.4829980516406141
E002629,0.7359621803304203
E002630,0.5981976697117721
E002631,0.9397068449785343
E002632,0.44836922055557804
E002633,0.061315235152209234
E002636,0.8664438809088505
E002639,0.4340442355655882
E002641,0.6116529096712063
E002642,0.3859165827293903
E002643,0.9008482838656708
E002644,0.7775943266752956
E002645,0.8641029112251827
E002646,0.7880910501605632
E002647,0.3479772550662393
E002648,0.3539890803986308
E002651,0.24758115865525704
E002652,0.6045685688600677
E002655,0.7601393628653211
E002656,0.7682381303617631
E002657,0.25231959028013395
E002658,0.788350087800323
E002659,0.9648548431700477
E002665,0.6511435807362754
E002667,0.525436174230391
E002670,0.5151082512590213
E002672,0.23496779326594694
E002673,0.056098371974756735
E002682,0.7026238504153891
E002683,0.1457115316224163
E002686,0.5102627391734438
E002692,0.9041459674074197
E002696,0.7025977077813942
E002700,0.7579922196745552
E002701,0.031071949881891298
E002702,0.6649458483159267
E002703,0.8819106375402807
E002704,0.724536676304402
E002705,0.7691803241728981
E002707,0.5901552726754924
E002711,0.6122882785177256
E002712,0.6311651940924031
E002716,0.23015964280945872
E002717,0.3165535182883464
E002721,0.7589510523457131
E002723,0.6446816573104822
E002724,0.2171599265622345
E002726,0.2815770787697566
E002729,0.8266089013254166
E002735,0.9087061402433187
E002736,0.8676483273017251
E002737,0.2726630898087899
E002738,0.3546250976778684
E002741,0.6136987605676333
E002742,0.9033633973332493
E002743,0.6972051084515035
E002745,0.6770597437974684
E002746,0.5980669962128227
E002749,0.48377931831871945
E002751,0.49573811158775505
E002754,0.764659975286368
E002757,0.8081451345447376
E002758,0.8807240357444897
E002759,0.944132414154861
E002760,0.41506257826588083
E002764,0.016546474071353602
E002766,0.8150330203593587
E002768,0.25443304753269746
E002773,0.834905902413093
E002777,0.5643759874534708
E002784,0.3772932875295161
E002785,0.5903479426447422
E002788,0.17275418597697603
E002790,0.2832436550714603
E002791,0.45369981363171175
E002792,0.4525262834864577
E002793,0.7538332071581989
E002794,0.7187523268172694
E002796,0.5296289729487053
E002797,0.9535437596959939
E002800,0.7993522367226983
E002801,0.8560927605559884
E002803,0.6747322226357337
E002804,0.688383647761103
E002805,0.798673462967833
E002808,0.5323669664734642
E002810,0.7270408854240716
E002811,0.7370648106831027
E002812,0.7783786108977164
E002815,0.4678198515532665
E002816,0.4073236617150823
E002817,0.8162717747277063
E002818,0.3254592349647543
E002820,0.8263269076240096
E002824,0.7848218081239803
E002826,0.6215130025705096
E002830,0.17967899259277942
E002837,0.3837800537551535
E002839,0.3360626583324411
E002844,0.6834359115225473
E002845,0.6478478169521594
E002846,0.8686847207182165
E002849,0.8826191523877012
E002850,0.5950449276048658
E002851,0.39499504949493414
E002853,0.8062691927862405
E002855,0.3340233799916795
E002856,0.6217502911146647
E002857,0.7315324391755039
E002859,0.7741949359743602
E002861,0.2024156010362393
E002862,0.31350837526867575
E002864,0.42856546466676476
E002865,0.5525786463117537
E002866,0.3590321107774718
E002867,0.7344196610117444
E002868,0.3054354167255546
E002873,0.8918817663456191
E002875,0.25173204847186337
E002877,0.2501621634774759
E002878,0.8714916376444184
E002879,0.5542758367471028
E002880,0.08785144911020124
E002883,0.7834361484524296
E002884,0.7489486159023417
E002885,0.9493865888472198
E002887,0.8449863618902815
E002890,0.007119020249682472
E002893,0.7777821717287118
E002895,0.7970232956099655
E002896,0.4595734020953479
E002897,0.5054408791167468
E002901,0.4012843967847136
E002903,0.47635360257520465
E002905,0.8694719323664467
E002908,0.32411567989130785
E002909,0.872282986353412
E002912,0.1261213820075411
E002913,0.3579237960057262
E002916,0.01581356403647399
E002917,0.908857968074311
E002918,0.6855585192517583
E002919,0.812673920586367
E002920,0.31811069475041287
E002923,0.9151906344963983
E002925,0.5469216390795603
E002927,0.782893835407653
E002928,0.4724943735007713
E002930,0.4428348687991211
E002933,0.2843321587016276
E002939,0.7752923270523008
E002942,0.6380056518291731
E002943,0.7590982505885804
E002944,0.7065522720925045
E002945,0.5187833534652699
E002947,0.8198321132643104
E002949,0.5869369135585494
E002950,0.4753163440850441
E002951,0.4146037580821006
E002954,0.4885279836030579
E002956,0.7912416017972669
E002957,0.6206305111402556
E002958,0.7974981135154583
E002964,0.26079281725496123
E002970,0.6976404505343495
E002971,0.8851902613196778
E002974,0.9151717836055056
E002977,0.3336692501214176
E002978,0.7742510105175398
E002979,0.19287331335192864
E002980,0.7754000269125569
E002981,0.42178235645311124
E002989,0.8832886433746029
E002991,0.17293385703480657
E002992,0.6282538572782901
E002993,0.8244121814654669
E002996,0.14425905895029562
E002997,0.5149802549697075
E002998,0.7281349811655615
E003002,0.8951400164960694
E003005,0.8415792040615037
E003009,0.47515770562618975
E003010,0.780176093033676
E003012,0.11667438434710961
E003017,0.40249681096620465
E003018,0.2927493728369036
E003020,0.12515128323329366
E003023,0.8404401507191337
E003029,0.26596669413068585
E003033,0.7460498807544739
E003036,0.08475209647455755
E003037,0.6372724851280877
E003038,0.7208728289269901
E003040,0.6156664982942375
E003042,0.6557134285425206
E003046,0.7685687739352227
E003047,0.0025492780024142644
E003048,0.4743048277147355
E003049,0.400895467633267
E003050,0.8229877989838295
E003052,0.8737006610757658
E003053,0.5749662238091141
E003055,0.5784330615879508
E003056,0.8931288746890577
E003057,0.6601043744107998
E003059,0.5477592977415195
E003061,0.5484724590631189
E003062,0.737340852354505
E003066,0.7380098262536621
E003070,0.5876513433323406
E003072,0.2929504577998708
E003073,0.7964643891184977
E003076,0.34583486608352876
E003078,0.5945484683418262
E003079,0.278104711384311
E003080,0.7964432669512519
E003089,0.5751596731838811
E003090,0.8527874650820403
E003091,0.10854987641522443
E003092,0.1943327500805367
E003093,0.699509819550184
E003094,0.23872162864686508
E003097,0.26520741825991045
E003102,0.3088762543359213
E003108,0.9058064008832558
E003110,0.19940764123468202
E003112,0.44025318044369355
E003115,0.9168692155551275
E003117,0.7597897189648538
E003118,0.4199793868743791
E003120,0.8205780251102945
E003121,0.5565288844862074
E003132,0.15001614335629157
E003135,0.555097131031633
E003138,0.12912756497987302
E003140,0.23500996934539828
E003145,0.8695236098185918
E003151,0.7941164522709611
E003152,0.6611471115529731
E003153,0.935418395651548
E003154,0.2709686117017287
E003159,0.5247642791504641
E003160,0.9215727122828632
E003161,0.6906884096685989
E003163,0.6562027964715094
E003164,0.19032823330799403
E003165,0.7803705723415904
E003166,0.6667028854830177
E003167,0.6859204898702278
E003168,0.548209025538806
E003169,0.6634054805437655
E003170,0.9149997523324013
E003173,0.7895660715179302
E003178,0.6371148576037254
E003179,0.31355354821740167
E003182,0.8449714066388668
E003184,0.4770448425189824
E003189,0.6736791196741132
E003191,0.7223594754615161
E003194,0.7105878667815229
E003197,0.47645942454007245
E003200,0.8055820355777912
E003201,0.8502964096051023
E003203,0.8205547165109841
E003208,0.4946931369840409
E003209,0.7537627688984748
E003212,0.3953702512929314
E003214,0.5870437388194835
E003215,0.5240016647176945
E003216,0.7025632643940722
E003217,0.5050172021198844
E003219,0.49637237730131073
E003222,0.14562846619054623
E003229,0.5639515630527712
E003237,0.7017796955651979
E003242,0.8557206529029213
E003243,0.32037236834156374
E003245,0.8415349382346713
E003246,0.642282250193913
E003248,0.3665925268991699
E003249,0.9228629031335723
E003252,0.8044893737715431
E003256,0.9365541400264321
E003257,0.6913956018170687
E003260,0.5458597570967153
E003263,0.5260438067988595
E003265,0.052700245016279686
E003268,0.7623363312011572
E003269,0.6130498825122387
E003270,0.9301466179703652
E003277,0.5578868266798557
E003278,0.5062789988426446
E003279,0.8455894386349516
E003284,0.5177810462332705
E003285,0.7757047133745156
E003286,0.2263031396466029
E003287,0.500924642661721
E003290,0.40777577567865936
E003291,0.5683571774396722
E003295,0.10906584767274545
E003296,0.27796991743317284
E003298,0.6203427869540816
E003301,0.5791333204174538
E003304,0.6678214615360315
E003305,0.48120717596914636
E003306,0.8591069329544465
E003308,0.26441901812846436
E003309,0.22357165956263017
E003310,0.24819139452565858
E003313,0.5570560419247191
E003315,0.18233335998764216
E003325,0.8866055788305098
E003328,0.932940824599695
E003331,0.783465589693293
E003332,0.04231533917526243
E003334,0.7184058160839293
E003335,0.8798133992853416
E003336,0.8026134853227013
E003339,0.740985802343224
E003342,0.32845759800773705
E003343,0.7787704587169499
E003349,0.6415697119467584
E003350,0.8811100844492656
E003351,0.7528782799868893
E003352,0.5232253936681417
E003353,0.6163098909851381
E003354,0.23127965446341275
E003359,0.06542497166795058
E003361,0.3607894221221537
E003362,0.9178702907415945
E003365,0.796051851593723
E003368,0.31451940279470264
E003369,0.7729294712749935
E003374,0.4026276654413086
E003379,0.9590075356139867
E003381,0.9029137653534198
E003389,0.852671096514403
E003390,0.0763121505943417
E003396,0.9832754047645744
E003398,0.9251871569972513
E003400,0.7798621045233096
E003401,0.7676062929596557
E003403,0.9099925401996655
E003405,0.8185142258529334
E003408,0.7442995751981981
E003411,0.9275269359220502
E003413,0.4989631892498874
E003419,0.52612419863256
E003420,0.7915411966677679
E003421,0.7622042650410452
E003424,0.4230898722419893
E003425,0.835641439454874
E003426,0.8902718303176261
E003429,0.3167397194100812
E003430,0.5022911830014246
E003433,0.4067457145674131
E003434,0.5943988532830711
E003439,0.7312472850287693
E003440,0.6686184219218017
E003446,0.654997067729072
E003449,0.6667074876754138
E003450,0.8372106598243657
E003456,0.8040528509921425
E003458,0.5866068795088888
E003459,0.8657626186313133
E003463,0.19408766727224586
E003465,0.9013167485331967
E003470,0.2122178022689491
E003476,0.6809206644124096
E003482,0.5217343282227935
E003485,0.6790766863961655
E003487,0.21742744715999004
E003488,0.7297733193287197
E003491,0.17436767535828449
E003493,0.6169392238508403
E003497,0.5293643728842761
E003499,0.6843986696358992
E003500,0.36808216674514893
E003501,0.8108547623262293
E003504,0.8283363849544427
E003509,0.15562151230311322
E003510,0.4812260010637546
E003511,0.8316617866490698
E003513,0.7388177394608457
E003515,0.7299254486483692
E003518,0.9217083703837549
E003519,0.7749056182076228
E003520,0.12036909306206023
E003521,0.944789647577483
E003523,0.338624094209638
E003530,0.5399437637563138
E003531,0.5174718356417217
E003534,0.8983816990480474
E003535,0.7078838552269754
E003536,0.7604238385536007
E003539,0.5611125204204238
E003543,0.8815938841639269
E003546,0.5636951640016081
E003549,0.7246384110828937
E003553,0.5488031916488194
E003555,0.4397807633124146
E003557,0.9085305766796389
E003558,0.2825910361420437
E003561,0.1595976351457829
E003562,0.7934114461736199
E003563,0.9191571550312876
E003564,0.07609795435485817
E003567,0.6742866732129362
E003570,0.7182513853354778
E003575,0.5838482363573735
E003576,0.29545804684566984
E003578,0.8297256630056641
E003580,0.8691405871621237
E003581,0.9287091402669034
E003582,0.7528912520165159
E003584,0.4544150555773553
E003585,0.5117850580116133
E003586,0.585950399463193
E003588,0.7516161841914448
E003590,0.17450194774503602
E003593,0.625834126461804
E003598,0.0884057219228941
E003600,0.8941342313872525
E003601,0.12296267008003178
E003605,0.4582699335983563
E003608,0.4758166259825927
E003609,0.9265244556979055
E003613,0.26038038314372336
E003614,0.13890732513401072
E003615,0.10012266749412388
E003616,0.15803818803566616
E003619,0.8867418386629969
E003620,0.5686012193066169
E003623,0.3344947330637238
E003625,0.3613736511599058
E003627,0.7767355704689973
E003630,0.8575954478723363
E003632,0.8642937521241019
E003635,0.06397462265092656
E003636,0.0483639678971
E003637,0.945750812389504
E003639,0.6001335132721104
E003640,0.850998524705695
E003649,0.2253758257094302
E003651,0.05710658189728731
E003652,0.6648472901490465
E003653,0.1832097523659382
E003656,0.27262719194253643
E003658,0.18282578963875598
E003662,0.516904499778269
E003663,0.49434562380731945
E003664,0.6759954969423134
E003667,0.3438905612182746
E003669,0.10441587133905432
E003670,0.36140477932822906
E003672,0.43196570445004645
E003680,0.9010377179341634
E003682,0.8518813078900453
E003684,0.1165348978972368
E003685,0.9056609234979587
E003686,0.8015009742245987
E003687,0.882579993424436
E003689,0.4084383769355936
E003690,0.905559455412947
E003691,0.7021197004317803
E003693,0.6839890036379209
E003696,0.869586547765838
E003697,0.2697109110263732
E003699,0.3711050281942799
E003700,0.583831810998803
E003706,0.5962521763352062
E003707,0.30034533814835745
E003708,0.48007463186919896
E003712,0.809951973843718
E003713,0.8356688610070069
E003715,0.27278425654392285
E003718,0.48341838069910825
E003720,0.6959856699720861
E003721,0.1706783101346047
E003722,0.5314700208494203
E003723,0.23229723312190642
E003726,0.520500145604961
E003730,0.8492493253760561
E003731,0.6662468074180534
E003735,0.625904127809527
E003737,0.17648733813628936
E003738,0.6226238586656498
E003740,0.5489696671004146
E003741,0.8087496147967773
E003745,0.6714715920982679
E003746,0.7055979284716257
E003747,0.5381104918420115
E003749,0.37665998723933863
E003756,0.1483875382684855
E003758,0.7254773274701157
E003759,0.7365578103757677
E003762,0.5493803760756241
E003763,0.7600602377816182
E003764,0.7468859349825836
E003765,0.2916093651348056
E003766,0.38518706213282977
E003768,0.33779860739619816
E003769,0.09619309420383199
E003771,0.6717975400600023
E003772,0.3589520102043039
E003774,0.6524243246530158
E003775,0.7337317619783814
E003777,0.4150149370025627
E003778,0.6167426809695287
E003779,0.07718119545573542
E003780,0.4429938963102919
E003781,0.7740609864322128
E003782,0.4088544253785323
E003785,0.9549752127210227
E003786,0.3231235877183312
E003788,0.6503827835389916
E003789,0.8777172014312254
E003790,0.8167604004251725
E003793,0.7022502458063333
E003795,0.8456411289895079
E003797,0.8460740990536463
E003799,0.8249321173705672
E003802,0.8598761515895312
E003808,0.8855718873154571
E003809,0.62546649413139
E003810,0.323004488717073
E003812,0.6393795349663967
E003814,0.732120426430632
E003815,0.37192929448874196
E003821,0.7482853938976707
E003822,0.8862184229700072
E003823,0.16100982258287214
E003824,0.753912320238269
E003825,0.5675703580632682
E003826,0.8903684656361985
E003827,0.3086000965154743
E003828,0.8140589123375965
E003829,0.3127349716342878
E003830,0.366907375961936
E003831,0.653358125617376
E003832,0.9158119309174976
E003833,0.4598357680734365
E003837,0.3765661215897737
E003838,0.6206396456846959
E003844,0.5878283098059774
E003845,0.2184983024514873
E003848,0.616634077085604
E003849,0.7679795283421725
E003850,0.13462853220882684
E003851,0.35668491587263884
E003852,0.5758422603366199
E003854,0.31372203266505544
E003858,0.840579211125225
E003859,0.139187956290758
E003860,0.5360494086370661
E003861,0.6304612093024715
E003865,0.6300145587896816
E003868,0.521185554142667
E003871,0.7416660247600885
E003872,0.7074566135745909
E003875,0.7075389747497924
E003876,0.4593807715241354
E003878,0.3812475798103046
E003880,0.6604529444798941
E003881,0.9319325616893938
E003884,0.7617045283831636
E003885,0.36611976571250027
E003887,0.8883397129444333
E003891,0.7315394459595751
E003893,0.02696024671632266
E003894,0.04013421328441697
E003895,0.7344021217635115
E003897,0.8759528037014878
E003899,0.3834479498136956
E003904,0.42856136817832613
E003909,0.6672905395413105
E003910,0.3568965242593151
E003911,0.49134728626872076
E003912,0.7953865708565651
E003913,0.9454088698781801
E003914,0.9008525316063314
E003918,0.7615588848181434
E003920,0.670219948679167
E003921,0.4081823303856638
E003922,0.6811821929133892
E003926,0.9247281275309637
E003928,0.47907063311210685
E003930,0.6491352607932825
E003934,0.784765469246878
E003939,0.7354754926225812
E003941,0.8712571523282627
E003943,0.9243973540076874
E003944,0.9459403339513427
E003945,0.7939799983946096
E003946,0.7500986749140721
E003948,0.7483049736339755
E003950,0.07945862030649775
E003951,0.7561445241931473
E003953,0.5093429412221724
E003954,0.47628794074962805
E003955,0.96369420584363
E003960,0.05539707936058316
E003964,0.1407391014174114
E003965,0.7705239507884453
E003966,0.056025369180103556
E003969,0.5653432603046409
E003970,0.8302163796928452
E003973,0.8343597708270921
E003979,0.1722449331719766
E003980,0.8401111357985991
E003982,0.3204169769545315
E003983,0.3963383617298575
E003984,0.26418689939802115
E003986,0.8224770543783441
E003988,0.6527434470472245
E003991,0.7096312426749012
E003992,0.9133591428012273
E003995,0.9308859812791087
E003996,0.570688392158432
E004004,0.955389122410694
E004006,0.9220204812016226
E004009,0.36995428401489594
E004011,0.7793566980688005
E004012,0.10539061671507402
E004013,0.4498519924669046
E004015,0.728471740781088
E004016,0.535952518100769
E004017,0.6202348350011698
E004018,0.8350983674140382
E004019,0.8424166687333864
E004020,0.25729943208197215
E004023,0.2167204003558458
E004025,0.384457645488911
E004031,0.7187159880740341
E004033,0.7754758951350649
E004035,0.8506056509970553
E004038,0.7382352080901906
E004039,0.7192016539404275
E004041,0.6158129368254909
E004043,0.21985733118284975
E004046,0.07407283952211131
E004049,0.5847583398225971
E004050,0.8395130443701945
E004057,0.24779403510075873
E004058,0.47019991876212003
E004063,0.5480407446154317
E004064,0.4148003576614788
E004065,0.7967772521399235
E004070,0.848777109756345
E004071,0.2890549628074932
E004072,0.1601167114923707
E004075,0.8283242860907173
E004076,0.7789067778195747
E004078,0.689211395479904
E004079,0.10878812927318159
E004080,0.07357999266942769
E004083,0.9102500824463451
E004084,0.4906992564169584
E004085,0.8829875533462708
E004088,0.39802901667735696
E004093,0.5731609313109334
E004094,0.8938332096281861
E004096,0.5939613704634579
E004101,0.8788283353116034
E004102,0.7120618271646952
E004103,0.8377020885537999
E004106,0.40548978996278506
E004107,0.6166726635483543
E004115,0.8711422859724692
E004116,0.866188042804499
E004118,0.8595832845194648
E004119,0.6442599068350405
E004120,0.1882653818633588
E004122,0.7554523574353326
E004124,0.703258538354383
E004125,0.6523316901012883
E004126,0.6580009279551143
E004127,0.28071737296682064
E004128,0.6387789342322266
E004130,0.6538790754220092
E004131,0.8300218655164916
E004132,0.838506762852211
E004133,0.7311138696437823
E004135,0.590839634517159
E004136,0.04545106616162131
E004138,0.4626831631237371
E004139,0.9107037741758491
E004140,0.25309249895103253
E004141,0.8559290428085253
E004143,0.7329117991521872
E004144,0.631273913976029
E004146,0.8150871687956577
E004155,0.4950617313568826
E004163,0.8858935848110057
E004165,0.6973230648223028
E004167,0.23764693488425565
E004171,0.5042932009021279
E004173,0.8823136679592
E004178,0.20451142929022717
E004179,0.619999262336797
E004183,0.787729584075089
E004184,0.6265633313484389
E004185,0.06469320020685748
E004187,0.7156880020483115
E004189,0.7674113211027472
E004190,0.6038548291691934
E004191,0.7531930646784719
E004192,0.6268798360279522
E004193,0.9572147458090845
E004197,0.2679590295830957
E004204,0.564793265774317
E004208,0.7963644667088143
E004209,0.21121231302335086
E004213,0.7475043823365001
E004214,0.36807589502151955
E004219,0.8950427462156968
E004227,0.35222005300823295
E004230,0.8303304330918598
E004233,0.6224065130610676
E004234,0.5874400393854307
E004241,0.655060645204411
E004243,0.8936245569458953
E004244,0.5130234283690059
E004245,0.3991879667161903
E004246,0.15498385718879448
E004247,0.7654035326998158
E004248,0.1604743601958373
E004249,0.12386493025885713
E004251,0.8577471666659631
E004252,0.6028644431116486
E004253,0.12293172050784537
E004254,0.31144725155747016
E004256,0.8622130746717265
E004257,0.720237376421609
E004262,0.6084034238359713
E004263,0.24756393048406314
E004265,0.30716482168984505
E004269,0.783957519767717
E004272,0.5079416165083505
E004273,0.8544267769570171
E004276,0.5002549160808711
E004278,0.28786263239821513
E004281,0.31098489489583464
E004283,0.4940419202577072
E004285,0.7642354060610405
E004289,0.7003816699131938
E004290,0.762625534029902
E004291,0.2978038928946985
E004296,0.7764255984757447
E004297,0.725355854679706
E004299,0.37085841683069504
E004300,0.5976800824182948
E004301,0.6926308423595353
E004303,0.3268502551525429
E004304,0.7818019305994299
E004307,0.5542644362548345
E004309,0.5195335165089139
E004310,0.5023509868617132
E004316,0.7438460182897695
E004317,0.6536083814690758
E004318,0.8101367044418148
E004320,0.6854362969667956
E004324,0.58849222606965
E004326,0.6440134366571151
E004330,0.4898095585437755
E004332,0.09303072132755001
E004333,0.1526823008442439
E004335,0.8618141102514324
E004343,0.8816710305261656
E004344,0.6152219573753214
E004346,0.6060998401858237
E004348,0.7353379964029142
E004353,0.4115366994168307
E004355,0.7712070531413998
E004356,0.8111765524416937
E004357,0.6324943161883226
E004358,0.7984971788974501
E004359,0.8506275141307792
E004360,0.5640448416143421
E004361,0.15992612204317955
E004364,0.7878006053583209
E004367,0.20650203848355597
E004369,0.6889448910490075
E004372,0.3371771134327553
E004379,0.3205135344435956
E004380,0.6750724948552459
E004381,0.6534310064387616
E004383,0.017784609108614177
E004384,0.8896829376623264
E004386,0.265469410728568
E004387,0.4919085228861931
E004393,0.8915921615371745
E004394,0.293782137145234
E004395,0.11438945298391287
E004397,0.7465732072213848
E004399,0.18074893917584223
E004400,0.7028764942283143
E004407,0.22502035990245656
E004408,0.5415375554644106
E004410,0.6652225244940545
E004412,0.5790864690130921
E004413,0.7208764972787528
E004416,0.5687582617656477
E004417,0.8387431324986858
E004418,0.6653516240432515
E004425,0.5935755195017723
E004427,0.8008519854223729
E004428,0.16754341934436429
E004429,0.8973976430847981
E004432,0.8191043832295863
E004433,0.5795630381002698
E004438,0.46125110958129467
E004441,0.3767529465819666
E004442,0.5405357107462844
E004444,0.10777994076385984
E004446,0.1711414505779706
E004447,0.5933806980761207
E004448,0.8668538252916028
E004449,0.678821511911318
E004453,0.7684161045421853
E004454,0.7563577371944478
E004457,0.7124637691209817
E004460,0.6016160252819776
E004463,0.5108879639187078
E004465,0.5653955794782926
E004466,0.8087451133487975
E004468,0.6103912886705407
E004472,0.875531623692267
E004480,0.12229604125784278
E004481,0.7715293605930638
E004482,0.5738299423063441
E004486,0.9371301130958373
E004487,0.6669147582287667
E004491,0.3439837072738988
E004492,0.2835433491510024
E004493,0.8177427929613725
E004494,0.4627689700608737
E004495,0.53069975847075
E004497,0.27246357267091337
E004500,0.43297461864623155
E004501,0.6334214494642318
E004503,0.47802626697465833
E004508,0.6638146551403062
E004510,0.8704419469112694
E004513,0.7099450588774611
E004517,0.2578509316278142
E004518,0.10257228970134766
E004519,0.8905047262782249
E004521,0.7531691884536275
E004523,0.6020607451528815
E004526,0.8854259845778268
E004530,0.9323196156289076
E004531,0.1503035748197298
E004532,0.5746766216599225
E004533,0.7221383185022252
E004535,0.6411351156185696
E004537,0.1575722927535572
E004548,0.8630715965911749
E004552,0.782115201923269
E004555,0.3208220627216077
E004558,0.7546616263670629
E004559,0.36918398717667
E004560,0.632471719879197
E004561,0.8475379434265489
E004563,0.5297250903278427
E004564,0.7082823993102023
E004566,0.8537057676178024
E004570,0.6907320113139177
E004574,0.4973242416014579
E004577,0.8930773777443686
E004578,0.7965211871259876
E004579,0.10315900653691819
E004582,0.5521637926591472
E004583,0.6553596200678045
E004585,0.10928523593071533
E004586,0.18989856891530674
E004591,0.8512610552628276
E004592,0.967899342157372
E004594,0.5021702195803245
E004597,0.040832867326953036
E004598,0.7933016136286498
E004599,0.16007449114386543
E004601,0.8591518605140577
E004604,0.1769465675318633
E004608,0.6360988226636065
E004609,0.5791559326954866
E004610,0.34110932521186693
E004611,0.06282934370676203
E004612,0.7812911673459085
E004613,0.7562495679567093
E004615,0.09939834919007418
E004617,0.4924221220322636
E004620,0.6242792596317264
E004622,0.5998097189781189
E004625,0.8413591246450742
E004629,0.5008752076853991
E004634,0.8696301498088962
E004636,0.47964112701272643
E004637,0.47489857106702904
E004640,0.9320594253247013
E004644,0.04897905987888156
E004645,0.6790980896640141
E004646,0.5521362580643813
E004647,0.6898495718660681
E004651,0.1656464949031883
E004654,0.4545872846082422
E004655,0.537466484526302
E004658,0.8744714742909414
E004664,0.6260436201367345
E004665,0.8276899554180236
E004666,0.9744827786151036
E004670,0.7705023161755864
E004674,0.9562167530409326
E004675,0.783154197370005
E004676,0.6685160782180151
E004681,0.10112866355804329
E004685,0.7727309974298407
E004688,0.0376805967107166
E004689,0.884274375402448
E004690,0.8077478613982092
E004693,0.836250407568622
E004696,0.7320752040916036
E004697,0.6155451450398803
E004701,0.6886512925866659
E004702,0.756515310204733
E004703,0.792629009550439
E004704,0.41213589725559063
E004706,0.46852775713178113
E004707,0.8655885752398583
E004708,0.9274693449610979
E004709,0.7373018832987706
E004712,0.6494787411807077
E004716,0.8344301890200012
E004718,0.5399403723567083
E004725,0.8503133237071102
E004726,0.7669363723106041
E004727,0.5575055848195793
E004729,0.4825505668726761
E004732,0.9330476735961207
E004733,0.8489796825121303
E004737,0.593169963058522
E004739,0.7601609807866183
E004740,0.6170609749678595
E004741,0.5906217254691392
E004742,0.7567655589761721
E004743,0.32204573041384943
E004745,0.5054707979890408
E004746,0.24618795093207696
E004750,0.7536666710806943
E004755,0.6984345008708434
E004758,0.9524921601339822
E004759,0.1676190969838455
E004760,0.5244849704132818
E004769,0.4364037816375453
E004770,0.6439773206914379
E004771,0.7054356692807666
E004772,0.8327315252848084
E004780,0.41777603228670496
E004781,0.8407219969246613
E004782,0.16550039754780183
E004783,0.7129026141716278
E004784,0.6003414704562473
E004786,0.9086432961144124
E004787,0.8755218038863203
E004788,0.10974402329218116
E004792,0.2580653957931033
E004795,0.48947738094950083
E004796,0.9088687191869677
E004798,0.48896754385035973
E004799,0.6846121325982695
E004800,0.2769971124273498
E004802,0.40363333464958595
E004803,0.6084158572349543
E004804,0.7006003730665433
E004807,0.18161144187613928
E004809,0.6345815449866684
E004812,0.9669330811289572
E004813,0.417155197546712
E004814,0.5259929009272968
E004816,0.3281908069110284
E004817,0.6494975512459122
E004819,0.7130413541203893
E004824,0.8354347833696528
E004826,0.8856894265746259
E004827,0.34671826659638755
E004828,0.14023144820619368
E004830,0.8900027390044924
E004833,0.9010790804691245
E004835,0.7127246004704325
E004837,0.8663561336785792
E004838,0.7350539481850078
E004839,0.28725418801812047
E004841,0.4679475999248536
E004844,0.8217718348753054
E004845,0.7554232652248033
E004846,0.8009907328117117
E004849,0.3431205369530316
E004850,0.7876817908232535
E004851,0.5803861097510914
E004852,0.7737473336553754
E004854,0.785908321696724
E004858,0.4674246302568899
E004859,0.6873599713092627
E004860,0.6758474688706493
E004862,0.5866172816580922
E004863,0.7705085105967338
E004865,0.45911114916417595
E004867,0.04409612637684937
E004868,0.2626169484271969
E004874,0.4193994133037432
E004877,0.7997985045678011
E004878,0.8754200772602666
E004881,0.5157930827594835
E004882,0.43705845524441767
E004883,0.2639492589383285
E004884,0.5681551854254068
E004885,0.07762201448629176
E004886,0.3451969308841802
E004888,0.6226173141927444
E004889,0.007509329719113171
E004890,0.8028442561762069
E004892,0.6597358845485142
E004895,0.729302897662754
E004896,0.2647620152629336
E004898,0.8567890342599087
E004900,0.743153083595022
E004902,0.856540692169934
E004903,0.9615849694229657
E004904,0.17239766677936078
E004905,0.3434430645036666
E004908,0.8412693156875288
E004909,0.5059314053018117
E004910,0.4868795388360153
E004913,0.6900040562957884
E004914,0.4658188237531957
E004915,0.056785826658404995
E004920,0.3777140651592731
E004921,0.7135124302499429
E004923,0.19593016351602854
E004925,0.7255285585306128
E004926,0.5075078784264004
E004934,0.8284164311478868
E004936,0.23343492402283877
E004939,0.7011956406202547
E004940,0.560620742517754
E004941,0.5335024123453017
E004942,0.7719133275565686
E004944,0.9504957893148018
E004945,0.8779565835488197
E004953,0.4226272686166099
E004957,0.5974182800231244
E004959,0.9239090475191654
E004964,0.8307062910299593
E004967,0.3755793053269773
E004969,0.5313505359775273
E004970,0.48790460482752673
E004973,0.505876119976706
E004979,0.23325897187386588
E004980,0.8334980805980282
E004983,0.39480481246766647
E004987,0.47705780517468016
E004988,0.11521674211232551
E004997,0.8897537203127077
E004999,0.7103900878847709
E005000,0.6908023933849655
E005001,0.12614004063208
E005002,0.44847884675666416
E005003,0.15892008762191054
E005004,0.411869532656626
E005009,0.5026849928114339
E005011,0.8106023989861448
E005013,0.05885263224593668
E005017,0.8219636656032546
E005018,0.11634836550171841
E005020,0.830081492994428
E005021,0.9003196097834467
E005023,0.6273037841899577
E005024,0.9484367752144692
E005028,0.23000449366107123
E005029,0.1754251992126651
E005036,0.8843581554125612
E005037,0.6258852612195647
E005042,0.8202485294979074
E005046,0.6414738864914015
E005052,0.6447022749841328
E005054,0.8951072623900176
E005057,0.2500787777862466
E005058,0.49274053193273154
E005059,0.903802932266618
E005060,0.8253472251435474
E005061,0.8008072647693084
E005065,0.7472759120209246
E005066,0.05457060811701051
E005067,0.391510251059235
E005068,0.6970495964125514
E005070,0.8411857498025586
E005072,0.5970742991201674
E005073,0.7397736209312209
E005074,0.8047132366016335
E005075,0.8119338482531713
E005081,0.30867770927643606
E005083,0.5892583896598561
E005084,0.6526737981139115
E005085,0.7770040989262563
E005086,0.7725798154576922
E005089,0.208646237923481
E005092,0.8560635522328507
E005093,0.7786432776118152
E005097,0.13988415783978295
E005099,0.7354529410941127
E005100,0.06274246326045978
E005101,0.5976060528089268
E005104,0.7944884127165605
E005106,0.3887260383940872
E005110,0.07500274832111888
E005112,0.6733724824528173
E005114,0.15750742698358502
E005115,0.8655029363711907
E005116,0.8053934828467468
E005117,0.30744094701580027
E005122,0.03874169094436285
E005126,0.6018879140239851
E005127,0.8610139620671946
E005129,0.7658048072905843
E005130,0.7378521445345831
E005132,0.8987028253371203
E005134,0.48927311474593405
E005135,0.1653086192675414
E005136,0.9193585396411248
E005137,0.42726456948897656
E005138,0.9336080204404026
E005139,0.5041636126524733
E005143,0.11760565493769025
E005146,0.6040181370805137
E005148,0.935990568119085
E005150,0.6391356698942294
E005155,0.9119881064944442
E005157,0.09157549892177837
E005158,0.7652792342070935
E005161,0.7298698257402955
E005162,0.1535547315651112
E005163,0.5401642223057567
E005166,0.035986091683945315
E005167,0.5582252151360196
E005169,0.6528862697588226
E005174,0.5883704502099835
E005175,0.8217014559147818
E005177,0.014951705448999536
E005179,0.6627482920535602
E005180,0.7590002202123648
E005182,0.5709106751137054
E005185,0.9726346246426572
E005186,0.756514205070727
E005187,0.6236676207157774
E005188,0.7903223602771058
E005190,0.36150818653577865
E005192,0.07230820448396746
E005195,0.7807406575892787
E005197,0.7035740946323881
E005198,0.64132090417414
E005200,0.41431015046446273
E005207,0.6192765268198491
E005208,0.408485109958848
E005216,0.16440293626055363
E005217,0.3118215150282416
E005220,0.7913000694518701
E005225,0.4857261996980195
E005227,0.8588335478280793
E005229,0.8813559625670281
E005230,0.053142003405791796
E005232,0.9695374989419814
E005233,0.8663922559156233
E005235,0.4797333909372904
E005238,0.7633087820549278
E005239,0.5638667004277883
E005242,0.618844731841874
E005246,0.6822348035999906
E005249,0.5063923406137726
E005251,0.40238497031026216
E005254,0.9816297863796665
E005255,0.6467069174689926
E005260,0.19084274164397297
E005263,0.8774959732908888
E005265,0.9529085973140378
E005267,0.8508511292559714
E005269,0.675484864390999
E005270,0.4758069293188907
E005271,0.649398761900731
E005273,0.20640590525526428
E005277,0.7506289259108139
E005284,0.8531406747056249
E005285,0.15274334068583828
E005289,0.6148051392175107
E005291,0.8584806085734391
E005294,0.9174885799002592
E005295,0.43737305461245435
E005298,0.3917556166468064
E005300,0.9865934828418637
E005308,0.8055903577159396
E005315,0.0885953779039227
E005318,0.05633843542784969
E005319,0.8989138146330733
E005322,0.8198986822236487
E005323,0.6767804940997509
E005324,0.8665032931792614
E005326,0.8708761418024328
E005331,0.6017540348547642
E005332,0.48946801775679855
E005334,0.7637817336580447
E005335,0.93132756275192
E005340,0.6918322366368228
E005342,0.5815278042152436
E005343,0.1189590106555478
E005344,0.48851564297952893
E005346,0.18883812234043565
E005347,0.6371708698124119
E005350,0.4893024717948592
E005351,0.8838583867278251
E005353,0.6112342663482446
E005355,0.8405165372483162
E005358,0.6489584357253253
E005360,0.12656687727898963
E005361,0.6266293104366475
E005365,0.4906301218642098
E005371,0.3252520451823632
E005372,0.7425309058067051
E005373,0.8415013379226677
E005375,0.7236188641598957
E005377,0.7477713259904799
E005378,0.7340037502803681
E005379,0.5344503867522455
E005380,0.03784400999006323
E005382,0.8709069648503674
E005384,0.00932371131901899
E005385,0.7631905956722266
E005388,0.1543850583393807
E005392,0.7165415674981627
E005397,0.7410891995247086
E005400,0.9691849020772756
E005403,0.11515585407973668
E005404,0.7014000257210614
E005406,0.1291391300798903
E005407,0.8186149991118116
E005408,0.7109138166280088
E005413,0.12663348182902126
E005419,0.736645103251133
E005421,0.2512847929437275
E005422,0.7429121696497779
E005425,0.5593613476884717
E005427,0.44903683667795147
E005432,0.6234418057065962
E005433,0.6971614099024378
E005434,0.1631258349749794
E005445,0.581503048646906
E005446,0.7415717709078324
E005447,0.8880895693392948
E005448,0.9311510324142921
E005449,0.922751961599554
E005451,0.1905297131018122
E005452,0.7182720327954768
E005453,0.8705602092129421
E005455,0.9223046164943765
E005456,0.2506411980555237
E005458,0.47686672428303667
E005464,0.9572170906438455
E005466,0.7274792821811475
E005467,0.05168598603418924
E005470,0.4468229619506878
E005473,0.12803084557832484
E005475,0.24213112661966307
E005480,0.6553179238684625
E005481,0.22464642983572028
E005485,0.6378118367488783
E005488,0.3301761322159735
E005493,0.7282995247739378
E005497,0.5609256296450048
E005498,0.6340494580378504
E005499,0.7309839802370994
E005500,0.7520025935915292
