E000002,0.5407369115016946
E000003,0.5634271258457066
E000004,0.822443862956812
E000006,0.4467691669222772
E000009,0.7578890063672077
E000012,0.6392087268418989
E000016,0.5166780216232154
E000017,0.7001020228821075
E000018,0.27847766788517736
E000019,0.6350791891324816
E000020,0.5967573828785975
E000021,0.3670687680273324
E000024,0.1885016522566538
E000028,0.3088310926445322
E000029,0.4082029156304459
E000030,0.8803003285072514
E000032,0.15330921255547708
E000033,0.6190260289305244
E000034,0.896055699478461
E000035,0.6377030001107892
E000040,0.8689745726654459
E000044,0.3316525376011514
E000046,0.4656854359429064
E000048,0.5811361305765051
E000050,0.9135284314202785
E000051,0.8534041315238039
E000053,0.295033097607547
E000055,0.4514233454977259
E000056,0.7366825786408417
E000057,0.19991330168952795
E000058,0.9412602019947904
E000061,0.5250127722354417
E000062,0.7319744066014665
E000063,0.7508887524308379
E000065,0.5464544913704434
E000067,0.7878997528249999
E000070,0.21348663912758692
E000075,0.953757108410983
E000077,0.0915419521103449
E000080,0.40998256616524537
E000081,0.8186457745255159
E000083,0.3871010871870324
E000084,0.7139696071067608
E000085,0.3218495534983985
E000087,0.6038950817533819
E000089,0.43340128974284176
E000092,0.704071420456604
E000094,0.7330377808935469
E000097,0.7616754448590426
E000098,0.2753683503372621
E000100,0.7402703850521728
E000101,0.9074829679830855
E000103,0.6007542497484519
E000104,0.8278687757225794
E000107,0.7256421135119188
E000108,0.8621683844116647
E000111,0.7479709042652375
E000112,0.8129179274060043
E000116,0.943303447037215
E000120,0.38205430211305497
E000121,0.8296825614103067
E000122,0.7079408773379279
E000124,0.7725170644508985
E000125,0.9676285502768657
E000126,0.607690983311458
E000127,0.549451360550611
E000128,0.425191160717716
E000130,0.2897731089618808
E000131,0.7970112623457309
E000137,0.12007017443133079
E000138,0.7693485343669525
E000144,0.5483162219666925
E000146,0.7637806445531267
E000147,0.7427247916655161
E000148,0.8541301994586354
E000150,0.24581422752580337
E000151,0.6133157775727857
E000153,0.7409047304463486
E000154,0.8708205160244511
E000155,0.7649759991282012
E000157,0.5250374747216268
E000159,0.7427846341644976
E000162,0.6640064777383274
E000164,0.46752762075342574
E000166,0.5720390948780528
E000167,0.5644574997360354
E000168,0.5117222882734034
E000169,0.5630967378962171
E000175,0.5452819099407211
E000178,0.9719325440215569
E000181,0.36547025381828596
E000182,0.7438195872946562
E000186,0.5205094383342559
E000187,0.8271408726041056
E000188,0.8796740912805736
E000189,0.6082870236634298
E000191,0.832998958789709
E000207,0.07404330845144402
E000208,0.36984181857611
E000209,0.5828134616946961
E000214,0.227787019029805
E000217,0.7701619394761562
E000218,0.4269520575499643
E000219,0.9463502467642914
E000223,0.7651272178976991
E000227,0.9234263272242768
E000230,0.722622220404432
E000232,0.6487963900611887
E000234,0.2800387792774152
E000235,0.7049478012485887
E000236,0.7839679831528527
E000238,0.10887565789662203
E000242,0.5265873861670559
E000246,0.48699929380449725
E000249,0.11885695232276906
E000252,0.5579957558641995
E000253,0.9520485397986281
E000256,0.9235432633827931
E000257,0.6694521531079788
E000262,0.19885733368150998
E000264,0.8083825529347033
E000265,0.7652879374730877
E000269,0.34039124951609623
E000270,0.731653364028984
E000271,0.8328779332729578
E000272,0.2616989235487783
E000275,0.044468654039475614
E000276,0.8580330394967323
E000277,0.5597361703439987
E000278,0.4162625381834562
E000281,0.7271133784811639
E000282,0.8916827715838809
E000284,0.756623734075351
E000285,0.9468417786376899
E000288,0.8398964188848397
E000289,0.7832063591922308
E000291,0.7717736127055317
E000292,0.47820267318198656
E000294,0.9124474712622799
E000295,0.46378558647220086
E000298,0.17490826974310872
E000299,0.1666325907074961
E000301,0.6141318366453209
E000302,0.7724980220907999
E000304,0.5851086383700828
E000315,0.2759158298914374
E000316,0.3960673630057522
E000321,0.2652470832635199
E000323,0.13188692394543042
E000324,0.47025649191321695
E000328,0.6366004395867665
E000331,0.6301420092590109
E000332,0.4902432627483644
E000333,0.6304817232232763
E000337,0.6956135293011717
E000339,0.6932986814948696
E000342,0.9365395382148318
E000343,0.7644767886460258
E000344,0.1555488948475342
E000345,0.1818260099290514
E000346,0.8436204135051477
E000348,0.904112719241765
E000350,0.873276014141451
E000352,0.28772006290368424
E000359,0.6419673115155164
E000361,0.8672149255843878
E000362,0.8169420341509496
E000363,0.6070719234676725
E000366,0.8638221656781127
E000367,0.6808198999350108
E000368,0.7862948467222385
E000370,0.702079822644506
E000372,0.6808280119103584
E000373,0.5906907206685621
E000376,0.7700471036972162
E000378,0.7127364415406162
E000379,0.7446535893467298
E000380,0.8151393287720818
E000383,0.608363196000155
E000384,0.644296745256393
E000386,0.8298198184378646
E000387,0.7924959547291327
E000391,0.4242363039287247
E000394,0.725300315029702
E000395,0.02431214926069493
E000396,0.6532009988800103
E000402,0.716289050995727
E000405,0.7688248086545133
E000412,0.8220224729736234
E000414,0.5538072994374313
E000415,0.892599125427201
E000417,0.5811432598785675
E000418,0.8288869858191444
E000420,0.8499623742960543
E000425,0.5616939538821282
E000426,0.4455313304015515
E000427,0.6580578364413746
E000428,0.10971737353084283
E000430,0.170954301577202
E000432,0.6328228194395383
E000433,0.41635416052865093
E000435,0.7309927103105492
E000437,0.3622421851466406
E000438,0.9284386848039844
E000442,0.82973582313673
E000448,0.6714308205737675
E000451,0.363230104691748
E000452,0.5700615936816261
E000454,0.5779321310578267
E000456,0.3671119976061743
E000460,0.5840139675314263
E000462,0.5252281446912075
E000472,0.10983611997069247
E000475,0.8871828999239241
E000477,0.6983818184205769
E000478,0.614956923325646
E000485,0.311439854889689
E000492,0.8329498271284497
E000493,0.6067701197373728
E000496,0.7673665831405307
E000498,0.8203411924027643
E000499,0.5029970427553865
E000502,0.27225934261939344
E000503,0.5502702309416533
E000504,0.7860435812744986
E000511,0.6174633980547368
E000513,0.15645833649352908
E000514,0.38070980801160903
E000515,0.7860618653200778
E000517,0.7391081135134708
E000520,0.12701240227256508
E000525,0.38111700360628503
E000528,0.3248613700349177
E000531,0.40624654085662537
E000536,0.7247425852158361
E000537,0.6833965161648493
E000539,0.4888031428055929
E000542,0.9196446648629297
E000543,0.7810136025732863
E000544,0.789323238849297
E000547,0.6401543683751216
E000550,0.8929407607934655
E000551,0.8741754116432183
E000552,0.7305613513185809
E000554,0.8049723364373669
E000555,0.3637871924374804
E000556,0.7905490584836874
E000557,0.8670316162078341
E000559,0.8914794543208732
E000565,0.7954014951714696
E000567,0.7369136138046543
E000568,0.9505746399585671
E000569,0.48967391298768526
E000573,0.5273699870703955
E000582,0.051746526224617846
E000584,0.226496193898046
E000587,0.8725794652179533
E000588,0.5383174503876212
E000590,0.6326017844108719
E000592,0.47833364514001564
E000595,0.18269693194351305
E000596,0.9160705148565653
E000597,0.36112629287200965
E000599,0.7771354522997495
E000600,0.8421909376132249
E000602,0.7730900102973548
E000604,0.9128013100984804
E000610,0.09069285715785846
E000611,0.6925441266420704
E000612,0.6910568572762447
E000613,0.8709401336780277
E000614,0.24474034559814015
E000616,0.8321756731044774
E000617,0.7529321859124506
E000620,0.603623803026384
E000621,0.3584415835721511
E000624,0.04912766362055221
E000625,0.25523240713470735
E000627,0.549083219529442
E000631,0.10181228426263773
E000632,0.13584284986929115
E000634,0.7953295260249361
E000638,0.3520245017551802
E000639,0.5600273311754365
E000645,0.4303539903762181
E000648,0.8728168816699077
E000649,0.8464512266540662
E000650,0.793793132741396
E000651,0.8692399994395045
E000652,0.8862876466128476
E000655,0.879925722217511
E000660,0.683903482162846
E000661,0.15467075807632896
E000664,0.8246314981052272
E000667,0.699974987416195
E000668,0.9243116673930492
E000671,0.15316956660393236
E000672,0.7985710206518131
E000677,0.7953741329198037
E000679,0.3950270592018161
E000680,0.6886550530747322
E000681,0.4265504673909612
E000683,0.813457624812818
E000685,0.10222701154651138
E000687,0.6339046436938225
E000690,0.5676873841471386
E000691,0.6205016167522199
E000696,0.45188099566976203
E000698,0.23245977826615785
E000699,0.8526347552427261
E000701,0.8984087129115894
E000703,0.27317824960930254
E000706,0.9001107930966605
E000708,0.4450367689662456
E000709,0.29335789747894947
E000711,0.7161439380548069
E000712,0.15071458482831235
E000714,0.5248765847002012
E000717,0.6828008690740107
E000719,0.7797294409168186
E000720,0.5179690061831002
E000722,0.14568078989478944
E000723,0.8251706765616804
E000724,0.44898571073295895
E000726,0.32029331427747004
E000727,0.677815157985774
E000728,0.6564011226048899
E000729,0.051014111826714545
E000732,0.7857773043923869
E000733,0.7580220771986301
E000734,0.6515585002355874
E000735,0.5722878427484859
E000736,0.6251257723892838
E000739,0.027601625460350186
E000742,0.8560168575346983
E000744,0.17469367370011263
E000746,0.8202963026317324
E000747,0.5113494780487559
E000750,0.3652401761581271
E000751,0.6384512381657579
E000753,0.8355446830560636
E000754,0.6759154805354161
E000756,0.16411943905631435
E000757,0.790690465732637
E000758,0.6780112977401415
E000761,0.5787187223331354
E000763,0.8612146425202336
E000772,0.961517586429291
E000773,0.8096900329797728
E000775,0.49860574766187965
E000776,0.4785696664644748
E000778,0.473277964377057
E000779,0.7574768080341234
E000780,0.5266978153505257
E000781,0.7995109707892877
E000782,0.7314223122668596
E000784,0.6927796972655534
E000785,0.7511800999579336
E000786,0.0072266717402489425
E000787,0.5361829169822122
E000791,0.9264303120785968
E000792,0.7685974918874489
E000793,0.700717702764015
E000794,0.7293557693696325
E000795,0.5696670103808008
E000797,0.7368524405828508
E000799,0.8102146516523592
E000800,0.7794462788595654
E000802,0.187202667412792
E000804,0.7031265043676764
E000805,0.5866970645871354
E000808,0.24038554381786878
E000811,0.9027449365682327
E000814,0.7972827564002516
E000815,0.5194550531533596
E000816,0.1167665558926566
E000818,0.40469772783210517
E000822,0.41995978477973056
E000823,0.8394519136450459
E000829,0.35714661622663774
E000832,0.7495330307289217
E000833,0.12504901502955515
E000836,0.10574142152653307
E000837,0.4388826289739845
E000841,0.636877961061936
E000843,0.8322054351308701
E000844,0.20654037148408502
E000855,0.5137339105700756
E000856,0.13943220273587523
E000861,0.9181172019555163
E000862,0.7545391704906623
E000864,0.8797833754061612
E000865,0.5892271758262366
E000866,0.23940413560664991
E000868,0.8166447152069807
E000870,0.6544235476781003
E000872,0.05333180176718715
E000873,0.8417719052529963
E000874,0.5808041439223459
E000875,0.9048422927890563
E000876,0.8477972698048469
E000877,0.5560747289796917
E000880,0.4633878531850641
E000881,0.8847740985822705
E000882,0.10187261253182381
E000884,0.6511604305202722
E000885,0.6382271800867265
E000886,0.14149796638471993
E000889,0.40479112091642594
E000890,0.9726017234373088
E000899,0.3191531521048944
E000909,0.32924549419276644
E000910,0.43347253114957457
E000912,0.08121712782148086
E000913,0.7929109457480937
E000915,0.6751876175065793
E000916,0.2867034389967426
E000917,0.8204109775377599
E000918,0.6163893532802407
E000919,0.569594026178264
E000920,0.6760402657076229
E000922,0.514318765559795
E000923,0.8429043066152858
E000925,0.04879934532771803
E000927,0.37224167772627126
E000934,0.6291862361239102
E000937,0.9593529224137758
E000939,0.775622003184755
E000940,0.5068849966049426
E000941,0.885975528135352
E000942,0.8265802188769236
E000943,0.16102523159906526
E000946,0.9153870456853546
E000949,0.39362927733501
E000953,0.8045244444807043
E000954,0.11652878455973975
E000955,0.8970426453634325
E000956,0.6682535971708763
E000957,0.6173391980214905
E000958,0.32582729646102615
E000959,0.6429371082081993
E000960,0.6949637732494699
E000966,0.22561786263021955
E000970,0.006902681024692649
E000979,0.4562498969059954
E000982,0.5160373022501445
E000983,0.9026958686954929
E000985,0.6465001563801192
E000986,0.8074359199159404
E000987,0.4814598654610453
E000988,0.6152816697568153
E000990,0.5213066394691329
E000993,0.6985815047316252
E000998,0.8601141081911804
E000999,0.8535333642576546
E001001,0.9669790982580038
E001004,0.40844733000652783
E001005,0.9240532193109211
E001006,0.70016951185965
E001007,0.8256909472830821
E001009,0.684500877179731
E001011,0.5569130690364203
E001012,0.5255065610895339
E001013,0.7555151145798484
E001015,0.26585772368208505
E001016,0.8964172816187702
E001017,0.4187573699785826
E001018,0.11690584955405652
E001019,0.7076709971701943
E001020,0.27201626399115425
E001021,0.42442258181460885
E001023,0.6721551099434944
E001026,0.3669255527151344
E001029,0.8008325126253931
E001030,0.6083601094246059
E001031,0.4080139192534903
E001032,0.03964938180138392
E001033,0.680961833413004
E001035,0.07805250866657629
E001036,0.9086067260269501
E001039,0.8368960662689549
E001040,0.8254719041358758
E001042,0.7050992570300021
E001043,0.6458486648932802
E001045,0.6965710730794326
E001047,0.8421347167001266
E001052,0.9587466817988467
E001053,0.6210397803006757
E001054,0.3927004107826507
E001056,0.7519982506192006
E001058,0.5466269285899763
E001062,0.559860973893549
E001063,0.19764678218269757
E001064,0.5776971191247332
E001067,0.15177015682373646
E001068,0.23111953932842028
E001069,0.6350795968816247
E001075,0.7074675061892329
E001076,0.6540249693047441
E001077,0.49571977820903745
E001078,0.4570732458451752
E001080,0.23178756679256488
E001082,0.7329800823582263
E001085,0.6721557014379546
E001089,0.7940256764099307
E001091,0.7624148138543957
E001092,0.706557149347746
E001093,0.49266761602055037
E001094,0.8675430037406513
E001095,0.08979007321524697
E001097,0.4270234023616426
E001099,0.6212194209943487
E001100,0.6449291648136872
E001103,0.7521220241770736
E001104,0.6691353447779148
E001108,0.17931423622525083
E001109,0.502587708436652
E001111,0.7039276724725324
E001112,0.46540584510681965
E001115,0.8867704760419559
E001116,0.4992075527073797
E001117,0.7968308881764283
E001121,0.5468871652698057
E001122,0.7175620139756055
E001131,0.9577630480742397
E001132,0.5500856885205447
E001136,0.7162241277897204
E001141,0.8306322214334848
E001142,0.5265596894659944
E001143,0.622790541701537
E001145,0.6751741823454541
E001147,0.38255336239919513
E001148,0.5164540474918291
E001151,0.8263520683474682
E001154,0.7333035004856728
E001156,0.45763318547880066
E001158,0.8415485667935758
E001159,0.09251113479841391
E001160,0.31296263830691107
E001163,0.6265683401278467
E001164,0.39180577123819244
E001166,0.09645081147151914
E001170,0.649674449000763
E001173,0.2646860628145032
E001174,0.5369559345353123
E001177,0.8212005559309205
E001178,0.29135605364348566
E001180,0.5599317556072512
E001181,0.7395708929590382
E001185,0.767234142504095
E001186,0.8357756082517538
E001187,0.7238947504159936
E001188,0.6524421707387092
E001194,0.8383187630909146
E001195,0.18016228788685326
E001197,0.15472413230446583
E001199,0.4049260387836958
E001202,0.8337193317662762
E001203,0.7243732695661403
E001204,0.652086227712571
E001205,0.3000539296552277
E001206,0.8903102077582576
E001209,0.38421355014863584
E001212,0.9053957076390748
E001213,0.8909361068685214
E001217,0.6819370319175088
E001218,0.5731799024592674
E001220,0.5828070625690397
E001222,0.7637268962938171
E001224,0.7362196096277657
E001225,0.3965189015345172
E001227,0.10034243161038742
E001230,0.7812063397130746
E001231,0.6540004574574845
E001234,0.13983977976970452
E001237,0.553225006504608
E001238,0.7461801124640405
E001239,0.437079795497271
E001241,0.9026668685629584
E001243,0.9500136200059488
E001244,0.5282790680331105
E001247,0.7925442163884495
E001250,0.7921130487258301
E001251,0.2713012961135703
E001254,0.3946516132545234
E001255,0.8728424042386809
E001256,0.5472683134079571
E001257,0.3794500096073001
E001259,0.6829479554332926
E001261,0.7163479734134767
E001263,0.1233375195188556
E001265,0.8013947092411503
E001266,0.3759119283624553
E001267,0.6167980370616784
E001269,0.5135431975306047
E001271,0.7034791022296008
E001273,0.7893903222426905
E001274,0.6060013676031951
E001275,0.9042800867410147
E001277,0.68358661897606
E001279,0.744043998601471
E001280,0.5271570205535847
E001285,0.8428023092691717
E001286,0.6640258546391016
E001291,0.7755366385655579
E001292,0.7362000899982352
E001293,0.6608951675072333
E001294,0.533201565527087
E001298,0.6099437442511068
E001300,0.8819333697234369
E001302,0.16263170545424038
E001303,0.8299680092401427
E001308,0.9093597413615808
E001310,0.6514638973529401
E001311,0.5145874508527316
E001313,0.8278512870565935
E001314,0.016373289006232285
E001315,0.89102437688713
E001318,0.8898778196300081
E001319,0.2697729522140494
E001321,0.7747656102303977
E001322,0.3733165342162342
E001323,0.6190449115667715
E001327,0.8555865069176967
E001331,0.36973241253531197
E001332,0.6588839554769453
E001333,0.9046019667275809
E001334,0.6932318095854465
E001339,0.6767302406349378
E001342,0.3573048493232437
E001343,0.6798593182291204
E001344,0.9057647696744583
E001346,0.6855713697303398
E001348,0.6865751486382367
E001350,0.22543188802789332
E001352,0.7274963741415607
E001353,0.7100631359034165
E001356,0.6917913140557355
E001357,0.548383840870745
E001360,0.401715008843052
E001361,0.18526292817038723
E001362,0.37512297651041904
E001363,0.9275266688223843
E001364,0.42615614290028586
E001365,0.8602547958056279
E001366,0.5306372487580767
E001370,0.08730693517517141
E001372,0.5499266495861221
E001373,0.6052644931639526
E001374,0.4641649319195004
E001383,0.14147054305600862
E001385,0.6251424181301912
E001388,0.7660822280921663
E001391,0.7184543912335866
E001392,0.8223000619448854
E001393,0.7740128663431992
E001398,0.5117174735911725
E001400,0.5616775448473192
E001401,0.5852241420620408
E001405,0.4383795990219136
E001408,0.8906729012656995
E001409,0.6561183632943491
E001412,0.9335883469346364
E001413,0.7248016734650996
E001414,0.7947061376990541
E001415,0.1887132289598124
E001416,0.5546834761558721
E001422,0.7390815150486996
E001423,0.46175638980322126
E001427,0.7387152706236217
E001431,0.7991277624232203
E001432,0.4689313495423508
E001433,0.6130725795785646
E001434,0.8210639651172972
E001437,0.5950045771510114
E001438,0.6669197505020638
E001439,0.5695083002166604
E001443,0.9300335971598075
E001445,0.10092788331547786
E001446,0.22641946650651604
E001447,0.6905889054280238
E001449,0.8211196445560359
E001450,0.37837503992519417
E001454,0.1552872656787249
E001458,0.6949533999405543
E001460,0.6521182275356984
E001464,0.10876350099838837
E001467,0.40838321234938285
E001468,0.8534578980900762
E001470,0.1507541142448576
E001471,0.3027807757426858
E001472,0.8788555257741966
E001475,0.21892547139860738
E001476,0.8023867900948879
E001481,0.7284409612345049
E001486,0.5419260159982445
E001489,0.33929909813015197
E001491,0.1378997752974209
E001496,0.38495214329653893
E001497,0.7606941808281026
E001499,0.8431454318364492
E001501,0.15847990337167928
E001503,0.16741791152575045
E001505,0.2460646495229881
E001510,0.8143409583897653
E001511,0.7680975723543332
E001512,0.46672441764782935
E001513,0.9307862139444888
E001514,0.06486506441727734
E001516,0.7077975055438271
E001517,0.7840618892181208
E001518,0.8848299393042248
E001519,0.5405293257606452
E001520,0.27892517236854486
E001523,0.7774435184518299
E001524,0.7725452884859524
E001525,0.31307272236422967
E001527,0.7797663238767284
E001530,0.48745329325811637
E001533,0.7728931166621282
E001534,0.835534876402187
E001535,0.8018432513733634
E001538,0.1262829936188831
E001539,0.5159299813198799
E001545,0.9234936694592216
E001546,0.8366551136628412
E001550,0.5958771867010713
E001551,0.8261162485692659
E001556,0.6083723881628287
E001558,0.6804741116619615
E001564,0.5205678202190896
E001565,0.019442120390643053
E001568,0.7407875207623941
E001570,0.7593372844370623
E001571,0.7949447147519062
E001573,0.8139324453248808
E001574,0.6904147552114672
E001575,0.7031288371950323
E001576,0.24350357304886994
E001577,0.6627232023104296
E001580,0.3157889446189093
E001581,0.15199548908966998
E001582,0.949344795024275
E001583,0.9102953170189388
E001584,0.7799691398781988
E001586,0.16997174343884502
E001590,0.3876626261156882
E001593,0.7848591048781804
E001596,0.5111717825990605
E001599,0.7380252583220276
E001603,0.6932870768368086
E001607,0.8502222160039934
E001609,0.1059000346882691
E001613,0.46236942240354423
E001616,0.11108545483973631
E001617,0.935353622940943
E001620,0.7521338605133512
E001622,0.5620201570094002
E001626,0.8676037562214802
E001627,0.8995269290881454
E001629,0.7270862033053143
E001630,0.8538538205359637
E001631,0.8193377050472308
E001633,0.32102214528966583
E001634,0.5751325038999874
E001637,0.41728182345001347
E001639,0.08023099633432193
E001640,0.4235972343383757
E001647,0.5647804271358255
E001648,0.19722598321269963
E001655,0.896082270588505
E001656,0.7240245076734769
E001657,0.3031029269786016
E001659,0.05518580823478911
E001660,0.6659023270980867
E001661,0.5118420575616397
E001662,0.8977251354154904
E001664,0.23968515425744816
E001665,0.6841319935866499
E001670,0.27667295609649284
E001672,0.30206071323940703
E001675,0.8923519446561345
E001676,0.7686311604573164
E001677,0.7446363432454767
E001678,0.791511378136327
E001680,0.5189030914702639
E001683,0.8131536318202233
E001685,0.9277800520520119
E001688,0.383035040669077
E001689,0.9076519078700263
E001690,0.6965468024583982
E001691,0.9231433401937634
E001692,0.4378097394489901
E001693,0.8957431404549838
E001694,0.4939507716445529
E001698,0.025844640747033427
E001699,0.5505748285457425
E001700,0.7042305748293143
E001703,0.1547420094773722
E001705,0.8757808936866052
E001706,0.49585112109122637
E001708,0.35466027520646537
E001710,0.7680812283460119
E001712,0.7933586602892495
E001717,0.3583340262837719
E001718,0.1520782845900623
E001721,0.576452781172152
E001722,0.767021021141758
E001723,0.44110257366246086
E001725,0.5217424343338302
E001726,0.8083694744324913
E001730,0.48941189318991096
E001731,0.41593575372489383
E001733,0.9293638517724371
E001734,0.2942582312960688
E001736,0.5294175934912116
E001741,0.6659190937855186
E001743,0.16715213682840646
E001745,0.913505869391142
E001746,0.8254263712643213
E001747,0.8328492051147195
E001748,0.6094422274262581
E001749,0.06371621562315541
E001750,0.7275069062666776
E001756,0.6391753901422038
E001757,0.31461944717648194
E001758,0.5393015491084283
E001760,0.7917646774692624
E001761,0.9237858448116671
E001762,0.7189091864753362
E001763,0.43790505476722363
E001764,0.14258897064488285
E001766,0.7453997868848836
E001768,0.8246023345861809
E001769,0.20225036658271695
E001774,0.8175616428891557
E001775,0.6414764397037525
E001777,0.3695530486734417
E001780,0.5755883193622473
E001781,0.4889188211448465
E001783,0.7032773140322807
E001788,0.8622054009975997
E001789,0.7485901419956094
E001792,0.7310606119159946
E001793,0.9598593791623279
E001796,0.7067697719825063
E001797,0.512768053209627
E001802,0.06298551398379718
E001803,0.6625031764460576
E001806,0.7430816955709204
E001807,0.3874458628353128
E001811,0.6238713323219535
E001813,0.31754139267715564
E001817,0.4459501167865543
E001819,0.7862860274055318
E001820,0.7960636685483209
E001824,0.9084271271208878
E001825,0.9340647101921252
E001827,0.1595891428914149
E001830,0.635312335806154
E001834,0.7202028619857486
E001835,0.7083643378213852
E001836,0.8140611228280779
E001839,0.3217435939473748
E001840,0.23372332305831317
E001842,0.8093437945284155
E001846,0.43155484632158764
E001848,0.8971878060497112
E001849,0.8081842657086492
E001851,0.12381692766703077
E001854,0.6841123011708387
E001857,0.40962269943295004
E001858,0.16024367761861277
E001859,0.8542283099423504
E001860,0.5604800639970706
E001862,0.5271693350727494
E001869,0.8675010364023918
E001870,0.3458551476309482
E001871,0.681608121382956
E001872,0.5555121602185331
E001873,0.13642954954761713
E001875,0.30351445680952516
E001876,0.39673219105291374
E001880,0.8611173186132856
E001881,0.29942987048391567
E001884,0.7153853024899416
E001885,0.5610316721740148
E001888,0.772338999049951
E001889,0.7146090782404239
E001896,0.4564887246675394
E001898,0.21913564505139624
E001899,0.6044566457985068
E001901,0.5829560347635334
E001903,0.5372617625779628
E001909,0.42277686739292486
E001910,0.20566227450039873
E001911,0.6660818353595648
E001916,0.508886214385457
E001917,0.6734562810079358
E001918,0.6330925462365725
E001922,0.23843959149238036
E001923,0.6546822376441054
E001924,0.8270859293520197
E001925,0.765416353181758
E001926,0.8281022192007502
E001927,0.6135965351002752
E001928,0.4551307837006844
E001930,0.38061766653605367
E001931,0.5733915524942018
E001933,0.6213289364676173
E001935,0.443383251676976
E001937,0.7533298328528351
E001938,0.4754992390429319
E001940,0.7640477694685419
E001942,0.7727085200205607
E001945,0.8252649092695628
E001951,0.3580691854499413
E001952,0.06347482612451472
E001953,0.6945184179749537
E001954,0.6438696288369012
E001957,0.8345360810176515
E001958,0.16730381110505346
E001959,0.11225952774429926
E001960,0.928012735707906
E001962,0.7170959542378962
E001964,0.7733767990982836
E001965,0.4352223359374961
E001968,0.6258898699660334
E001971,0.830511791659938
E001972,0.5325073916358714
E001973,0.8817815742321929
E001975,0.6571952699424927
E001983,0.9106678950017302
E001984,0.7004266561204522
E001985,0.18831515496923087
E001994,0.19466919730736404
E001995,0.7313627185412694
E001996,0.1172653914036569
E001997,0.6630252408548889
E001998,0.6063900597164633
E001999,0.3909812626160371
E002001,0.8618467993924256
E002005,0.6367700381737628
E002007,0.8871457367343035
E002008,0.6854702702477727
E002009,0.39680959479083033
E002013,0.5931149256644029
E002014,0.0426573246038395
E002016,0.849397525893092
E002020,0.48772637053070095
E002026,0.5794485807348735
E002027,0.8205241130148714
E002036,0.7514696500466617
E002040,0.8477110209288911
E002041,0.8732730081871446
E002042,0.1029855733858062
E002043,0.8986238928977414
E002045,0.08863797809826204
E002046,0.28907405976788236
E002048,0.8462815947682722
E002050,0.15918496318213243
E002051,0.836763157924232
E002054,0.48839570377495484
E002055,0.17032844554621207
E002057,0.8259442699786476
E002058,0.48956281254334827
E002059,0.8731871642125695
E002060,0.7855698238606272
E002062,0.703935965734777
E002063,0.8250079176667892
E002064,0.2663923763042655
E002065,0.6576621678693302
E002069,0.754286721070839
E002070,0.5872118214389401
E002072,0.7819495477162902
E002073,0.3043167986208845
E002074,0.46273178801997894
E002075,0.1308552435598371
E002078,0.8970621892915154
E002081,0.6023222338925373
E002086,0.843415357368816
E002091,0.16641234046466724
E002093,0.407583348972777
E002095,0.5511101014597706
E002096,0.5696767204626534
E002098,0.8517798684509121
E002099,0.28666341058882316
E002100,0.15969470533571664
E002102,0.8071405373246163
E002103,0.7839143011696088
E002105,0.741860661309763
E002107,0.8720627239381068
E002108,0.4611723911178463
E002111,0.807591216192682
E002114,0.8626909873437635
E002116,0.6873781498508719
E002118,0.5799753205930867
E002119,0.8930963474420764
E002121,0.682602153671355
E002122,0.34164762307047664
E002124,0.2671812903894506
E002125,0.02237911669419328
E002131,0.8670660833140176
E002132,0.351252816996042
E002133,0.5474084208932976
E002134,0.5019498820971792
E002137,0.8189270346304884
E002140,0.902862697890432
E002141,0.4047365328568153
E002143,0.161868578321685
E002145,0.7456012421040089
E002146,0.8129849124618489
E002149,0.9255057439286052
E002150,0.8406688778373694
E002153,0.23377334636386762
E002154,0.785071698175054
E002156,0.23220389909358313
E002158,0.7882645341013125
E002159,0.18747230015148822
E002160,0.8138843560506549
E002161,0.7619882279301785
E002162,0.16449632771196404
E002163,0.8167105387933283
E002165,0.8033193989494406
E002170,0.8044433858757011
E002174,0.838203979741306
E002175,0.4410213328948787
E002177,0.6149048090796958
E002179,0.9676780944908987
E002180,0.4528143439653379
E002182,0.0810683584351023
E002183,0.7151492080179795
E002187,0.7224713676943265
E002190,0.8538822736769272
E002191,0.9232997871224404
E002192,0.6511296924255944
E002193,0.5357429859594972
E002194,0.1763348352748676
E002196,0.875704123927853
E002197,0.009086089426500448
E002198,0.8588599523811358
E002200,0.6634334389653789
E002208,0.6276648042191347
E002209,0.7814742980847091
E002215,0.8386592184582614
E002216,0.22945198093436597
E002217,0.8381336282666959
E002218,0.4591216783682787
E002222,0.7138010621613624
E002225,0.807989443662076
E002230,0.4457739980542867
E002233,0.44548650536156176
E002241,0.8681156335628192
E002242,0.8468641619675381
E002243,0.29542159410301166
E002245,0.8088582586968303
E002246,0.44288840941965657
E002248,0.5339930455283227
E002250,0.7718181449237841
E002251,0.5589322164708433
E002253,0.7382981092237102
E002254,0.7437026484931599
E002255,0.8472090935679486
E002256,0.8697904908594484
E002257,0.3134557104947486
E002258,0.4098433351242908
E002263,0.46815431904240173
E002265,0.5075110638332909
E002268,0.5586400822658605
E002270,0.2852789998766704
E002273,0.7525784266197938
E002277,0.7347910570812833
E002278,0.1350544227604567
E002279,0.8218946408905025
E002280,0.6220093844138139
E002281,0.7669938924399509
E002283,0.6888376004260126
E002285,0.25520242999661247
E002286,0.932286934357869
E002288,0.8111908148898402
E002290,0.8911763323580342
E002292,0.6972054310863229
E002293,0.5422397762196316
E002294,0.8205038203599123
E002296,0.6892870032829514
E002297,0.859220733523126
E002298,0.8907216120331487
E002303,0.6761535840079362
E002306,0.6106236407376303
E002308,0.2975828948067816
E002310,0.7957467048541219
E002315,0.18797274824541385
E002317,0.7146816809834949
E002318,0.9305166414924709
E002319,0.42196270770225097
E002320,0.5757519255068978
E002321,0.6723819282248631
E002322,0.7463377651756685
E002323,0.6267125433057109
E002324,0.3331827550732112
E002325,0.6447642904720959
E002327,0.23375245036116726
E002328,0.5548249458227359
E002331,0.8538763599931052
E002334,0.43756399214104963
E002336,0.14863821111034883
E002337,0.6172386293440609
E002342,0.9274073063254874
E002343,0.2259724449767126
E002345,0.313687270982546
E002348,0.816791200292913
E002351,0.7742490012946421
E002355,0.9514781997879252
E002357,0.06048116810114256
E002358,0.6535945454786223
E002362,0.5435834361521619
E002365,0.8493585861799496
E002368,0.6588228558450356
E002371,0.47369552769064605
E002372,0.6018922303732988
E002376,0.7641564312837065
E002377,0.7429993142119045
E002380,0.488618156460446
E002383,0.7592465735523851
E002390,0.927229307825386
E002393,0.5617010884580619
E002396,0.7292074403705189
E002398,0.43462314574743144
E002400,0.07822662742106701
E002402,0.23293818892749193
E002403,0.401704898690817
E002405,0.7203178694188623
E002406,0.5446378485844289
E002409,0.9130128733976697
E002413,0.5368947248397016
E002414,0.58967103226735
E002416,0.6712704272470895
E002420,0.3481001319848167
E002421,0.37291103814271503
E002423,0.5054493738923463
E002427,0.8518072212821873
E002430,0.7713028348110073
E002431,0.8036866789472198
E002432,0.7953870730872709
E002434,0.7414727855824238
E002436,0.9395339178455689
E002438,0.2943111765476148
E002442,0.5859433483702993
E002444,0.7708726690818885
E002450,0.7902667664899556
E002451,0.772242372337315
E002453,0.7474983748987772
E002454,0.13892131368336116
E002455,0.8009558875545086
E002457,0.5198495159986743
E002458,0.7754516541281916
E002463,0.8908924303791795
E002464,0.7073294466563185
E002466,0.7006461785002843
E002469,0.0672649143696701
E002473,0.32214872019152835
E002474,0.7494550281503984
E002477,0.629622952378674
E002479,0.07113242589512679
E002483,0.5212239916395189
E002484,0.7752142510965706
E002485,0.4783611604323284
E002488,0.7462842373211203
E002489,0.3344454883954829
E002492,0.34977188007809923
E002493,0.29759385782561404
E002497,0.08513899909766509
E002499,0.5074087683389704
E002500,0.5445891514391997
E002501,0.8069411878824821
E002502,0.5004932769837429
E002503,0.28992416755058903
E002507,0.9434425098200269
E002509,0.7179926096038122
E002511,0.18790819512994655
E002513,0.6736512181481671
E002518,0.47726155530754827
E002519,0.7889427732937947
E002525,0.40576293451732426
E002528,0.08057450386469561
E002529,0.525671929449769
E002531,0.6951654807672489
E002535,0.5086212189051914
E002538,0.7256702171576324
E002539,0.15259333949857823
E002542,0.22009580617465138
E002544,0.8926602081992508
E002545,0.8114161370818741
E002549,0.2695013369045575
E002551,0.5390245343633714
E002552,0.6766882698386574
E002553,0.31921430419525476
E002554,0.42462059326889245
E002555,0.7603060578880293
E002558,0.4772870366588006
E002559,0.7327300293430994
E002567,0.1469306658938014
E002568,0.6419443130163464
E002571,0.8216263745351354
E002573,0.7817375331112694
E002575,0.15031999237386173
E002576,0.7100336862477041
E002577,0.5267129108632761
E002579,0.6533338985501654
E002581,0.6538027566962307
E002584,0.5724728239760264
E002586,0.8973452179386684
E002590,0.7948747338248038
E002596,0.07607685929527329
E002600,0.7978907505368694
E002601,0.903566678748311
E002610,0.09508845395145742
E002612,0.516216604449556
E002613,0.8728068491748427
E002619,0.7940374828850925
E002622,0.4398478371008474
E002623,0.6976960865442402
E002624,0.8982415427514402
E002625,0.6255931059309723
E002629,0.7022304662906064
E002630,0.6116596774163597
E002631,0.9108418770766344
E002632,0.37162847196885507
E002633,0.142431979296701
E002636,0.750360408758042
E002639,0.4267850689238736
E002641,0.560396280559283
E002642,0.33443907960978925
E002643,0.9157530625513677
E002644,0.6689221796021485
E002645,0.7286565217138817
E002646,0.7398662713763186
E002647,0.4440740947983074
E002648,0.5815402932288556
E002651,0.2356419485456686
E002652,0.6867689323986584
E002655,0.4953047893695995
E002656,0.6381151004651587
E002657,0.22981708400638737
E002658,0.8505978201263401
E002659,0.965334333200329
E002665,0.5851418120937992
E002667,0.5584286102739555
E002670,0.45212009787327107
E002672,0.21646112544925503
E002673,0.06902082874392657
E002682,0.7011358539149313
E002683,0.20078671074057652
E002686,0.39377632155273695
E002692,0.8777219386258779
E002696,0.8677665255916605
E002700,0.7183943864759949
E002701,0.06613910933458717
E002702,0.5869364552925336
E002703,0.7913241134446658
E002704,0.7095991127147329
E002705,0.7875709929101221
E002707,0.7124939310303039
E002711,0.4589952362317948
E002712,0.748011983155395
E002716,0.1693387738925628
E002717,0.45205239695045
E002721,0.6258232377486707
E002723,0.76610535316897
E002724,0.27591360293697126
E002726,0.43217697519795056
E002729,0.7702850963497916
E002735,0.9025048436128164
E002736,0.8321381444891413
E002737,0.295494357626522
E002738,0.4151930295658641
E002741,0.677370353836571
E002742,0.91670922782731
E002743,0.7327532819768247
E002745,0.6984543906677729
E002746,0.5186833672273989
E002749,0.6331638588221115
E002751,0.3436530799644762
E002754,0.7120727879712918
E002757,0.9008254138081971
E002758,0.8754620729208507
E002759,0.9185355021281981
E002760,0.24056462819688992
E002764,0.03201810995181988
E002766,0.8313336148299848
E002768,0.33657309760729825
E002773,0.7789908151817199
E002777,0.20449641078484013
E002784,0.7553915513755446
E002785,0.5754584206407033
E002788,0.09216524832362165
E002790,0.6916707025590769
E002791,0.5964180834508304
E002792,0.3653328851471353
E002793,0.5474981095809796
E002794,0.7655468297659815
E002796,0.5651501603987031
E002797,0.9510209927521045
E002800,0.7517453304933976
E002801,0.7718272180551433
E002803,0.7371544613087632
E002804,0.7393874034865945
E002805,0.7912216042640475
E002808,0.5775260288811527
E002810,0.736370096037841
E002811,0.8808458496265607
E002812,0.7742864634576437
E002815,0.5276944805981274
E002816,0.4666361418196738
E002817,0.8490342220042032
E002818,0.6169779278248576
E002820,0.8722091770009681
E002824,0.7214306038931942
E002826,0.5736984039947893
E002830,0.4081443357008607
E002837,0.6582337115078276
E002839,0.2933466300015353
E002844,0.6667599402467098
E002845,0.2602189881173019
E002846,0.9046315734841169
E002849,0.8677698354826512
E002850,0.6933516336181597
E002851,0.44798594922131996
E002853,0.5176123399951018
E002855,0.5012570333342113
E002856,0.645565313167777
E002857,0.5878142690033109
E002859,0.8455099575237454
E002861,0.39199601248649274
E002862,0.32109170638054096
E002864,0.4102380078846809
E002865,0.6514595415242912
E002866,0.4689178025987781
E002867,0.631116307184061
E002868,0.4084732775966163
E002873,0.9320345959106384
E002875,0.16939124587728285
E002877,0.4270331223852841
E002878,0.8969902796127223
E002879,0.5898804515939835
E002880,0.08635652906290613
E002883,0.773333538823059
E002884,0.8245130432648918
E002885,0.9167096667453244
E002887,0.8917987128534768
E002890,0.01184630066797933
E002893,0.8219711774404946
E002895,0.7289082647749472
E002896,0.5307246825359325
E002897,0.4917590960363888
E002901,0.43130190299527826
E002903,0.3406917278979405
E002905,0.8328202970578181
E002908,0.4837544292368482
E002909,0.8205887142126024
E002912,0.13727672174233602
E002913,0.33599928447166455
E002916,0.025726285303992503
E002917,0.9069174328475114
E002918,0.7229554296308052
E002919,0.7084807761554892
E002920,0.16250009791018014
E002923,0.9405644156454275
E002925,0.6193778282283373
E002927,0.7847411628362325
E002928,0.4829783174944491
E002930,0.2933113899546151
E002933,0.447151164532171
E002939,0.8185797061586407
E002942,0.6378242903154894
E002943,0.8357214472654768
E002944,0.8290055754241085
E002945,0.6237473290868331
E002947,0.8269599252544523
E002949,0.8193540666136774
E002950,0.4442692026751678
E002951,0.5395773570481748
E002954,0.7070630404967132
E002956,0.7357536184310964
E002957,0.46117971847524813
E002958,0.7505610044698161
E002964,0.34698930318465504
E002970,0.5841442970592056
E002971,0.8781843115064756
E002974,0.8383425276381685
E002977,0.26503709949306387
E002978,0.8599681835320837
E002979,0.38342740586260315
E002980,0.7379629673122707
E002981,0.5971221585084955
E002989,0.825169048437991
E002991,0.15441784891578347
E002992,0.6436598536043142
E002993,0.7911885006851251
E002996,0.1793776782900208
E002997,0.6576474192964559
E002998,0.7090867948668842
E003002,0.8358677410824451
E003005,0.8279275981810763
E003009,0.5881956177864631
E003010,0.7632597434328554
E003012,0.11715259440732129
E003017,0.49112271386203205
E003018,0.06058370740843095
E003020,0.08047525609922204
E003023,0.806114568456412
E003029,0.4439244074896564
E003033,0.7327862429595551
E003036,0.06667979490860833
E003037,0.6083934957039617
E003038,0.7409536204175498
E003040,0.7413060857998282
E003042,0.6465624815210187
E003046,0.8640020927019915
E003047,0.03236743394806371
E003048,0.4490405231195766
E003049,0.39084517766942634
E003050,0.8709175614177253
E003052,0.8593872852387168
E003053,0.46073111167638436
E003055,0.6730059132589941
E003056,0.7955861329021624
E003057,0.5989767763631819
E003059,0.6442815630973848
E003061,0.40444833566091815
E003062,0.5914848950100319
E003066,0.5992428776882265
E003070,0.708721310429387
E003072,0.39440361664633744
E003073,0.861609872039962
E003076,0.39173264210846515
E003078,0.6788356845748138
E003079,0.39358419154386665
E003080,0.8532923947329499
E003089,0.38018109659136423
E003090,0.8269952439411491
E003091,0.18722494457723507
E003092,0.13151475604003898
E003093,0.649993916856578
E003094,0.27391429752409
E003097,0.28046783611218695
E003102,0.5359164450010325
E003108,0.8908497427527887
E003110,0.2534314616816163
E003112,0.4096832040310545
E003115,0.8504135131327325
E003117,0.7885088770342731
E003118,0.24969647425656688
E003120,0.7971649553106162
E003121,0.5923584225684415
E003132,0.08579682081665765
E003135,0.6374232176437414
E003138,0.16240704139373266
E003140,0.34799832271601777
E003145,0.8557676628525411
E003151,0.9076008290468951
E003152,0.7351132040950173
E003153,0.9108146196994171
E003154,0.1870358687211713
E003159,0.7064440638975049
E003160,0.9208016215853837
E003161,0.7143638777780184
E003163,0.41256953561989035
E003164,0.15395689012908578
E003165,0.8242461677258519
E003166,0.8282481156409438
E003167,0.6452177372044655
E003168,0.6187317714494001
E003169,0.5606456285812913
E003170,0.9246405451899998
E003173,0.8621609643823902
E003178,0.6331858574375817
E003179,0.469611124703907
E003182,0.8147009925599891
E003184,0.48073699672970843
E003189,0.7519864800339721
E003191,0.6959313679942176
E003194,0.6733999830371669
E003197,0.4258304729884026
E003200,0.714884839595234
E003201,0.8405264573184451
E003203,0.6581484153448378
E003208,0.5717251258370719
E003209,0.6994065333110263
E003212,0.2551607060675302
E003214,0.40133008421464583
E003215,0.5058821849730029
E003216,0.841876189044579
E003217,0.6499234217367532
E003219,0.36056233973579455
E003222,0.15246752668162245
E003229,0.5751531065903994
E003237,0.7495119263798329
E003242,0.7173366611579388
E003243,0.3578324313026117
E003245,0.6395630981417815
E003246,0.6402836262266076
E003248,0.32602866580286477
E003249,0.911517379115239
E003252,0.7744409884827493
E003256,0.9273716784210583
E003257,0.7709038994575341
E003260,0.6172384250585597
E003263,0.5792226261271136
E003265,0.11800400383694602
E003268,0.6929372241483844
E003269,0.5864598673570534
E003270,0.9100803998681466
E003277,0.6423133199906431
E003278,0.505505665275563
E003279,0.9196417912214045
E003284,0.6015096362405263
E003285,0.8219250313193434
E003286,0.32273237426309026
E003287,0.6176283000074831
E003290,0.3046105239447649
E003291,0.6285659989168259
E003295,0.1319876948612842
E003296,0.3919015732121632
E003298,0.33958725959179914
E003301,0.3414123884404334
E003304,0.7473227308316581
E003305,0.379387094964766
E003306,0.7495992964698533
E003308,0.33428342758188284
E003309,0.37527687134660953
E003310,0.225168517967162
E003313,0.47663041933323613
E003315,0.36998305819014266
E003325,0.8148166926730551
E003328,0.943404118087351
E003331,0.8474701057201774
E003332,0.013750285358201672
E003334,0.5609512876764299
E003335,0.6748013958899429
E003336,0.6952472604517189
E003339,0.7173325723402773
E003342,0.36424440295593224
E003343,0.7332720882966648
E003349,0.6213202783200308
E003350,0.8523683432415108
E003351,0.792715489713862
E003352,0.6773994853043684
E003353,0.7069957476646058
E003354,0.34339918823612614
E003359,0.08875639830627235
E003361,0.37383764263760344
E003362,0.8447713209484844
E003365,0.682552367562055
E003368,0.38462514090050487
E003369,0.7920747285873556
E003374,0.18285832373682792
E003379,0.9463114971663928
E003381,0.9224734119121542
E003389,0.8746145148265214
E003390,0.10764438939515593
E003396,0.9757031589423288
E003398,0.9232156436226041
E003400,0.8711283656686827
E003401,0.7617862776545921
E003403,0.9159634802621067
E003405,0.6745950149333401
E003408,0.511503603891617
E003411,0.8753263046495973
E003413,0.5340724307212887
E003419,0.5875830776998096
E003420,0.6975323162408795
E003421,0.758874010649866
E003424,0.4459004432646593
E003425,0.7902713009822094
E003426,0.8996758438825336
E003429,0.11692436469653841
E003430,0.5120661053550237
E003433,0.43017174446590756
E003434,0.7802423515962544
E003439,0.9070287519230231
E003440,0.794897105651516
E003446,0.5398399994618129
E003449,0.48422277472598735
E003450,0.8159191440028628
E003456,0.7496959495748009
E003458,0.6348375509400579
E003459,0.8585645793987994
E003463,0.09753116817025564
E003465,0.7326306639010595
E003470,0.194660925247154
E003476,0.6529216359629618
E003482,0.631920054550125
E003485,0.6149273354075605
E003487,0.244955054117522
E003488,0.6299144979728866
E003491,0.22346064557539
E003493,0.7181255411484521
E003497,0.7147255740054168
E003499,0.8635075926722795
E003500,0.33500566927911274
E003501,0.8296707413377432
E003504,0.8696974126835798
E003509,0.09057238243148963
E003510,0.42713797471936665
E003511,0.756250812615777
E003513,0.8072270477019764
E003515,0.7702407941698614
E003518,0.8199601456354435
E003519,0.8036160747443324
E003520,0.05371830224784336
E003521,0.8648237939735892
E003523,0.5457370538663879
E003530,0.8465770294096729
E003531,0.6399549849459113
E003534,0.8849581384713524
E003535,0.763343613502684
E003536,0.7492791308679746
E003539,0.500656847611301
E003543,0.9087894672259692
E003546,0.5118648858122843
E003549,0.500925275202468
E003553,0.39445028167706153
E003555,0.4312237607414241
E003557,0.9315658447409038
E003558,0.30550575098063054
E003561,0.1734205443080682
E003562,0.8995126214727338
E003563,0.9201483029264591
E003564,0.0760272443725496
E003567,0.5633472181673755
E003570,0.7280283386423584
E003575,0.6952355189353254
E003576,0.2916081943350912
E003578,0.7159236972896196
E003580,0.8280712846080246
E003581,0.9289925088544839
E003582,0.8379276757870975
E003584,0.5176634414214122
E003585,0.5140884696390938
E003586,0.21144742475322692
E003588,0.743965683445537
E003590,0.10311393625827202
E003593,0.4940333353452406
E003598,0.11775766526848452
E003600,0.7902599214038815
E003601,0.029118729243062916
E003605,0.5179987225640426
E003608,0.5747374053643174
E003609,0.8929306008397563
E003613,0.18810263796845633
E003614,0.09336610500872418
E003615,0.043404011742803686
E003616,0.13400465931824215
E003619,0.8465880974634282
E003620,0.5266140428680657
E003623,0.3258065933154613
E003625,0.2756501387606033
E003627,0.7268431569650132
E003630,0.9107701977820777
E003632,0.8586193120996811
E003635,0.12345648593519545
E003636,0.09329657906563181
E003637,0.8861754405958318
E003639,0.6789699448080518
E003640,0.7125919590216843
E003649,0.20858238072407514
E003651,0.024493042650273515
E003652,0.7438531468639752
E003653,0.32376259452514605
E003656,0.24497783145238694
E003658,0.18946097026153283
E003662,0.6272389822995994
E003663,0.5041887262917687
E003664,0.7524212624922462
E003667,0.49332386207379236
E003669,0.30641917313549827
E003670,0.4494979383119866
E003672,0.5136436251593066
E003680,0.8819397694664483
E003682,0.8861926745809613
E003684,0.07124198755876338
E003685,0.8855701548617737
E003686,0.796306478247333
E003687,0.8467206668869417
E003689,0.48476259176279735
E003690,0.8571358267506314
E003691,0.6833885102481215
E003693,0.7063924858811745
E003696,0.8862653393288998
E003697,0.367538198004535
E003699,0.4781287147637905
E003700,0.5102283395822728
E003706,0.41862592368853896
E003707,0.32146546256357234
E003708,0.596837153353556
E003712,0.7615670158385137
E003713,0.8292510279428734
E003715,0.32415604125535796
E003718,0.6234746025902818
E003720,0.656293674350598
E003721,0.42439668039142703
E003722,0.47401174359477083
E003723,0.20706416183530593
E003726,0.5633752429583662
E003730,0.8541477428688774
E003731,0.6443481817645346
E003735,0.5885212718215901
E003737,0.20403112317667588
E003738,0.83805013025364
E003740,0.4950092381258883
E003741,0.8334499074417624
E003745,0.8097218303367489
E003746,0.5491018658482429
E003747,0.24742955499557462
E003749,0.4880228239218438
E003756,0.13299134861202025
E003758,0.7837256998832224
E003759,0.8626748192053046
E003762,0.48801109963111106
E003763,0.5783974439784924
E003764,0.8781974865724302
E003765,0.2718152621126148
E003766,0.3906724266485464
E003768,0.297808158275852
E003769,0.1759837213312016
E003771,0.6733434193014567
E003772,0.3361447807137707
E003774,0.6789422316446846
E003775,0.5293924906072413
E003777,0.3388569158162216
E003778,0.503929537594173
E003779,0.05612235830403446
E003780,0.5457661500805384
E003781,0.7744525050681371
E003782,0.7138283975676698
E003785,0.8851023989087551
E003786,0.3088811722924134
E003788,0.6195992978998539
E003789,0.7956056567062855
E003790,0.6936262497469743
E003793,0.7792821011928852
E003795,0.8240729482790328
E003797,0.7656396838927519
E003799,0.8620321356782612
E003802,0.6070953976149125
E003808,0.862808488382896
E003809,0.5609479927564096
E003810,0.3282802861893158
E003812,0.7205432329332948
E003814,0.5838332647026188
E003815,0.48285901009375
E003821,0.8067028841638011
E003822,0.8768175029772872
E003823,0.23645991126196794
E003824,0.7782722599624081
E003825,0.7786677007450211
E003826,0.8675784716965701
E003827,0.18514044360008144
E003828,0.8316241140925393
E003829,0.35637150285575425
E003830,0.28741217753822207
E003831,0.6828064243089601
E003832,0.8483370699104713
E003833,0.5725634334026419
E003837,0.5588243706624759
E003838,0.7501962881903775
E003844,0.7533402664787735
E003845,0.35039710338291413
E003848,0.5504135470518463
E003849,0.7948041629729803
E003850,0.1482848381176101
E003851,0.3837750665490102
E003852,0.634182427827506
E003854,0.5542353886718411
E003858,0.8357016863283359
E003859,0.17939631791283478
E003860,0.46481616288909
E003861,0.7861709596524922
E003865,0.7162051228896708
E003868,0.6209380490485913
E003871,0.7000915693779545
E003872,0.8261953928003024
E003875,0.6283667110927765
E003876,0.691323377640402
E003878,0.20752568304168637
E003880,0.778861599170487
E003881,0.9414070937461362
E003884,0.8736957464615536
E003885,0.5935500570029296
E003887,0.9263639733167218
E003891,0.8342688476611676
E003893,0.05515499602846928
E003894,0.10349316441571503
E003895,0.6266925876426014
E003897,0.8020635076084344
E003899,0.4909954670085181
E003904,0.542499332000021
E003909,0.44687153613541136
E003910,0.3896091250596523
E003911,0.3089817369415549
E003912,0.7836053585814392
E003913,0.9239590504654744
E003914,0.8151006575577756
E003918,0.853887495163478
E003920,0.6989439598306432
E003921,0.32424145115640746
E003922,0.6614242527413581
E003926,0.8990933177101438
E003928,0.5355142747870147
E003930,0.531360622400705
E003934,0.8618585589019249
E003939,0.7492771085186347
E003941,0.8793350987534608
E003943,0.9036787583750546
E003944,0.8521805790332417
E003945,0.5326963067863906
E003946,0.639687519838054
E003948,0.8070988066372933
E003950,0.09136110136360537
E003951,0.5526618281783889
E003953,0.5914961969465691
E003954,0.4496817259058701
E003955,0.9366814879926904
E003960,0.12586077779459476
E003964,0.14430439234498132
E003965,0.7272217044971107
E003966,0.10517759302286848
E003969,0.38001522450093367
E003970,0.7804622923768002
E003973,0.8652898232864192
E003979,0.5429911244885363
E003980,0.7978427825459806
E003982,0.4194015570819422
E003983,0.2509581666883347
E003984,0.43189206985618656
E003986,0.7924729393138912
E003988,0.6348050669838591
E003991,0.5194023760973364
E003992,0.9379820788494727
E003995,0.9538224242668489
E003996,0.6509844235733614
E004004,0.8881994749240866
E004006,0.9175792236079658
E004009,0.275451122893461
E004011,0.7463527449730524
E004012,0.08224086499442916
E004013,0.6416359370982772
E004015,0.7337561932042067
E004016,0.5613474799242592
E004017,0.7006366071357764
E004018,0.7978065020735867
E004019,0.8854949422221182
E004020,0.34801393939501346
E004023,0.09400009771186657
E004025,0.41407309889641214
E004031,0.7553492678640923
E004033,0.7615174332516833
E004035,0.8477238049493586
E004038,0.7702437458987145
E004039,0.5530461881829101
E004041,0.6611283560418181
E004043,0.07311926617178989
E004046,0.05488354888383095
E004049,0.5129395140168644
E004050,0.8575531406638425
E004057,0.39799259319527464
E004058,0.6016673880010852
E004063,0.6561347340358908
E004064,0.5704272708850516
E004065,0.6850548817935306
E004070,0.7949648272438132
E004071,0.32850626970973373
E004072,0.2505661210674691
E004075,0.8977264036166082
E004076,0.7316129016905546
E004078,0.7019918390978697
E004079,0.21857441837142716
E004080,0.06413787814039593
E004083,0.8886215957174033
E004084,0.6226840948048661
E004085,0.8447337462353105
E004088,0.4554691815963702
E004093,0.6581794490010936
E004094,0.8874390088676318
E004096,0.5274726316618379
E004101,0.8180565710440837
E004102,0.7454308147960965
E004103,0.7299633945631446
E004106,0.4598012249636743
E004107,0.6326374791421939
E004115,0.8719885179256757
E004116,0.8603855009678194
E004118,0.758955089844791
E004119,0.5718845033611832
E004120,0.16800923558818023
E004122,0.8593404112279268
E004124,0.7694195844541822
E004125,0.7364527606040111
E004126,0.4643855785795493
E004127,0.36478153258193236
E004128,0.6709216487105546
E004130,0.5173692420694833
E004131,0.8202060761825937
E004132,0.8578631504374713
E004133,0.8039313417072099
E004135,0.41305757061567094
E004136,0.09392109528009743
E004138,0.5377420516236309
E004139,0.8782246565012553
E004140,0.4263411592026261
E004141,0.7405501716236125
E004143,0.6626497731350928
E004144,0.5748083057177463
E004146,0.7897142673699588
E004155,0.45087031281097084
E004163,0.6238295920723216
E004165,0.7383590599532646
E004167,0.352908573737536
E004171,0.3140134554318028
E004173,0.9030679160205706
E004178,0.1863417266912876
E004179,0.5755540365653136
E004183,0.7095751790280924
E004184,0.6933103891110242
E004185,0.14105663075477692
E004187,0.40628796977615794
E004189,0.7194463200972205
E004190,0.6977346632336222
E004191,0.8553670117806298
E004192,0.7647167894982135
E004193,0.8553766163838149
E004197,0.2178481378029662
E004204,0.6174880566855891
E004208,0.7857482593739469
E004209,0.05475474666659165
E004213,0.722217553829032
E004214,0.31849840160942117
E004219,0.8832891140396572
E004227,0.4635637303527812
E004230,0.825746677217398
E004233,0.6775380669102067
E004234,0.58315585367479
E004241,0.6315276784210677
E004243,0.8735236838388988
E004244,0.6696193646060947
E004245,0.4796822201035444
E004246,0.20793403929326312
E004247,0.7626650578909324
E004248,0.0763495270147233
E004249,0.014199215718127765
E004251,0.8651776378470505
E004252,0.39859736992983674
E004253,0.2361987907223328
E004254,0.3761184231072833
E004256,0.9103773171247762
E004257,0.6820867270923506
E004262,0.7058899161348737
E004263,0.3780969923143598
E004265,0.3820726095742341
E004269,0.8087467991295956
E004272,0.5701202947603075
E004273,0.8179547224205589
E004276,0.6610319729942808
E004278,0.1509115619088093
E004281,0.5208428221995622
E004283,0.6740094839384027
E004285,0.5943576671639225
E004289,0.7494550231942884
E004290,0.9022907001855712
E004291,0.4576221161684773
E004296,0.7625042453567344
E004297,0.8126716090537723
E004299,0.3688901906763225
E004300,0.6428769322143343
E004301,0.8517938691964723
E004303,0.35283507877588827
E004304,0.81749951768647
E004307,0.5400950684796173
E004309,0.595887949556404
E004310,0.5283941586433722
E004316,0.5421947372024638
E004317,0.6667834252378756
E004318,0.7829347518696524
E004320,0.6299638940480922
E004324,0.5698691516918744
E004326,0.4439338877628526
E004330,0.41409755548956995
E004332,0.06279011511835735
E004333,0.14903749292786206
E004335,0.7729301108196963
E004343,0.8818235559354722
E004344,0.6782148642173256
E004346,0.46638890437981506
E004348,0.8079687963599479
E004353,0.48490176515461303
E004355,0.7044207997274143
E004356,0.8371386876478621
E004357,0.6611743021634199
E004358,0.8720578027477413
E004359,0.7208301729668934
E004360,0.4200334851669569
E004361,0.10492287367663432
E004364,0.6759145293531863
E004367,0.2858774803205934
E004369,0.7336287832641606
E004372,0.38683827339122207
E004379,0.5973288589619179
E004380,0.8278682676449449
E004381,0.6447538804055235
E004383,0.05769833617487611
E004384,0.7477196153107326
E004386,0.28022643784213164
E004387,0.5848221218225143
E004393,0.8323295949609338
E004394,0.24811350632898335
E004395,0.1450425136182729
E004397,0.7144393506131728
E004399,0.3487300513490802
E004400,0.6304958818549175
E004407,0.3300596767286886
E004408,0.5737016727523009
E004410,0.7229672914505616
E004412,0.7557479227191489
E004413,0.6535100559844453
E004416,0.4994672316375279
E004417,0.9139411572883769
E004418,0.6336339106673865
E004425,0.6309151976253392
E004427,0.8535843358409712
E004428,0.15279033164434783
E004429,0.8011562596653297
E004432,0.7257498214323183
E004433,0.5591408802113572
E004438,0.34430336163121295
E004441,0.38772415505045565
E004442,0.6341267892770508
E004444,0.1382012777578617
E004446,0.14868632831028325
E004447,0.6232033560800355
E004448,0.6985561969675141
E004449,0.61508529196764
E004453,0.7820183717155186
E004454,0.8739051436001707
E004457,0.7811531862738271
E004460,0.5045077225108301
E004463,0.6113492934986126
E004465,0.5850757286982282
E004466,0.8366311874453155
E004468,0.6216838767804174
E004472,0.8279790900693305
E004480,0.010713621254069675
E004481,0.7997592391065605
E004482,0.5700737691168656
E004486,0.9055639153125196
E004487,0.6954609443112572
E004491,0.3667162099917203
E004492,0.33699631452129053
E004493,0.6894330934790959
E004494,0.4486038412229946
E004495,0.5127292985750268
E004497,0.6853593451233172
E004500,0.7118332273248432
E004501,0.49221125184780323
E004503,0.2289968077266933
E004508,0.5535066443002192
E004510,0.8765104040537595
E004513,0.7460966945970023
E004517,0.4399576586539706
E004518,0.06429439780080806
E004519,0.8793271045306148
E004521,0.7159137029774163
E004523,0.6308212117279055
E004526,0.8240002361139043
E004530,0.9039547072146071
E004531,0.18598311892144873
E004532,0.4937085913910025
E004533,0.8366757199297481
E004535,0.6592194225075777
E004537,0.38598474385514064
E004548,0.8618569317714645
E004552,0.8332372113894122
E004555,0.6301333402068128
E004558,0.7158092085320591
E004559,0.42532137804048786
E004560,0.6389889683486586
E004561,0.7194958928495703
E004563,0.40960921082909285
E004564,0.48008427814922255
E004566,0.8716640675825809
E004570,0.7359007060230942
E004574,0.5852418373214284
E004577,0.8795043131785893
E004578,0.8500514403058597
E004579,0.030341195824507176
E004582,0.7789995258624721
E004583,0.6598546821229178
E004585,0.101932431407285
E004586,0.3140028953006828
E004591,0.820852873560938
E004592,0.8347709937650387
E004594,0.6577185129699838
E004597,0.023305142298475252
E004598,0.7513735407113934
E004599,0.2211429688957622
E004601,0.9239940670855351
E004604,0.13066993671028923
E004608,0.5886362384129228
E004609,0.3970259015589608
E004610,0.49293474997837455
E004611,0.11606455442783428
E004612,0.7169186074004407
E004613,0.5695673756845178
E004615,0.13993095247646695
E004617,0.5109058374347998
E004620,0.22418998273434312
E004622,0.6409204853143112
E004625,0.7833025356078606
E004629,0.41567589492103507
E004634,0.8008585710540734
E004636,0.3620370986146305
E004637,0.4686682357264154
E004640,0.8963346426767334
E004644,0.05300499362396899
E004645,0.4961703935443145
E004646,0.469217956187364
E004647,0.6144318321930593
E004651,0.4464714609730401
E004654,0.6376816654300179
E004655,0.40112644215238435
E004658,0.8435697343974368
E004664,0.6319546563278671
E004665,0.7285236637399393
E004666,0.9288258943458096
E004670,0.757856792389652
E004674,0.9294600688210158
E004675,0.765419684479167
E004676,0.7138532747073096
E004681,0.07305033169350611
E004685,0.8734855473976569
E004688,0.0265727791050937
E004689,0.9134411027131781
E004690,0.8455158346805892
E004693,0.783949598592633
E004696,0.66000524557142
E004697,0.6795750550465494
E004701,0.686125157577359
E004702,0.7722410674565698
E004703,0.8113831653556635
E004704,0.44358323280918477
E004706,0.5368950240783504
E004707,0.8759519712981042
E004708,0.9125709503079088
E004709,0.6872557889577253
E004712,0.544449764463242
E004716,0.7174641658230343
E004718,0.554023782433424
E004725,0.8246234575517409
E004726,0.7220971801874395
E004727,0.6458060528541554
E004729,0.3277844975679572
E004732,0.8817051605776327
E004733,0.8337465084437715
E004737,0.5913072908239292
E004739,0.44272906751849994
E004740,0.6609870625748343
E004741,0.6201989374273023
E004742,0.7859740175049265
E004743,0.23566721402502464
E004745,0.5667249283715642
E004746,0.13743756547270858
E004750,0.6612987130994575
E004755,0.7182220930751781
E004758,0.8835986209213476
E004759,0.12324541614816914
E004760,0.6856050956852382
E004769,0.5826817329864232
E004770,0.6766572547926678
E004771,0.8054279031574368
E004772,0.7412436611471164
E004780,0.41279465406958643
E004781,0.8055576109158686
E004782,0.1503564078676045
E004783,0.6985909752406183
E004784,0.5432510370019017
E004786,0.8803054969538922
E004787,0.8700619136386902
E004788,0.2330435378545645
E004792,0.34078427382014653
E004795,0.5046942147059812
E004796,0.8964487873186934
E004798,0.57222701323918
E004799,0.6040136098351112
E004800,0.12794360519232933
E004802,0.6323769463445893
E004803,0.7562342306972321
E004804,0.8725424694389741
E004807,0.21618061773136188
E004809,0.6126772911774825
E004812,0.9471406030769459
E004813,0.466357876999905
E004814,0.4626338075412229
E004816,0.40028235703506976
E004817,0.720341117507718
E004819,0.6778886560480787
E004824,0.8202703367254898
E004826,0.8538421602275841
E004827,0.32497982998321545
E004828,0.2536894702150762
E004830,0.8317867486529369
E004833,0.9502640190825845
E004835,0.6490406952084767
E004837,0.819632015849445
E004838,0.654666776842773
E004839,0.31967006256961983
E004841,0.7610432886262952
E004844,0.7473627034095187
E004845,0.6737240363270177
E004846,0.6349787134939444
E004849,0.42843297534438196
E004850,0.7493989145994739
E004851,0.5405326692835785
E004852,0.6836588587473466
E004854,0.713852308670154
E004858,0.46353993796803084
E004859,0.6738554651015085
E004860,0.6939116738311732
E004862,0.576245291476907
E004863,0.7311158081462399
E004865,0.12040641273522185
E004867,0.033890029316365367
E004868,0.27357286888356624
E004874,0.4219632753327466
E004877,0.8219468791788728
E004878,0.8705525505230365
E004881,0.6345339781043915
E004882,0.639949718128154
E004883,0.38996137628729566
E004884,0.664185560849554
E004885,0.13024675039997924
E004886,0.37561132666064395
E004888,0.6374878672537093
E004889,0.002475935042404101
E004890,0.9211967963187795
E004892,0.7247499362808587
E004895,0.6718105533956038
E004896,0.30978589209054136
E004898,0.9058154631755413
E004900,0.7793380487329612
E004902,0.8161905594535949
E004903,0.903750553214881
E004904,0.13946266300601345
E004905,0.44748288188479685
E004908,0.8355527675209286
E004909,0.4187662080297163
E004910,0.5535222464688605
E004913,0.6483128944689991
E004914,0.44387228769210907
E004915,0.0876080320393216
E004920,0.5554053919012237
E004921,0.714513420999222
E004923,0.39951463007453425
E004925,0.6893967369364832
E004926,0.5296518541901217
E004934,0.7477896191281032
E004936,0.3896341398242879
E004939,0.8434074078791186
E004940,0.4713277707530968
E004941,0.5416965361976481
E004942,0.7660198061613386
E004944,0.9218243098823101
E004945,0.8689875858941228
E004953,0.37420298947704583
E004957,0.7827443529814062
E004959,0.8252320844944336
E004964,0.8744618349070764
E004967,0.4665658575090806
E004969,0.6386852933726658
E004970,0.6424273314628567
E004973,0.5273296023734365
E004979,0.1478335221306578
E004980,0.6728786889893459
E004983,0.46548043410146517
E004987,0.3883257956576779
E004988,0.0935546635030543
E004997,0.85409164372551
E004999,0.7872981000434202
E005000,0.6905213405459462
E005001,0.18249223490269478
E005002,0.4584686495407713
E005003,0.08529415085389624
E005004,0.4931854690630545
E005009,0.6184212433591694
E005011,0.7357736914071294
E005013,0.06006238695059731
E005017,0.8115630433997064
E005018,0.17229909205482877
E005020,0.8115732252269738
E005021,0.8566529932950236
E005023,0.8951487898797269
E005024,0.8673979302493695
E005028,0.26542130986705514
E005029,0.18284944797518937
E005036,0.8499827641092103
E005037,0.7473964122433796
E005042,0.9065519571099291
E005046,0.6586487245924323
E005052,0.6100823986403813
E005054,0.8814258689257324
E005057,0.14404399672963744
E005058,0.5286703177850847
E005059,0.9434328808149588
E005060,0.699802850590401
E005061,0.7501901760531389
E005065,0.7171849299614683
E005066,0.05323490493038118
E005067,0.4195506240229435
E005068,0.8093324115874815
E005070,0.9053884348937021
E005072,0.7402357272962159
E005073,0.790090948220821
E005074,0.8995433641595334
E005075,0.6976762341728381
E005081,0.20817452449546497
E005083,0.6358929897295648
E005084,0.7341576519780628
E005085,0.8417622522744478
E005086,0.8355419952376439
E005089,0.19795090874460525
E005092,0.8845181602209117
E005093,0.8274138034583203
E005097,0.10007431340157245
E005099,0.7028408773186997
E005100,0.17024550636124716
E005101,0.6359635357138068
E005104,0.8299805601540962
E005106,0.5510519529968702
E005110,0.04904352329682426
E005112,0.6281496434901613
E005114,0.1037068325694596
E005115,0.8815823028946901
E005116,0.8540492841715346
E005117,0.34819828231489336
E005122,0.050796035279672615
E005126,0.5951447910359946
E005127,0.8362393577201538
E005129,0.801909247122522
E005130,0.7704663778909933
E005132,0.8151420507746034
E005134,0.5150289836683452
E005135,0.16985700962364175
E005136,0.8583992997133854
E005137,0.5331269919201963
E005138,0.8885270554358228
E005139,0.5326107307885085
E005143,0.17646808201623196
E005146,0.6667558617600909
E005148,0.9429181258160447
E005150,0.6416913084988842
E005155,0.84931410511111
E005157,0.10316143821868265
E005158,0.8021640137398401
E005161,0.7896664143385443
E005162,0.09145066256433457
E005163,0.6401582190191742
E005166,0.054845801709518326
E005167,0.43444866970334745
E005169,0.6079559588385506
E005174,0.5733499872793777
E005175,0.7868671171956153
E005177,0.08673440921453561
E005179,0.7207924801630377
E005180,0.7804507267649528
E005182,0.7578958473854192
E005185,0.9237339881342955
E005186,0.8037622199037974
E005187,0.7291681010624824
E005188,0.7863095451222213
E005190,0.6380864725847011
E005192,0.09791656486890904
E005195,0.77582157344203
E005197,0.7011622225127054
E005198,0.44290955593802966
E005200,0.683526329833599
E005207,0.4850128511890215
E005208,0.6682344483116576
E005216,0.32266658633614265
E005217,0.25328982744968764
E005220,0.8120878654637176
E005225,0.42073519089076195
E005227,0.8208998880463816
E005229,0.8516577682826539
E005230,0.049268186121612774
E005232,0.9561082968014755
E005233,0.9095668986917211
E005235,0.5838642927915406
E005238,0.823762199409638
E005239,0.46129580883300775
E005242,0.6209161902808262
E005246,0.7420065266341765
E005249,0.4819596038082788
E005251,0.3111831468909767
E005254,0.9693279840265057
E005255,0.44117621329848533
E005260,0.17183605910505556
E005263,0.8057259017116577
E005265,0.8948576700941097
E005267,0.906708291420126
E005269,0.6974110366598306
E005270,0.4348033403128411
E005271,0.6740324723653297
E005273,0.2077835607690786
E005277,0.7457875434373938
E005284,0.8672057100645628
E005285,0.15243068221836076
E005289,0.6309599098424322
E005291,0.7501328653929092
E005294,0.9453641097309844
E005295,0.6114990931837962
E005298,0.6903149306506842
E005300,0.9454965911202751
E005308,0.8081503750022484
E005315,0.07442492888434218
E005318,0.04868522448896613
E005319,0.7742541035808084
E005322,0.802020363319837
E005323,0.7770331425865843
E005324,0.8751254865690931
E005326,0.8178464728175049
E005331,0.7596819828958932
E005332,0.3793071009012455
E005334,0.5459318195617094
E005335,0.8586338474555284
E005340,0.5474638316822474
E005342,0.6665160454053698
E005343,0.10679838796379638
E005344,0.3051997247186676
E005346,0.16809062441676267
E005347,0.4668296247030815
E005350,0.5040867872801755
E005351,0.8687299439320152
E005353,0.6312941469295404
E005355,0.9026927571046762
E005358,0.6942210870207698
E005360,0.1926021181554809
E005361,0.7802216960070771
E005365,0.3923386616460594
E005371,0.3213640228917853
E005372,0.8447746594483221
E005373,0.7223302249903383
E005375,0.6094993530712204
E005377,0.7523253283193148
E005378,0.799721440479555
E005379,0.41341299277026544
E005380,0.0047100734651825005
E005382,0.7846021308323946
E005384,0.00653563283691714
E005385,0.7918200938997182
E005388,0.2389667494512324
E005392,0.48830947310430783
E005397,0.695163770651643
E005400,0.9161551457001171
E005403,0.03450729302107472
E005404,0.8456029307459663
E005406,0.1543306306289572
E005407,0.8193028643223783
E005408,0.6008370716087065
E005413,0.1278486883250515
E005419,0.7297196400205901
E005421,0.3047273509419078
E005422,0.7668418005166979
E005425,0.6254507821135518
E005427,0.48931511565156804
E005432,0.5126200607584283
E005433,0.6590168606203561
E005434,0.3451569407062043
E005445,0.6121590397576838
E005446,0.791867205237831
E005447,0.8807176166485083
E005448,0.9586159022192535
E005449,0.9262702852841643
E005451,0.19121919465080758
E005452,0.6599480840912134
E005453,0.904095676067647
E005455,0.8885872215767123
E005456,0.3260796280557225
E005458,0.4905352176329614
E005464,0.9542110743271613
E005466,0.786712540125974
E005467,0.09052973197428324
E005470,0.6676903164048137
E005473,0.0827973364972133
E005475,0.2000808571537864
E005480,0.7005798875371827
E005481,0.05914261622395171
E005485,0.7204337896888251
E005488,0.3316987469970501
E005493,0.6427915290512393
E005497,0.5709840188433589
E005498,0.7934899339993114
E005499,0.6775850077822778
E005500,0.8384804330891323
