,0
転居x勤務地_状態_v2,4.341548197677765
転居x勤務地_ダブル悪条件_v2,2.974370869507082
専攻分野,2.9584700745069528
初期職種,2.4748203430818476
残業時間_min,2.1671653373526483
残業時間_mid_mean,1.9481910021542226
残業時間_q25,1.673574751308152
担当プロジェクト数_cv,1.3335211375530123
上司からのフィードバック_tfidf_svd_1,1.222912293537857
残業時間_cv,1.1799345602234195
同僚からのフィードバック_tfidf_svd_1,1.1457921466974006
残業時間_median,1.1129068919178793
上司との面談実施回数_std,1.0742234548622835
入社時メモ_tfidf_svd_5,1.0024896442470026
入社時メモ_tfidf_svd_10,0.9854056269226538
入社時メモ_tfidf_svd_1,0.9842095220985891
入社時メモ_tfidf_svd_8,0.9437395393416022
残業時間_q2_mean_exp,0.9413338140769382
残業時間_q3_mean_exp,0.9029596913816442
残業時間_late_minus_early,0.8546749746368418
残業時間_q1_mean_exp,0.8518011936586813
入社時メモ_tfidf_svd_9,0.8440472304383653
上司からのフィードバック_tfidf_svd_7,0.8411177513118957
上司からのフィードバック_tfidf_svd_5,0.7718367881789822
training_overtime_ratio,0.7516603079792279
360度評価_信頼度_skew,0.7469180081083058
残業時間_q4_mean_exp,0.7268537744200939
研修時間_acceleration_exp,0.7196728102446137
残業時間_mean,0.7190443969067846
残業時間_late_mean,0.695652381156731
同僚からのフィードバック_tfidf_svd_0,0.6763743808494688
同僚からのフィードバック_tfidf_svd_3,0.6602801005486821
残業時間_q75,0.6482858423690898
上司との面談実施回数_q2_mean_exp,0.6432611630794172
同僚からのフィードバック_tfidf_svd_4,0.6365049070479367
残業時間_mean_job_deviation,0.6222060956382726
360度評価_学習度_late_mean,0.6057595453900342
入社時メモ_len,0.5963753693846928
360度評価_親和度_std,0.5933350256459723
同僚からのフィードバック_tfidf_svd_9,0.5690411132085503
有給取得日数_cv,0.5617436546376571
上司からのフィードバック_tfidf_svd_4,0.5495568383473024
360度評価_主体度_std,0.5219198543376271
360度評価_主体度_slope,0.5215322576360213
360度評価_信頼度_late_mean,0.5073889309725598
初期勤務地,0.4952616750993289
同僚からのフィードバック_tfidf_svd_11,0.4761394526312076
360度評価_学習度_q4_mean_exp,0.4694931656067457
上司からのフィードバック_tfidf_svd_8,0.46799997681143185
360度評価_共有貢献度_slope,0.44040106589228384
同僚からのフィードバック_tfidf_svd_8,0.43955196579702305
残業時間_ratio,0.4307620776049146
入社時メモ_tfidf_svd_6,0.4212693049867083
情報共有件数_mid_mean,0.41662479595534857
同僚からのフィードバック_tfidf_svd_14,0.40428739098001626
360度評価_信頼度_cv,0.40043903505908257
360度評価_信頼度_q4_mean_exp,0.39430307215769733
360度評価_共有貢献度_min,0.39053898963024103
残業時間_max,0.38344980143309726
情報共有件数_late_minus_early,0.3805245762586438
顧客満足度評価_q4_mean_exp,0.37459471557553575
情報共有件数_mean,0.3717950741355117
360度評価_主体度_q4_mean_exp,0.36374459305225765
同僚からのフィードバック_tfidf_svd_5,0.3562940543759356
360度評価_信頼度_slope,0.3548888736687269
顧客満足度評価_late_early_ratio,0.3531571249999862
engagement_score,0.349216563969852
担当プロジェクト数_missing_rate,0.34782027854791414
入社時メモ_tfidf_svd_4,0.33598770170756515
360度評価_主体度_median,0.33194944030642326
有給取得日数_std,0.3304557799601787
情報共有件数_q3_mean_exp,0.3276815268593437
同僚からのフィードバック_tfidf_svd_12,0.32669416474240837
情報共有件数_late_mean,0.3257562683571895
上司からのフィードバック_tfidf_svd_11,0.3224373778624952
研修時間_late_early_ratio,0.3184317593183959
担当プロジェクト数_std,0.3158615204936849
360度評価_共有貢献度_acceleration_exp,0.3134340789847673
研修時間_q2_mean_exp,0.31164890634781317
研修時間_slope,0.30295138943299305
360度評価者数_acceleration_exp,0.29647639737855325
入社時メモ_tfidf_svd_13,0.2957577903420295
上司からのフィードバック_tfidf_svd_14,0.29495256249626106
研修時間_mean,0.2949148277988157
研修時間_max,0.29436296540428863
残業時間_skew,0.29414937319805656
上司との面談実施回数_q4_mean_exp,0.2896846481555894
残業時間_iqr,0.28435050265209305
顧客満足度評価_late_minus_early,0.279468615247453
月例給与_円_early_mean,0.2730028188901325
顧客満足度評価_mean,0.2713283098348104
360度評価_主体度_max,0.27026069327603464
評価項目間ばらつき,0.2694287005502922
上司からのフィードバック_tfidf_svd_6,0.2675321949246888
360度評価_信頼度_q3_mean_exp,0.2674324350655096
上司からのフィードバック_tfidf_svd_12,0.26342092385698035
dept_target_enc,0.2619701450612717
同僚からのフィードバック_tfidf_svd_10,0.26191678254010975
担当プロジェクト数_q2_mean_exp,0.2612825871180546
上司からのフィードバック_tfidf_svd_3,0.2594949883693839
在宅勤務日数_cv,0.2555723098346814
入社時メモ_tfidf_svd_3,0.2520500207394655
入社時メモ_tfidf_svd_7,0.25187830842614634
360度評価_学習度_slope,0.24727740676631585
残業時間_std,0.24400496874641098
360度評価_信頼度_iqr,0.2439079789695584
情報共有件数_cv,0.2433388360968694
360度評価_主体度_acceleration_exp,0.24077755924179362
研修時間_cv,0.23973386112496947
欠勤日数_std,0.23713754622264926
情報共有件数_median,0.23419777396006403
顧客満足度評価_median,0.23050058227686168
360度評価_学習度_cv,0.22844330749669756
360度評価_親和度_kurtosis,0.22689204583960904
360度評価_信頼度_q75,0.2254528429232959
初任給_円,0.22459205809045146
360度評価_親和度_cv,0.22226997509279292
overtime_stability,0.22047464140038114
研修時間_q4_mean_exp,0.21879409919449938
顧客満足度評価_max,0.21495900179595848
360度評価_共有貢献度_q2_mean_exp,0.2128740355885264
上司からのフィードバック_len,0.2127187569379308
同僚からのフィードバック_tfidf_svd_7,0.21233363856024662
情報共有件数_acceleration_exp,0.21219155371785292
同僚からのフィードバック_tfidf_svd_2,0.21062435323617917
研修時間_early_mean,0.21044753439318914
研修時間_q1_mean_exp,0.20896629130368574
初任給_区分内偏差,0.2078974215235697
担当プロジェクト数_slope,0.20685496602720238
顧客満足度評価_min,0.206277789706056
360度評価_学習度_std,0.20282449042719092
360度評価者数_cv,0.20273433659400472
入社時年齢,0.20252136197216486
在宅勤務日数_mean,0.1988681933793331
入社時メモ_tfidf_svd_14,0.19833443559188332
月例給与_円_q2_mean_exp,0.19820903833094577
担当プロジェクト数_max,0.1968837485073145
360度評価_信頼度_median,0.19649165901947638
顧客満足度評価_late_mean,0.1962801396992833
360度評価者数_mean,0.19623401905229493
担当プロジェクト数_diff,0.19455211490572225
360度評価者数_mid_mean,0.19376646130821767
在宅勤務日数_std,0.1932674873438581
360度評価_主体度_q3_mean_exp,0.19119121779374465
残業時間_volatility,0.19093690376900269
360度評価_信頼度_acceleration_exp,0.19046532164239002
360度評価者数_std,0.19013004305322687
上司からのフィードバック_tfidf_svd_10,0.18939615251274647
360度評価_信頼度_kurtosis,0.18929899399248062
月例給与_円_late_mean,0.1889482938525306
360度評価_信頼度_max,0.18620881287232452
顧客満足度評価_early_mean,0.18619077778156073
顧客満足度評価_diff,0.18507694666340663
360度評価_共有貢献度_mid_mean,0.18246972175925483
研修時間_std,0.1815051916029465
360度評価_親和度_skew,0.17999069310210852
text_total_chars,0.17993663439076318
月例給与_円_max,0.1793776275579467
360度評価_学習度_min,0.1787492259744422
在宅勤務日数_late_early_ratio,0.1784833040532156
研修時間_mid_mean,0.1774544475293866
360度評価_共有貢献度_std,0.17598700683393248
顧客満足度評価_slope,0.1718032519231502
月例給与_円_q4_mean_exp,0.17097023327893301
上司からのフィードバック_tfidf_svd_0,0.1706114115047073
入社時メモ_tfidf_svd_11,0.16759069092075318
有給取得日数_acceleration_exp,0.16748171999457184
360度評価_主体度_mean,0.16639926982629794
月例給与_円_q1_mean_exp,0.16598503812223658
360度評価_主体度_q2_mean_exp,0.1648140713672121
360度評価_主体度_late_mean,0.16274328680481057
研修時間_mean_job_deviation,0.16243842363336464
研修時間_q3_mean_exp,0.16239925269694075
同僚からのフィードバック_len,0.1614366912639053
残業時間_early_mean,0.1609304908605692
欠勤日数_slope,0.15991922044566403
360度評価_学習度_q3_mean_exp,0.15944100336621808
上司からのフィードバック_tfidf_svd_9,0.159305819555478
顧客満足度評価_q3_mean_exp,0.1562160607976423
360度評価_親和度_q75,0.15296780271679433
担当プロジェクト数_mean,0.15268229095832203
担当プロジェクト数_min,0.15236168810644812
初任給_x_等級,0.15126501015322896
360度評価_共有貢献度_diff,0.1510683399767639
上司からのフィードバック_tfidf_svd_2,0.1508312648529878
研修時間_diff,0.1503651947746425
担当プロジェクト数_mid_mean,0.1490341127280112
担当プロジェクト数_late_mean,0.1456256887454626
顧客満足度評価_missing_rate,0.14484437045507273
顧客満足度評価_cv,0.1447788681029589
360度評価_信頼度_missing_rate,0.14429848081290733
360度評価_学習度_acceleration_exp,0.1441900078074701
有給取得日数_q4_mean_exp,0.14391132685572916
担当プロジェクト数_early_mean,0.14073762855100708
入社時メモ_tfidf_svd_2,0.1403436606385206
有給取得日数_mean,0.1383961143308919
有給取得日数_q3_mean_exp,0.13831011826406706
360度評価_学習度_mean,0.13692217152410854
情報共有件数_slope,0.13644357597610618
前職経験月数,0.13501924848676605
360度評価_親和度_q2_mean_exp,0.1325336282284993
研修時間_区分比,0.132187886638423
上司との面談実施回数_mean,0.13187625452194687
360度評価_親和度_q3_mean_exp,0.13085258000405342
360度評価_共有貢献度_q4_mean_exp,0.13074156135359086
顧客満足度評価_q1_mean_exp,0.13044538439089276
担当プロジェクト数_acceleration_exp,0.13018166347818813
残業時間_kurtosis,0.12990478715339698
研修時間_skew,0.12892701627725164
顧客満足度評価_q2_mean_exp,0.12881976598486675
顧客満足度評価_acceleration_exp,0.1275846463359243
月例給与_円_mean,0.1251258297374438
月例給与_円_ratio,0.1250723650784748
360度評価_親和度_iqr,0.1246673444237703
360度評価_共有貢献度_q3_mean_exp,0.12351231722219531
情報共有件数_max,0.12318743761674164
研修時間_late_minus_early,0.12264283434878964
同僚からのフィードバック_tfidf_svd_13,0.12224839685056792
月例給与_円_late_minus_early,0.12220591395727691
360度評価_学習度_median,0.11896163651287846
360度評価_信頼度_diff,0.1181482297053525
月例給与_円_slope,0.11694017328137482
情報共有件数_std,0.11654784121821846
顧客満足度評価_mid_mean,0.11652466803661161
顧客満足度評価_std,0.11636269623827664
360度評価_親和度_slope,0.1153630035488418
360度評価者数_slope,0.11532878496156304
360度評価_学習度_diff,0.1116179879903576
月例給与_等級内偏差,0.10984664458886825
360度評価_親和度_mean_job_deviation,0.10755463300086829
360度評価_学習度_ratio,0.10629595724549637
担当プロジェクト数_late_early_ratio,0.10627537290022633
360度評価_主体度_min,0.10505264260106
担当プロジェクト数_late_minus_early,0.1036786517580667
360度評価_主体度_cv,0.10341729840118527
顧客満足度評価_ratio,0.10305074336506656
入社時メモ_tfidf_svd_12,0.10233990775154533
年齢_x_前職経験,0.10205985380186056
360度評価_親和度_mid_mean,0.1017842284271024
360度評価_共有貢献度_max,0.1012593805668813
担当プロジェクト数_q4_mean_exp,0.10110305545779985
月例給与_円_min,0.10047618278523814
月例給与_円_late_early_ratio,0.10002529266371918
初任給_等級内偏差,0.09972051070951579
360度評価_親和度_q4_mean_exp,0.09959298862231751
360度評価_共有貢献度_mean,0.09902542552769099
担当プロジェクト数_q1_mean_exp,0.09901320394999329
担当プロジェクト数_q3_mean_exp,0.09848328687002769
在宅勤務日数_q3_mean_exp,0.09799664403594224
研修時間_kurtosis,0.09790000303951586
360度評価者数_q4_mean_exp,0.096355504107861
有給取得日数_skew,0.09530782116496558
欠勤_連続フラグ,0.09513686999526151
上司との面談実施回数_slope,0.0950968978514489
360度評価_信頼度_q1_mean_exp,0.09492425732275064
月例給与_円_q3_mean_exp,0.09487312407741384
月例給与_円_median,0.09406456110326043
有給取得日数_kurtosis,0.09319801392437535
360度評価_信頼度_ratio,0.09271328461662413
360度評価_主体度_mid_mean,0.09041429529658312
残業時間_diff,0.08991147300398233
360度評価_親和度_median,0.08970074818052538
担当プロジェクト数_median,0.08944203307510626
360度評価_学習度_max,0.08900502160585264
360度評価_親和度_min,0.08804470630125286
月例給与_円_std,0.08741294807325516
有給取得日数_q2_mean_exp,0.0867554874481051
上司からのフィードバック_tfidf_svd_13,0.08618761187801313
在宅勤務日数_acceleration_exp,0.08615388157752273
360度評価_共有貢献度_ratio,0.08602992954153568
360度評価_主体度_ratio,0.08591148825528903
研修時間_ratio,0.08350602746625306
上司との面談実施回数_mid_mean,0.08259870545093373
360度評価_主体度_diff,0.08236542757000034
残業時間_slope,0.08112804949037233
有給取得日数_slope,0.07975715916664324
360度評価_信頼度_mid_mean,0.0795659851227489
研修時間_職種比,0.07931058743760386
360度評価_共有貢献度_cv,0.07867176516133263
360度評価_信頼度_mean,0.07845460314290317
研修時間_iqr,0.07839277257149334
月例給与_円_mid_mean,0.07771256372473206
360度評価_信頼度_std,0.07761876490072807
入社時メモ_tfidf_svd_0,0.07715347952192478
360度評価者数_q3_mean_exp,0.07641122684353326
初期等級_num,0.07538473680489126
360度評価_親和度_diff,0.07418672545372298
欠勤日数_mid_mean,0.07410196204031663
360度評価_親和度_acceleration_exp,0.07349583952172548
360度評価_信頼度_q25,0.07334294154334105
情報共有件数_q2_mean_exp,0.07287470895408318
360度評価_親和度_ratio,0.07247531586643562
残業時間_late_early_ratio,0.07237939026120115
360度評価_共有貢献度_late_mean,0.07108075923298475
在宅勤務日数_early_mean,0.07062754815708566
360度評価_共有貢献度_q1_mean_exp,0.07042173180536053
研修時間_late_mean,0.07025544670542415
360度評価_親和度_max,0.06991263849982865
360度評価_親和度_late_mean,0.06983649147715623
上司との面談実施回数_cv,0.06964845664335194
在宅勤務日数_late_minus_early,0.06946924519245459
360度評価者数_q2_mean_exp,0.06924970498479507
残業時間_acceleration_exp,0.06920779039856301
在宅勤務日数_diff,0.06896686112868569
情報共有件数_q4_mean_exp,0.06690458529221391
在宅勤務日数_ratio,0.06664564417317258
360度評価者数_max,0.06663703091746376
欠勤日数_q1_mean_exp,0.06599431726065316
月例給与_円_cv,0.06598857855771992
情報共有件数_q1_mean_exp,0.06553954912605443
情報共有件数_late_early_ratio,0.06544250469449811
360度評価者数_median,0.06517385733754144
上司との面談実施回数_late_mean,0.06508669706101325
在宅勤務日数_q2_mean_exp,0.06375054220837877
部署ID_changes,0.06258011504874789
上司ID_unique_count,0.06255689591446392
360度評価_信頼度_min,0.06137260323832485
在宅勤務日数_mid_mean,0.06080920133015273
360度評価者数_ratio,0.060440241146545906
360度評価_親和度_missing_rate,0.05975391940778728
在宅勤務日数_late_mean,0.05907814144700446
360度評価_信頼度_q2_mean_exp,0.05868692772906446
同僚からのフィードバック_tfidf_svd_6,0.05797185052825349
有給取得率,0.05659529367261849
上司との面談実施回数_max,0.05601107500499839
欠勤_最長連続月数,0.055970584032605596
月例給与_円_acceleration_exp,0.05575274113207303
上司との面談実施回数_ratio,0.05537409219382992
360度評価_親和度_q25,0.05501593206905002
上司との面談実施回数_late_minus_early,0.054523141099652304
欠勤日数_cv,0.05401882032575863
360度評価_学習度_mid_mean,0.05245038246139701
在宅勤務日数_q4_mean_exp,0.05238367398176365
欠勤日数_acceleration_exp,0.05203669912282026
性別,0.04968530749419452
360度評価_親和度_mean,0.04844766793909765
在宅勤務日数_slope,0.04838369010383935
在宅勤務日数_max,0.04663237057718062
360度評価_親和度_q1_mean_exp,0.045337316493972976
初期上司_部下数,0.04497922370631811
在宅勤務日数_median,0.044673419251735326
360度評価者数_late_mean,0.04375941563686485
有給取得日数_q75,0.04263755013653855
部署ID_unique_count,0.042565248033734744
有給取得日数_late_mean,0.042135679460436434
採用経路,0.04144170919376231
上司ID_changes,0.040506083469610724
360度評価者数_q1_mean_exp,0.04008326873426601
研修時間_q75,0.03998693103462632
情報共有件数_ratio,0.03996297791856375
入社月,0.03931988108423044
在宅勤務日数_min,0.03929747556796894
360度評価_学習度_q2_mean_exp,0.03911839224734853
欠勤日数_q2_mean_exp,0.038890318466639505
上司との面談実施回数_late_early_ratio,0.03833847614941651
360度評価_共有貢献度_median,0.038081843473112734
欠勤日数_q3_mean_exp,0.03758957137342107
初期役割,0.03729653938673916
研修時間_median,0.0349030741475361
欠勤日数_max,0.03452251027805026
cluster,0.03405177897028405
有給取得日数_diff,0.031324219331594405
欠勤日数_late_mean,0.030965094015304805
dept_size,0.030614903363424446
有給取得日数_mid_mean,0.029577025347537346
欠勤日数_mean,0.029383980187487085
有給取得日数_max,0.02928968995186578
360度評価者数_diff,0.02895090380013347
情報共有件数_early_mean,0.028108309070778558
月例給与_円_volatility,0.027816639826282536
月例給与_円_diff,0.027279477411912507
有給取得日数_late_minus_early,0.02683598724797412
入社四半期,0.02592749372193031
360度評価_主体度_q1_mean_exp,0.025372368231219893
欠勤日数_late_minus_early,0.025267180366975978
在宅勤務日数_q1_mean_exp,0.024392153001374768
360度評価_学習度_q1_mean_exp,0.02397839118556214
有給取得日数_iqr,0.0216595573698891
担当プロジェクト数_ratio,0.02142037504789663
上司との面談実施回数_q3_mean_exp,0.02108392980198273
入社年,0.02043158686967306
有給取得日数_median,0.01963540206680389
欠勤日数_diff,0.01853958422037898
is_Q2_新卒,0.017779349762362884
上司との面談実施回数_q1_mean_exp,0.016646818257548893
評価遅延度,0.016172639901201512
情報共有件数_diff,0.014436888660482358
欠勤日数_q4_mean_exp,0.013429675677260283
360度評価_主体度_early_mean,0.013100845521619423
360度評価_信頼度_early_mean,0.012029600361721116
欠勤日数_ratio,0.011224185002479934
上司との面談実施回数_early_mean,0.01069909270939791
360度評価_親和度_early_mean,0.008444922319066848
欠勤発生月数,0.008155873544184716
上司との面談実施回数_acceleration_exp,0.007526392964486315
上司との面談実施回数_diff,0.006957548427138878
360度評価_信頼度_late_early_ratio,0.006469417031924744
欠勤日数_early_mean,0.005750794233396169
360度評価者数_late_early_ratio,0.004613028473280709
360度評価_共有貢献度_early_mean,0.0040720071065057616
360度評価_主体度_late_minus_early,0.00403922241241024
360度評価_共有貢献度_late_minus_early,0.003659252491837639
勤務地_changes,0.0036054729190017213
360度評価_信頼度_late_minus_early,0.003421589600998744
leave_of_absence_months,0.0032559358347208516
360度評価者数_early_mean,0.0029681454098828496
初回評価月,0.0024445858467689588
360度評価_親和度_late_minus_early,0.002357656819599101
360度評価_学習度_early_mean,0.0023485155536339224
入社区分,0.002112488943827348
360度評価_主体度_late_early_ratio,0.001778869442353379
360度評価_共有貢献度_late_early_ratio,0.0016344284804806805
360度評価_学習度_late_minus_early,0.0015954445864443819
360度評価者数_late_minus_early,0.0013717872866546791
360度評価_親和度_late_early_ratio,0.0008499923377354631
is_早期評価,0.0008114443575184024
上司との面談実施回数_min,0.0
is_遅延評価,0.0
有給取得日数_q1_mean_exp,0.0
情報共有件数_min,0.0
上司との面談実施回数_median,0.0
研修時間_q25,0.0
leave_of_absence_flag,0.0
有給取得日数_q25,0.0
職種_unique_count,0.0
欠勤日数_min,0.0
等級_changes,0.0
役割_unique_count,0.0
役割_changes,0.0
等級_unique_count,0.0
勤務地_unique_count,0.0
職種_changes,0.0
360度評価者数_min,0.0
研修時間_min,0.0
欠勤日数_late_early_ratio,0.0
欠勤日数_median,0.0
360度評価_学習度_late_early_ratio,0.0
有給取得日数_min,0.0
有給取得日数_early_mean,0.0
有給取得日数_late_early_ratio,0.0
有給取得日数_ratio,0.0
