E000002,0.5332770296583457
E000003,0.29823319846901425
E000004,0.7334072815578361
E000006,0.5854138063552531
E000009,0.7802465009177217
E000012,0.6146783173523583
E000016,0.5
E000017,0.6082908725962137
E000018,0.4512014145518574
E000019,0.5893645207381848
E000020,0.5320735775414213
E000021,0.34877780877662456
E000024,0.34897778554029185
E000028,0.45856543196340627
E000029,0.5922067641802583
E000030,0.7459018298436174
E000032,0.21691209926711033
E000033,0.6303513803820667
E000034,0.8900515291892563
E000035,0.7811790196145763
E000040,0.784112203962705
E000044,0.17282496176831486
E000046,0.7652361787279214
E000048,0.5
E000050,0.8243146778492022
E000051,0.6554115939435813
E000053,0.26248556064974476
E000055,0.2915651619171347
E000056,0.6497924919362739
E000057,0.08159091245466175
E000058,0.9072230783179189
E000061,0.6361281038755842
E000062,0.7520906456647027
E000063,0.8656347415735863
E000065,0.6439721039361689
E000067,0.8519156586769744
E000070,0.5454394016180768
E000075,0.9075193639874495
E000077,0.16057612006791672
E000080,0.4477844103873151
E000081,0.5857796223676508
E000083,0.12613063935061158
E000084,0.7399865597290964
E000085,0.476532156743946
E000087,0.7252581877716057
E000089,0.4272645487991787
E000092,0.7223916976703337
E000094,0.7742319177177504
E000097,0.7854816091668768
E000098,0.43119557144453025
E000100,0.7606730349554137
E000101,0.8828685222857854
E000103,0.7885034736434966
E000104,0.8747773335126294
E000107,0.7527299108719816
E000108,0.774869587239095
E000111,0.5412110638244703
E000112,0.8544053277068688
E000116,0.8891034263754877
E000120,0.24230273442277742
E000121,0.7563666325365936
E000122,0.6891026575729623
E000124,0.8166000987733966
E000125,0.8973139482009138
E000126,0.6834346304772908
E000127,0.7180290481293655
E000128,0.5243104726461203
E000130,0.5749226679603477
E000131,0.6927376259663014
E000137,0.64788690845068
E000138,0.78311825979429
E000144,0.5681228056469056
E000146,0.5672506709492655
E000147,0.743962339289113
E000148,0.7590900885102543
E000150,0.7473512244872953
E000151,0.489568008504288
E000153,0.5551941045783569
E000154,0.7189233022419469
E000155,0.7352282659882646
E000157,0.4160671343479346
E000159,0.46908280554164294
E000162,0.4816846783219219
E000164,0.2581178958165607
E000166,0.6679949984633287
E000167,0.37836709772727245
E000168,0.19717593313217316
E000169,0.33924664118319275
E000175,0.43744115616583673
E000178,0.9072474867575213
E000181,0.45265008320955935
E000182,0.6622739423366747
E000186,0.5179957539698714
E000187,0.5534843549055308
E000188,0.7109776524171006
E000189,0.5902424129378164
E000191,0.8935836999082659
E000207,0.25403960046579976
E000208,0.5941252388163508
E000209,0.7411792509697802
E000214,0.6733950069272312
E000217,0.6111639982242606
E000218,0.53612066096471
E000219,0.8907811956195562
E000223,0.7037353956474929
E000227,0.9213142957146264
E000230,0.6421177698385261
E000232,0.7147589805758984
E000234,0.6551748127806863
E000235,0.5354637258239294
E000236,0.8089121505119791
E000238,0.35265032195743434
E000242,0.5679880712848685
E000246,0.5164624189392351
E000249,0.48881578728768477
E000252,0.7853473568193942
E000253,0.9120791254649848
E000256,0.9023333170961021
E000257,0.64728015816451
E000262,0.5866574680427821
E000264,0.7929722564558618
E000265,0.905189099234763
E000269,0.3653034439198506
E000270,0.7361805542303903
E000271,0.8130774439150646
E000272,0.23840057489094035
E000275,0.10775680129263428
E000276,0.8597322100344985
E000277,0.697889352968247
E000278,0.36233921232510097
E000281,0.6497807944674328
E000282,0.7814352055839464
E000284,0.7901580564736019
E000285,0.8830266135771582
E000288,0.6636424640027627
E000289,0.5764420984493402
E000291,0.732884389707558
E000292,0.607899749514519
E000294,0.8896445093444043
E000295,0.29399656075976915
E000298,0.7700026798492944
E000299,0.3168033208891184
E000301,0.45333864031530025
E000302,0.5970376608308445
E000304,0.5733488907462948
E000315,0.31381076386241014
E000316,0.21894060340065327
E000321,0.4137049531822074
E000323,0.3193261293031552
E000324,0.46118150090756704
E000328,0.7264644878265826
E000331,0.8486975699079494
E000332,0.898377210358421
E000333,0.8316462682160036
E000337,0.4091322980206356
E000339,0.6730422129077449
E000342,0.8594384291913314
E000343,0.8352763120199094
E000344,0.6053224378104011
E000345,0.41952777841220157
E000346,0.8708444870734666
E000348,0.7959594031207584
E000350,0.7787162614629666
E000352,0.20183275500118728
E000359,0.5548215611745028
E000361,0.8586177443828682
E000362,0.5318573795119079
E000363,0.72106210984485
E000366,0.8998534092936837
E000367,0.7387616706896534
E000368,0.8394545061345201
E000370,0.7936121818258907
E000372,0.570780605079989
E000373,0.5981731414130028
E000376,0.6763033574805223
E000378,0.8286694621892856
E000379,0.8098103952728734
E000380,0.7665740946953145
E000383,0.24275094642288705
E000384,0.4067732757052178
E000386,0.5222974454078299
E000387,0.7753948826046035
E000391,0.5653365318291408
E000394,0.7599561458087182
E000395,0.1826202747543044
E000396,0.47910799411768734
E000402,0.7636653860735915
E000405,0.48435446225974826
E000412,0.8010070208959424
E000414,0.6854670495294269
E000415,0.8908699355421789
E000417,0.6761757296624564
E000418,0.7724983234568362
E000420,0.8568262427974666
E000425,0.31413539472850843
E000426,0.3893523614971676
E000427,0.6183469988643299
E000428,0.6139429289995437
E000430,0.23831445251529693
E000432,0.38985641617763317
E000433,0.5562110617315096
E000435,0.7146266749230202
E000437,0.5638754042087063
E000438,0.8431473226195445
E000442,0.8527801364287793
E000448,0.578485425207278
E000451,0.39408668417022485
E000452,0.5640273354455931
E000454,0.6698365377391033
E000456,0.38840805690461777
E000460,0.5350950682582876
E000462,0.7584363390823756
E000472,0.3883954386902258
E000475,0.8196074206137945
E000477,0.4729805648413826
E000478,0.6847029797842469
E000485,0.4708496335704301
E000492,0.8670223107161233
E000493,0.68862854005052
E000496,0.6235793545709223
E000498,0.6911467716081561
E000499,0.3363645487532182
E000502,0.44772706171374643
E000503,0.5959332466265803
E000504,0.9116062152006044
E000511,0.739475310056801
E000513,0.2079366020442125
E000514,0.5290703695400899
E000515,0.7517914231870014
E000517,0.8321958703861345
E000520,0.226625930152715
E000525,0.15694153053183638
E000528,0.4646908498478371
E000531,0.29337171922507765
E000536,0.6691275623853129
E000537,0.6326169483842553
E000539,0.5965492918402813
E000542,0.8354240639159065
E000543,0.8260122168994541
E000544,0.634398953183487
E000547,0.7273287474688531
E000550,0.7098544873401786
E000551,0.7784444740242615
E000552,0.4525759821105532
E000554,0.7507568272991392
E000555,0.5294038666766137
E000556,0.9041671537259645
E000557,0.7657694718963507
E000559,0.606296120905226
E000565,0.5568732185984435
E000567,0.7657963780992962
E000568,0.8898084929465279
E000569,0.6573414904702312
E000573,0.2734213226563615
E000582,0.30884637189138675
E000584,0.4072363447614374
E000587,0.7413608969632727
E000588,0.2618294398382042
E000590,0.6491808941947397
E000592,0.47612645304654033
E000595,0.1798614353779188
E000596,0.804972563015464
E000597,0.26559957229039105
E000599,0.7011303736493082
E000600,0.8185521703027894
E000602,0.7854142160875959
E000604,0.8900795592971812
E000610,0.14911443668468752
E000611,0.5
E000612,0.6072804808750273
E000613,0.8070110413312104
E000614,0.5572749415893651
E000616,0.8256175128130088
E000617,0.4669206598370618
E000620,0.8248437922189121
E000621,0.25026227677552426
E000624,0.08894703479775955
E000625,0.0802464508283387
E000627,0.7862582746991462
E000631,0.5636046112831599
E000632,0.47221758326782354
E000634,0.7376396765799721
E000638,0.25106460453883395
E000639,0.6060659721243571
E000645,0.4806164013558099
E000648,0.7530138994288734
E000649,0.7894236952184963
E000650,0.7969906155703778
E000651,0.8588205348246034
E000652,0.8536352018260422
E000655,0.8899302289760723
E000660,0.5551342129954386
E000661,0.11466317850885008
E000664,0.6904838633424865
E000667,0.5680628529725429
E000668,0.802854502395205
E000671,0.3703298200787531
E000672,0.7183030632780182
E000677,0.7725208217478733
E000679,0.6465226372629083
E000680,0.6686030111466557
E000681,0.47517838928386175
E000683,0.8041428379895509
E000685,0.308891273979974
E000687,0.6132961578892665
E000690,0.2848270169192833
E000691,0.8150991429745683
E000696,0.4790174150792812
E000698,0.23361733810668642
E000699,0.7708109753860899
E000701,0.8080158341959427
E000703,0.3566829563204574
E000706,0.6949658442089702
E000708,0.4073393569574586
E000709,0.37706320546673006
E000711,0.6640612414875446
E000712,0.2732133432429149
E000714,0.7456527718799989
E000717,0.8697952283183792
E000719,0.7256796138481074
E000720,0.39661789426844135
E000722,0.22923928273966462
E000723,0.7392592078062064
E000724,0.43802869858979215
E000726,0.1996115126384395
E000727,0.7151225349640083
E000728,0.6947869709049747
E000729,0.373323043903215
E000732,0.7998037995652568
E000733,0.6410742155898275
E000734,0.7035556661083117
E000735,0.37001801344887314
E000736,0.5419751230654642
E000739,0.04466190335942717
E000742,0.7582054086986577
E000744,0.6149732181331863
E000746,0.8506729277994227
E000747,0.7015084720773067
E000750,0.23453877835813028
E000751,0.5914215939519252
E000753,0.8502472467618236
E000754,0.42684448653838014
E000756,0.45887140999794235
E000757,0.7424915434576117
E000758,0.513597226265875
E000761,0.6037428299892366
E000763,0.8194986157347107
E000772,0.8854805244466967
E000773,0.7071489946623266
E000775,0.5872857446493513
E000776,0.8170369247746565
E000778,0.19933962457427815
E000779,0.8511965277828568
E000780,0.30227255312129025
E000781,0.9177765703861297
E000782,0.8051873507832481
E000784,0.5714251587452533
E000785,0.7818386644465503
E000786,0.13055207250971984
E000787,0.6449663332957646
E000791,0.8867585247087998
E000792,0.5753028171513677
E000793,0.9013961889604241
E000794,0.8198554638786223
E000795,0.5448620320226119
E000797,0.6079745090125671
E000799,0.6570072033188391
E000800,0.7463226216036296
E000802,0.45877209771462946
E000804,0.7760758839334231
E000805,0.8728801100137027
E000808,0.16686254378191934
E000811,0.8841673069224566
E000814,0.7994035749768259
E000815,0.4102051109258871
E000816,0.1465741390677364
E000818,0.1923185984230691
E000822,0.3748396873390132
E000823,0.8807321288462172
E000829,0.6366460056409021
E000832,0.7637933424781803
E000833,0.4040549681124515
E000836,0.1281909097383473
E000837,0.5356754323166784
E000841,0.48258880988626945
E000843,0.7148000879203863
E000844,0.24316296317989608
E000855,0.4521167344307981
E000856,0.21685826292660543
E000861,0.8819878120231729
E000862,0.7086096172217906
E000864,0.563621152200457
E000865,0.5471445741489646
E000866,0.21013967336683967
E000868,0.785320758454746
E000870,0.8125884570834708
E000872,0.06431154093508806
E000873,0.8530202605470746
E000874,0.32124229074238403
E000875,0.9185114562529253
E000876,0.6999885221959742
E000877,0.8198192650356532
E000880,0.4360568237390951
E000881,0.8095330540249573
E000882,0.3977479452212598
E000884,0.4546221515855635
E000885,0.6187265068785184
E000886,0.23956502295397897
E000889,0.5936517256851226
E000890,0.92548584105107
E000899,0.2617742470586283
E000909,0.22983725690846496
E000910,0.12334379255189838
E000912,0.15886764037919485
E000913,0.5277605982384567
E000915,0.43926657588898493
E000916,0.46877150067361123
E000917,0.83100255953483
E000918,0.7546498557761018
E000919,0.6417019349351996
E000920,0.8208785778488615
E000922,0.31862314343428283
E000923,0.8379351252145418
E000925,0.03826445046644905
E000927,0.3175445845505244
E000934,0.516125902088743
E000937,0.9584979596938338
E000939,0.7531596269403472
E000940,0.6138588050104575
E000941,0.8437432374449203
E000942,0.751298812950967
E000943,0.34334597064925243
E000946,0.8488721986321563
E000949,0.4097468393964214
E000953,0.7484720682998756
E000954,0.2130689708462992
E000955,0.9089358180988304
E000956,0.6589873068376315
E000957,0.8274658204264302
E000958,0.5899748040027374
E000959,0.7509857908986157
E000960,0.818829904091685
E000966,0.5402043176975175
E000970,0.11574894731543528
E000979,0.37930108120871814
E000982,0.3763066965651842
E000983,0.8251795946152369
E000985,0.6668523740057916
E000986,0.831423667530514
E000987,0.4392070578124039
E000988,0.6497544326862336
E000990,0.542890167865715
E000993,0.6743271002313767
E000998,0.8628766916929258
E000999,0.8634405966566857
E001001,0.7609449675069567
E001004,0.6178159722254021
E001005,0.8418721293340492
E001006,0.6580347284240303
E001007,0.6673259488320513
E001009,0.4714776274732771
E001011,0.7610130209328474
E001012,0.6245810439320143
E001013,0.8703380916603151
E001015,0.36679706730908795
E001016,0.8609485980050595
E001017,0.1759360854277394
E001018,0.25402721821952423
E001019,0.6994892586026893
E001020,0.3519264378971658
E001021,0.5269797383151535
E001023,0.6508319448614092
E001026,0.5351332235765426
E001029,0.6081367286897191
E001030,0.7967749397468062
E001031,0.4543116556642475
E001032,0.09058242705807489
E001033,0.6890865126791634
E001035,0.40472354679006456
E001036,0.8471487718417131
E001039,0.7429382819433938
E001040,0.737197124337385
E001042,0.7669148993893595
E001043,0.5230524840680386
E001045,0.6282300483031901
E001047,0.6484099985003794
E001052,0.8829321258746669
E001053,0.6842230310651379
E001054,0.5408196249690529
E001056,0.5524913107108622
E001058,0.6527776011827559
E001062,0.652697466829867
E001063,0.2555017195159539
E001064,0.5797083923503439
E001067,0.41688699413068114
E001068,0.10365165408299233
E001069,0.7928209963189621
E001075,0.6416271420112656
E001076,0.786875114162109
E001077,0.621909745837549
E001078,0.10232196285416828
E001080,0.6196847543810489
E001082,0.7532683839047289
E001085,0.6230396580672964
E001089,0.7404624058531897
E001091,0.9287384476571467
E001092,0.8123375632444454
E001093,0.636415501219647
E001094,0.8504351277127947
E001095,0.2093312455447817
E001097,0.4790711683902921
E001099,0.8379813496982048
E001100,0.36386266761028957
E001103,0.7766308990689079
E001104,0.6701764456732133
E001108,0.19951078120799373
E001109,0.4161437368314952
E001111,0.47203280858813296
E001112,0.47772081558269885
E001115,0.7848340512623644
E001116,0.43985010989582596
E001117,0.7338838647028859
E001121,0.7563471694165576
E001122,0.5171833766831958
E001131,0.9171731028437887
E001132,0.5434107330313998
E001136,0.730500953531207
E001141,0.78452414455626
E001142,0.41872637633833953
E001143,0.6297364917784426
E001145,0.6156182033618758
E001147,0.19179424987434293
E001148,0.8595789847875246
E001151,0.8330980393291775
E001154,0.7882026354377598
E001156,0.7223657862596852
E001158,0.8690751119022601
E001159,0.41747518518092475
E001160,0.5448011723677177
E001163,0.7632755151869139
E001164,0.18457937243077974
E001166,0.4630539403907102
E001170,0.6859549329288468
E001173,0.10394767303456973
E001174,0.5133995661071341
E001177,0.5
E001178,0.14018322722654203
E001180,0.6932979140546995
E001181,0.8088010152191318
E001185,0.5882544783510384
E001186,0.7731261956806187
E001187,0.5808652338067516
E001188,0.5086140470831948
E001194,0.8283004812025571
E001195,0.186076967765925
E001197,0.20465341204073867
E001199,0.6156238975807035
E001202,0.9017807927215296
E001203,0.6104574763110365
E001204,0.43894611104370373
E001205,0.5387135187507953
E001206,0.8500775598642467
E001209,0.2520913557404173
E001212,0.8960540914024796
E001213,0.856383266810854
E001217,0.6035661740113313
E001218,0.6392976516447599
E001220,0.3066644753500228
E001222,0.7585426359939144
E001224,0.8018679571460603
E001225,0.2942826357439696
E001227,0.4640107789191696
E001230,0.7980509712841378
E001231,0.3531817273902576
E001234,0.3550038474643857
E001237,0.5221388029715153
E001238,0.7888648172159006
E001239,0.6019270260849781
E001241,0.8090709893020624
E001243,0.8544016421333109
E001244,0.5400619606687111
E001247,0.8038865435318071
E001250,0.7101303719332245
E001251,0.5
E001254,0.664994407634446
E001255,0.7937324260814581
E001256,0.22547584925146763
E001257,0.3877185073432468
E001259,0.6890400204816298
E001261,0.4450491391952523
E001263,0.1250426704821185
E001265,0.7529960370946853
E001266,0.3953792978859828
E001267,0.5068675711368353
E001269,0.5284891398727911
E001271,0.6551661576542601
E001273,0.7658607047609943
E001274,0.42325749629270215
E001275,0.9061043976995499
E001277,0.6422043369958277
E001279,0.6874668512054907
E001280,0.576048984161874
E001285,0.7905342078648496
E001286,0.6468091325465516
E001291,0.7858056581293024
E001292,0.8269249561657955
E001293,0.3770229164597659
E001294,0.3908202534088372
E001298,0.6348928235797705
E001300,0.8676107081014728
E001302,0.35351992727742126
E001303,0.8219128067975435
E001308,0.8767437174731497
E001310,0.6740580390348581
E001311,0.4734933046657807
E001313,0.7131368296924822
E001314,0.023565516176398883
E001315,0.7912418673520298
E001318,0.8159696885876946
E001319,0.6714738337580692
E001321,0.8945870007409598
E001322,0.4899426607776328
E001323,0.31816063491565305
E001327,0.6416185498745361
E001331,0.4005213196628348
E001332,0.33795452589916286
E001333,0.8359924214474822
E001334,0.6963676255963079
E001339,0.7015804043371854
E001342,0.5
E001343,0.6483351646415154
E001344,0.8708384384029012
E001346,0.6167378400057933
E001348,0.5794011170115642
E001350,0.43037525804084387
E001352,0.7911135302741497
E001353,0.4303271881665202
E001356,0.693088049232548
E001357,0.41436230184470346
E001360,0.40686065457578713
E001361,0.11757843082534426
E001362,0.645184915074631
E001363,0.7509150139549268
E001364,0.3751493226869854
E001365,0.7636367606673325
E001366,0.2627186431289144
E001370,0.1029370992674191
E001372,0.7735443078527899
E001373,0.700193103395562
E001374,0.563630686167309
E001383,0.24146335892837237
E001385,0.8546559327667772
E001388,0.6202413507297914
E001391,0.6992966673502379
E001392,0.7320735329494896
E001393,0.6125035086446684
E001398,0.28036936046152616
E001400,0.5092616132363886
E001401,0.4782030989607326
E001405,0.5119372224765623
E001408,0.8180935976171168
E001409,0.4241877438900129
E001412,0.8069695254224782
E001413,0.7108805184607049
E001414,0.7291560500158868
E001415,0.3710010928968755
E001416,0.6480754562274581
E001422,0.8149022989523026
E001423,0.3937831142068242
E001427,0.7712205206578229
E001431,0.9042443481032357
E001432,0.689637144805044
E001433,0.19801128858231973
E001434,0.7499319226414889
E001437,0.688431237992388
E001438,0.5743830135954631
E001439,0.6853522452806114
E001443,0.9157677498106814
E001445,0.5573503697444621
E001446,0.515525850479992
E001447,0.765481368719474
E001449,0.8543149428052206
E001450,0.5638991165662334
E001454,0.3494508828344993
E001458,0.5761196568294524
E001460,0.5516301516337373
E001464,0.17364798032697637
E001467,0.4451701680574644
E001468,0.9046849712040423
E001470,0.5429648662710979
E001471,0.47710420815657306
E001472,0.7504873852473603
E001475,0.2909368811303371
E001476,0.8946276454394211
E001481,0.6897612590049366
E001486,0.4827014017493211
E001489,0.4606543813435724
E001491,0.0705256595116568
E001496,0.4725754230154093
E001497,0.8344899758557149
E001499,0.8224933030341097
E001501,0.5588373352458296
E001503,0.5533018389466269
E001505,0.21895619488852297
E001510,0.7349252503267053
E001511,0.6684833790714286
E001512,0.5389556244351487
E001513,0.880671023205989
E001514,0.3284965760700229
E001516,0.49298722443276954
E001517,0.703171385643565
E001518,0.7324477356248841
E001519,0.19777116666230712
E001520,0.31554724969528253
E001523,0.712272823409022
E001524,0.7105271109757514
E001525,0.5685888084976818
E001527,0.7854262387006468
E001530,0.808023079948296
E001533,0.6338235403853454
E001534,0.8316638408971565
E001535,0.6811930412224219
E001538,0.21232392707672992
E001539,0.5
E001545,0.9122296062726996
E001546,0.8696641789409723
E001550,0.41593570209552255
E001551,0.7520113827848894
E001556,0.5997244737006393
E001558,0.8314824002065386
E001564,0.5591284404290869
E001565,0.07386366486357684
E001568,0.8750802509966393
E001570,0.38999153234360334
E001571,0.9098703877979119
E001573,0.5940105788067839
E001574,0.7654113657669318
E001575,0.5754292727998127
E001576,0.43624385698593443
E001577,0.5756031024869234
E001580,0.5784748801765921
E001581,0.31982814992413083
E001582,0.7512063366974538
E001583,0.5298150330768852
E001584,0.6945712955539389
E001586,0.2996333937633238
E001590,0.5181945424471013
E001593,0.8548733299055227
E001596,0.5311319645615499
E001599,0.7591221560586962
E001603,0.6372009692273432
E001607,0.705418718180838
E001609,0.26972390931232254
E001613,0.7146047301047876
E001616,0.1057998184810519
E001617,0.9048180572314944
E001620,0.5715813589255835
E001622,0.7063732191522213
E001626,0.892806094728949
E001627,0.6681475535431781
E001629,0.724966169844607
E001630,0.8178556034663155
E001631,0.7385320747093111
E001633,0.30723981997212085
E001634,0.32278692796601394
E001637,0.635829197807452
E001639,0.12310809608416572
E001640,0.2816067684570273
E001647,0.5625812038361464
E001648,0.21179613238904413
E001655,0.7942370296033576
E001656,0.706793452321375
E001657,0.22927566306805616
E001659,0.18052197660618652
E001660,0.3930539619002201
E001661,0.39773971827452664
E001662,0.9127345469304646
E001664,0.3489443236478107
E001665,0.6891235569683128
E001670,0.5745735447235185
E001672,0.13228869527716622
E001675,0.8936162951513323
E001676,0.7519019747029919
E001677,0.742592923277191
E001678,0.8234310983473319
E001680,0.4107506366581177
E001683,0.7449779906417917
E001685,0.763258464973952
E001688,0.5163219039867118
E001689,0.7716653716671001
E001690,0.7254621264555202
E001691,0.8650611004239458
E001692,0.35503261113738066
E001693,0.6859189017053902
E001694,0.5966815285544711
E001698,0.06147681701623773
E001699,0.33184240864535075
E001700,0.5123050359483856
E001703,0.25822429304335176
E001705,0.7905666698451416
E001706,0.5498164314183002
E001708,0.5406058015760892
E001710,0.7423900435617351
E001712,0.7743028206115834
E001717,0.6274326665192953
E001718,0.552598278049328
E001721,0.5375460497818463
E001722,0.8130050127575982
E001723,0.1849655495055006
E001725,0.5145027659961952
E001726,0.5574132401069744
E001730,0.6296256962754372
E001731,0.470237750387044
E001733,0.7941135647905883
E001734,0.5793850482832212
E001736,0.5341088886525205
E001741,0.5129966901269822
E001743,0.525715220802398
E001745,0.7660851232293502
E001746,0.7723773199225329
E001747,0.8558515988660763
E001748,0.750843628398768
E001749,0.0710838660379075
E001750,0.5476071684019835
E001756,0.7883241588687891
E001757,0.21158936730256184
E001758,0.6090505475695657
E001760,0.5
E001761,0.8766408839560269
E001762,0.8761752355780271
E001763,0.7706169794680484
E001764,0.4099753087684495
E001766,0.35533670435944165
E001768,0.8387215248215568
E001769,0.6885514474358012
E001774,0.7821182410779717
E001775,0.8717656231930524
E001777,0.4409558847531335
E001780,0.5886322633413533
E001781,0.6906647669512841
E001783,0.7813197387610837
E001788,0.7963358717047709
E001789,0.7883975166710179
E001792,0.5580937499816823
E001793,0.8147912076961699
E001796,0.887697589346148
E001797,0.30940970510830207
E001802,0.33117341981854725
E001803,0.43349889870823816
E001806,0.713415190045384
E001807,0.7915560721040419
E001811,0.5631386691843713
E001813,0.42194571905213574
E001817,0.3104928051094804
E001819,0.6623500725298213
E001820,0.5713994501041844
E001824,0.8475000130109932
E001825,0.8489439988300553
E001827,0.3626259409636963
E001830,0.6939619271760776
E001834,0.6947675582782612
E001835,0.7574220574252113
E001836,0.7912982464413224
E001839,0.3362993648975735
E001840,0.6221599570006895
E001842,0.8756765664224925
E001846,0.7362753608946507
E001848,0.8743781584035808
E001849,0.7142593317478221
E001851,0.585759273985242
E001854,0.7654934504486903
E001857,0.7240522923446755
E001858,0.3548258604952072
E001859,0.8249856654501294
E001860,0.4365826041710344
E001862,0.5
E001869,0.8186976042532136
E001870,0.42526908031553107
E001871,0.6150234357014854
E001872,0.5762368433912228
E001873,0.21180500837052524
E001875,0.36347276478598606
E001876,0.31445746669824054
E001880,0.7232334103506849
E001881,0.6844233044394823
E001884,0.6822983101670103
E001885,0.5953077580573426
E001888,0.6382286834939208
E001889,0.5989389923619598
E001896,0.4563259306093881
E001898,0.37363129573224885
E001899,0.6491346800406419
E001901,0.7604645738032222
E001903,0.6220680318643049
E001909,0.3839290792302239
E001910,0.3201495889993732
E001911,0.5692755284752685
E001916,0.5611516576191653
E001917,0.6434751616898087
E001918,0.7555242042461233
E001922,0.2893061505607282
E001923,0.41973364729809687
E001924,0.9353017534615803
E001925,0.904434351163778
E001926,0.6763766509557343
E001927,0.5359262823637594
E001928,0.3644719891927202
E001930,0.5809516411032007
E001931,0.45205123563091565
E001933,0.5532366007781127
E001935,0.3844988370993435
E001937,0.6685962773747987
E001938,0.3997448977340466
E001940,0.7093023781614631
E001942,0.7225163632804958
E001945,0.8426315259540069
E001951,0.5230701258024752
E001952,0.026814359894641378
E001953,0.5988178156670846
E001954,0.6170854304478453
E001957,0.710674391664922
E001958,0.3757734252793496
E001959,0.3497189492111298
E001960,0.7161472487821999
E001962,0.5960836134501265
E001964,0.8183114957141056
E001965,0.33676508126107274
E001968,0.6804214231980186
E001971,0.728427996829525
E001972,0.7366348772772647
E001973,0.8543761821974083
E001975,0.8227907513741054
E001983,0.8034050867477497
E001984,0.6976796567516628
E001985,0.4039992648215486
E001994,0.544258107382194
E001995,0.7740597881015693
E001996,0.25575457777196287
E001997,0.7347827387244855
E001998,0.6226606589312762
E001999,0.6474383343038571
E002001,0.7572867202069616
E002005,0.798949526645588
E002007,0.8961794244644719
E002008,0.6770188234866237
E002009,0.4940715086764239
E002013,0.6063031775734988
E002014,0.0232012155608738
E002016,0.8128413585652087
E002020,0.2646538351339511
E002026,0.45382599025454545
E002027,0.6179226625014963
E002036,0.9288829473659116
E002040,0.8473519874273506
E002041,0.8491198247716967
E002042,0.210244905617654
E002043,0.914565634662454
E002045,0.372894243294142
E002046,0.40982325494346333
E002048,0.7576127519282332
E002050,0.37570061779082287
E002051,0.8051347932539648
E002054,0.48235201725162097
E002055,0.07534307062490224
E002057,0.7433744374483361
E002058,0.6084193956088396
E002059,0.8098758055300572
E002060,0.727157185711243
E002062,0.46408652564411806
E002063,0.7398430991445413
E002064,0.6474276764864307
E002065,0.6456749840496542
E002069,0.6640074403651273
E002070,0.3653270458260647
E002072,0.8020300865383942
E002073,0.6820178164074618
E002074,0.6547635542602892
E002075,0.2547856786904369
E002078,0.8004509596569326
E002081,0.6187190129754208
E002086,0.8329934062047035
E002091,0.2054714070294345
E002093,0.24397975071605904
E002095,0.2590253985348341
E002096,0.6210632840488011
E002098,0.8161543356800285
E002099,0.5960261578877323
E002100,0.17287195342568498
E002102,0.9016020146123208
E002103,0.738201333532838
E002105,0.7330228726344076
E002107,0.8175597941346595
E002108,0.35283651538410316
E002111,0.8880351769562541
E002114,0.9041700010953236
E002116,0.7242256564028283
E002118,0.3814001327510658
E002119,0.896381923245855
E002121,0.6754851841221658
E002122,0.44079283102736505
E002124,0.5631098169127701
E002125,0.06747845150584911
E002131,0.8239285955426874
E002132,0.4481636608644921
E002133,0.48852192261139993
E002134,0.33292030384337157
E002137,0.887635715346984
E002140,0.5
E002141,0.33590119515419115
E002143,0.19334091211875148
E002145,0.7717530437094096
E002146,0.9038841520510315
E002149,0.8681939981060247
E002150,0.8343457685998898
E002153,0.20091806000753323
E002154,0.5917595341325048
E002156,0.3430924974106444
E002158,0.8942191423784192
E002159,0.21268219226539317
E002160,0.7275664542870363
E002161,0.7399914290327725
E002162,0.4255948491052937
E002163,0.8161213735830576
E002165,0.45032150321222575
E002170,0.7365157815083829
E002174,0.8023056843145105
E002175,0.539508947489291
E002177,0.6788027421672557
E002179,0.8837785431984191
E002180,0.26402671860019
E002182,0.19840515106104428
E002183,0.7697790399278275
E002187,0.5538727817026725
E002190,0.8808749274048285
E002191,0.7887505283973183
E002192,0.6670640821484356
E002193,0.3066705632198825
E002194,0.3632728265379665
E002196,0.8033127858877466
E002197,0.037743820627981324
E002198,0.6312126504599903
E002200,0.3940969313222923
E002208,0.7010014152958888
E002209,0.680987635163398
E002215,0.8231424183848295
E002216,0.14316341096349997
E002217,0.8154201491280764
E002218,0.6866941402181553
E002222,0.5535303957829802
E002225,0.7873514243359039
E002230,0.43872164829888627
E002233,0.24514749089705282
E002241,0.8817180995568868
E002242,0.7664192164884989
E002243,0.4092292012191421
E002245,0.8634648653561496
E002246,0.8404191472994832
E002248,0.4475342139190289
E002250,0.7517517565774513
E002251,0.7614852998261816
E002253,0.779906654542217
E002254,0.6295446346664683
E002255,0.7441570731617746
E002256,0.8282047910566539
E002257,0.6403804413928957
E002258,0.3509692467288767
E002263,0.5555852315542432
E002265,0.7191352769528663
E002268,0.5965830916504609
E002270,0.5339620954557209
E002273,0.8132812548121263
E002277,0.6807451757621071
E002278,0.4095479114914317
E002279,0.5621842463469385
E002280,0.6826259797866071
E002281,0.8051782526248153
E002283,0.6846893990614954
E002285,0.30335309834938234
E002286,0.8316438690390588
E002288,0.578254552423653
E002290,0.872190798826794
E002292,0.7358231038058508
E002293,0.7011600319759664
E002294,0.6695571660008333
E002296,0.7435505045535893
E002297,0.7213870618661812
E002298,0.8723465312777827
E002303,0.48659624967404763
E002306,0.604598602615776
E002308,0.25804868377168216
E002310,0.6619991333179932
E002315,0.3391081575536421
E002317,0.4558078621052707
E002318,0.8157808352218693
E002319,0.6254676196093951
E002320,0.5745398253340566
E002321,0.7496140407109189
E002322,0.4205199054234379
E002323,0.5
E002324,0.2433500759212468
E002325,0.5168215919384636
E002327,0.26746845749012194
E002328,0.29057140549073457
E002331,0.859255386325244
E002334,0.578080118737817
E002336,0.31585541998025807
E002337,0.6956212781400537
E002342,0.8701255570910784
E002343,0.41048363968612395
E002345,0.6662610182595505
E002348,0.6898823827044869
E002351,0.793061529882557
E002355,0.9267269371983402
E002357,0.09358467526389207
E002358,0.7329267672293093
E002362,0.5072349778631424
E002365,0.7380167211441342
E002368,0.6697797051224733
E002371,0.5566265730384158
E002372,0.5585819775492502
E002376,0.648668844585937
E002377,0.7190085199133192
E002380,0.2705363441862298
E002383,0.8260378593796626
E002390,0.8067047375270975
E002393,0.6230589691224007
E002396,0.5184757999397093
E002398,0.2822262445559274
E002400,0.08636783069387667
E002402,0.4875160897657738
E002403,0.5486402008968122
E002405,0.6770238993467812
E002406,0.6063319721886876
E002409,0.869858439293616
E002413,0.6934354452385408
E002414,0.7653595121975844
E002416,0.7001074189024037
E002420,0.4669442302729709
E002421,0.4249765332818957
E002423,0.690032845362328
E002427,0.7975963945607268
E002430,0.4032401059767864
E002431,0.7314123633349817
E002432,0.8085628214619495
E002434,0.7975641416708151
E002436,0.7566173875887818
E002438,0.47015715267304853
E002442,0.6729334075748576
E002444,0.3616586131077173
E002450,0.7850955078553997
E002451,0.7205930124092146
E002453,0.7910391878802175
E002454,0.4125246223405097
E002455,0.7494630195754319
E002457,0.25239656580885866
E002458,0.6654594104948421
E002463,0.8161099178476097
E002464,0.7791910629751374
E002466,0.7683212476434051
E002469,0.14745910540075172
E002473,0.5294278416166063
E002474,0.7010425646029096
E002477,0.565429299363407
E002479,0.3365312611111377
E002483,0.28955156353725875
E002484,0.750288592567524
E002485,0.3284750634325805
E002488,0.5606492776160301
E002489,0.2845824732690561
E002492,0.19821524192623372
E002493,0.30112160139145866
E002497,0.46654648459665193
E002499,0.6078268525622824
E002500,0.4321006933412262
E002501,0.7762260427698124
E002502,0.5075834918372376
E002503,0.4834988271419605
E002507,0.8229421901537076
E002509,0.37773714780110196
E002511,0.3211633187687984
E002513,0.7505296749338587
E002518,0.2594813359994994
E002519,0.7990243662961903
E002525,0.4089659622050087
E002528,0.06659986134884247
E002529,0.6839724373871224
E002531,0.8348906457553178
E002535,0.6749089976237186
E002538,0.7828012310297078
E002539,0.6004040697284155
E002542,0.20193333802133553
E002544,0.8233763014271785
E002545,0.8504565019993026
E002549,0.15139308413852273
E002551,0.6756617113887383
E002552,0.7593284043432049
E002553,0.4457979658818511
E002554,0.4074205691868031
E002555,0.85184644448906
E002558,0.3866778049671383
E002559,0.7680910678924031
E002567,0.2880556406328875
E002568,0.6889285336887538
E002571,0.8495934158666475
E002573,0.597519895536465
E002575,0.2697894219798872
E002576,0.6934405039807107
E002577,0.3897237611749179
E002579,0.8399848034558784
E002581,0.7725408326721379
E002584,0.6061372144475257
E002586,0.9135369213994068
E002590,0.8468870463038672
E002596,0.0466233189807318
E002600,0.819734097578604
E002601,0.6869488790863107
E002610,0.27259912059456237
E002612,0.6018319863360203
E002613,0.7995362816889631
E002619,0.7852085434586029
E002622,0.4809381613928767
E002623,0.5218904614118753
E002624,0.7265275133876291
E002625,0.5672205366658362
E002629,0.4809079831228416
E002630,0.7878990559286428
E002631,0.9082453145337318
E002632,0.19936339893058763
E002633,0.23455053480955895
E002636,0.7948606822104166
E002639,0.388058273087109
E002641,0.5531298261426356
E002642,0.3429137721216829
E002643,0.8765339815386917
E002644,0.8260477269429836
E002645,0.7903485674554415
E002646,0.7430207608892887
E002647,0.7640433211875972
E002648,0.37206843944217755
E002651,0.2911464969109544
E002652,0.7828503867830691
E002655,0.6655472734423067
E002656,0.5301477244919154
E002657,0.7568778643081001
E002658,0.8641899571501831
E002659,0.8582028914997367
E002665,0.476699257404484
E002667,0.6722578267336978
E002670,0.5671095406247423
E002672,0.09710189855112922
E002673,0.0505030309085088
E002682,0.7217770501697314
E002683,0.2463390596648894
E002686,0.2836979215937203
E002692,0.8199414639943396
E002696,0.6319385399183277
E002700,0.6593876604618197
E002701,0.06217169851549297
E002702,0.5
E002703,0.6883230050736474
E002704,0.6368914187986897
E002705,0.5
E002707,0.7418120625283144
E002711,0.6524396352386741
E002712,0.6088942796910746
E002716,0.24923663500883023
E002717,0.31142094595516523
E002721,0.43763872831152595
E002723,0.834459926246621
E002724,0.22836589133258578
E002726,0.37197756962720296
E002729,0.6567415967022703
E002735,0.887742898115012
E002736,0.6547936406562124
E002737,0.6488861099017892
E002738,0.39323792554221354
E002741,0.7275235392227777
E002742,0.9119761259720178
E002743,0.8303487735034951
E002745,0.4460481540881309
E002746,0.4174847462790563
E002749,0.7470752042902673
E002751,0.708499414586493
E002754,0.557365991807677
E002757,0.8726794664052863
E002758,0.8388258078605693
E002759,0.7504856957304453
E002760,0.5541306382873405
E002764,0.09787474877024421
E002766,0.8589914703979424
E002768,0.6838888048132884
E002773,0.8646976833074439
E002777,0.7326972066223595
E002784,0.7158054238806589
E002785,0.7855764540211673
E002788,0.21767197315675402
E002790,0.5841700840972947
E002791,0.38474161322664296
E002792,0.680287945755745
E002793,0.7898132813564445
E002794,0.7053599367973516
E002796,0.5285774139877086
E002797,0.9440185940139538
E002800,0.5927270059605005
E002801,0.778632533644373
E002803,0.8542099738884931
E002804,0.6736006019890007
E002805,0.7687757866736139
E002808,0.6588978142116474
E002810,0.680209078008943
E002811,0.8531850904003496
E002812,0.6719986722898792
E002815,0.36510766068966977
E002816,0.2933852137389722
E002817,0.8367335539418431
E002818,0.6453383084927797
E002820,0.7983305268383556
E002824,0.8767410737846961
E002826,0.6001789257668977
E002830,0.22191967921171715
E002837,0.5665463777943892
E002839,0.3500978466843775
E002844,0.4147070037323222
E002845,0.5472226352930558
E002846,0.822494574098033
E002849,0.8676051526536371
E002850,0.6062065867992029
E002851,0.2955319618292034
E002853,0.5624295630997782
E002855,0.49441178708763933
E002856,0.59846936518341
E002857,0.7280366068916587
E002859,0.8078832232254369
E002861,0.21755335294758216
E002862,0.45983387047264473
E002864,0.3042294444139706
E002865,0.661784677324575
E002866,0.7568097923505107
E002867,0.36746578988724427
E002868,0.5188251733524585
E002873,0.8921576005903085
E002875,0.30157202561765134
E002877,0.6953561264491929
E002878,0.8404819354928471
E002879,0.5348116276320853
E002880,0.1575475817675808
E002883,0.4158693114644115
E002884,0.8131165870453473
E002885,0.7743734726754966
E002887,0.7528410717097914
E002890,0.06165624555779873
E002893,0.7161416634651376
E002895,0.8912402007832935
E002896,0.4826738326978685
E002897,0.4690990049049382
E002901,0.7660529934839212
E002903,0.3091704943597256
E002905,0.6095038643200885
E002908,0.5067842363891611
E002909,0.8460984296746522
E002912,0.5225054483429025
E002913,0.43745921483525996
E002916,0.16776353828465035
E002917,0.8155904613416028
E002918,0.8590375291177946
E002919,0.648760998760332
E002920,0.4687230281225213
E002923,0.8995436550519441
E002925,0.4036863932442795
E002927,0.5408237674441796
E002928,0.2639011810977268
E002930,0.5130966905847341
E002933,0.34820167705966937
E002939,0.7157286583109383
E002942,0.720076932484033
E002943,0.8232761082906503
E002944,0.8065425393549396
E002945,0.4332946162749955
E002947,0.7419190975611119
E002949,0.6921579089629628
E002950,0.7373571276070222
E002951,0.44224943041986725
E002954,0.814730726235194
E002956,0.7154100248209864
E002957,0.47741575880367737
E002958,0.6821236555611417
E002964,0.26943266478438255
E002970,0.6276291655599233
E002971,0.7302568016135387
E002974,0.6830441748709647
E002977,0.46118915546953454
E002978,0.5826045170230921
E002979,0.5514804380926919
E002980,0.5770916537434451
E002981,0.43269374302158414
E002989,0.7724432532750468
E002991,0.4525887736213746
E002992,0.3599861082564211
E002993,0.4734225570715636
E002996,0.17830005345175517
E002997,0.6725151999813207
E002998,0.7925631051786117
E003002,0.6772128273321083
E003005,0.8865174498880974
E003009,0.43983849154072713
E003010,0.7625533086640285
E003012,0.20398790940747377
E003017,0.4891758032430367
E003018,0.13869092456570656
E003020,0.3686357209073245
E003023,0.8300261977366279
E003029,0.5122117444338165
E003033,0.7505520944049312
E003036,0.08581195759975065
E003037,0.5087084455126032
E003038,0.823660535059509
E003040,0.7834103231704606
E003042,0.722339737715207
E003046,0.8000250015304643
E003047,0.05276339424543332
E003048,0.27040883393115656
E003049,0.43783977764381593
E003050,0.8024320592658175
E003052,0.8636770148743537
E003053,0.5128410352230175
E003055,0.5772608246219662
E003056,0.6739973151971943
E003057,0.5313322937063624
E003059,0.36485482054992
E003061,0.5740660055768485
E003062,0.42068466901034857
E003066,0.46898723032083334
E003070,0.6283930881599388
E003072,0.2964823727189845
E003073,0.6253336236723555
E003076,0.5
E003078,0.6452086130776866
E003079,0.10285664282318915
E003080,0.7855085596131354
E003089,0.3545415988826378
E003090,0.7299119155428065
E003091,0.2389680244170179
E003092,0.5419322220704491
E003093,0.7606210702430246
E003094,0.4643398387212256
E003097,0.575555225676852
E003102,0.8709503178010528
E003108,0.7784912372122157
E003110,0.2341554629384489
E003112,0.348963079947542
E003115,0.8211202046426485
E003117,0.6210150661905541
E003118,0.2728185249877906
E003120,0.735403921519745
E003121,0.30075495382584166
E003132,0.5758746636815222
E003135,0.7390406443106813
E003138,0.6125805340835462
E003140,0.3645996440687052
E003145,0.8696691677122952
E003151,0.9036894385399077
E003152,0.7473230862330148
E003153,0.6721825571369747
E003154,0.3559794866167829
E003159,0.5253616587187413
E003160,0.8732339587015593
E003161,0.5988013563825654
E003163,0.371469012449734
E003164,0.42672342503789007
E003165,0.7373723372817745
E003166,0.6548712825867222
E003167,0.8127962783269335
E003168,0.6681234961353939
E003169,0.375886418416999
E003170,0.8626268902420657
E003173,0.8615420490352664
E003178,0.7108387292910877
E003179,0.6074743120821847
E003182,0.7430846090420532
E003184,0.5525028253190424
E003189,0.7393040880592454
E003191,0.7903946288527854
E003194,0.5822404062254432
E003197,0.4181998313093262
E003200,0.6391797979659133
E003201,0.700756865582714
E003203,0.5102738749004395
E003208,0.5203257161186438
E003209,0.7810433736402306
E003212,0.4292127934370133
E003214,0.29343700881123463
E003215,0.12147825127578034
E003216,0.8245908032425762
E003217,0.6976805902892266
E003219,0.6076805468629197
E003222,0.3478316237420103
E003229,0.7804576080005085
E003237,0.7360470189711774
E003242,0.6884566311270373
E003243,0.6271040151569758
E003245,0.8290101858696571
E003246,0.7237036766589566
E003248,0.3323222716062489
E003249,0.8598795622096462
E003252,0.851398435953446
E003256,0.8793422322026027
E003257,0.7890318755918823
E003260,0.5807819665828792
E003263,0.7510255772200692
E003265,0.3472979267410924
E003268,0.8430176586393169
E003269,0.33362253284473653
E003270,0.9076205713928813
E003277,0.41417637351478725
E003278,0.2050826742244408
E003279,0.8516234831795618
E003284,0.7155590357906245
E003285,0.7799516350909756
E003286,0.5371022017460773
E003287,0.3149574035559774
E003290,0.37232665781397556
E003291,0.4278953708162258
E003295,0.4634113581768559
E003296,0.2422579058630379
E003298,0.5
E003301,0.4529639679790647
E003304,0.7858186483908678
E003305,0.43973752234431485
E003306,0.7851297382386699
E003308,0.1968645152248569
E003309,0.36508395590191356
E003310,0.305189900281428
E003313,0.4210497904760578
E003315,0.4471235968569821
E003325,0.8855998322339131
E003328,0.9070327214620748
E003331,0.673621990756663
E003332,0.10968280650438628
E003334,0.6557077029446711
E003335,0.8045457955998228
E003336,0.7398446315778637
E003339,0.7531910321722324
E003342,0.4107244376809661
E003343,0.5643445775617942
E003349,0.4786179493618655
E003350,0.9140933732236678
E003351,0.6922357384910904
E003352,0.3833835537770745
E003353,0.8175295576053039
E003354,0.20984617311937356
E003359,0.14070114910218492
E003361,0.3392678650247849
E003362,0.6779525750326267
E003365,0.758180003353387
E003368,0.16742202603145992
E003369,0.814297917575534
E003374,0.4491859967141632
E003379,0.887799062707916
E003381,0.8438292307948037
E003389,0.7740069998147613
E003390,0.36708463411785847
E003396,0.9529576795723176
E003398,0.8254233425547861
E003400,0.8136915083829619
E003401,0.7183043507688086
E003403,0.9118033306772418
E003405,0.5549982772727676
E003408,0.6588097795485343
E003411,0.7253510042815079
E003413,0.3351135221550366
E003419,0.640782470653342
E003420,0.7063314339729914
E003421,0.7520451303063638
E003424,0.29248618763735934
E003425,0.6169780383520754
E003426,0.719930420049642
E003429,0.3866425340901139
E003430,0.8063319640912447
E003433,0.4171359174047239
E003434,0.8258969819595815
E003439,0.8383136931347199
E003440,0.7378768748809106
E003446,0.48441623841702336
E003449,0.8135914470980177
E003450,0.8221579464749811
E003456,0.8306451125300995
E003458,0.7896397920336017
E003459,0.8178758687296461
E003463,0.13400998194662084
E003465,0.6935474515340143
E003470,0.43931281821758994
E003476,0.5524333155306773
E003482,0.506647717168896
E003485,0.43551073357319864
E003487,0.3565882198268595
E003488,0.8177519702846928
E003491,0.5660934677943655
E003493,0.6935115910439437
E003497,0.817492955548764
E003499,0.7658162609958852
E003500,0.2884981628589019
E003501,0.9019598994253741
E003504,0.7888952444727256
E003509,0.16488754015566706
E003510,0.6175833091000956
E003511,0.7472733199285427
E003513,0.8634354232558262
E003515,0.7922498505711066
E003518,0.8519587599944215
E003519,0.7899942459518374
E003520,0.18764711544362908
E003521,0.78244238442189
E003523,0.534598831621731
E003530,0.702252328707864
E003531,0.6251887465958336
E003534,0.7946052852353916
E003535,0.7468792240997905
E003536,0.5451578601650141
E003539,0.3496768073802025
E003543,0.8960075779038313
E003546,0.5103841098570563
E003549,0.6694463108101661
E003553,0.27125067063133074
E003555,0.3761898466780129
E003557,0.9005020132250234
E003558,0.4650007963740212
E003561,0.5694381589947706
E003562,0.7814052389695482
E003563,0.6971551181081374
E003564,0.17315137362415906
E003567,0.6502482368871019
E003570,0.7544051205626691
E003575,0.542122812850507
E003576,0.2042078385998102
E003578,0.6096412634697084
E003580,0.8035997483416072
E003581,0.8932337841865075
E003582,0.7337439781758356
E003584,0.4805384674508606
E003585,0.30458365637792917
E003586,0.35278121430503595
E003588,0.7640701300285189
E003590,0.13646354503196836
E003593,0.39207043346854936
E003598,0.4142332179838927
E003600,0.7875217004575629
E003601,0.16220607268330972
E003605,0.3184291533144583
E003608,0.30529753773686247
E003609,0.93373462489791
E003613,0.6662739538188301
E003614,0.256951102895372
E003615,0.06030482443495179
E003616,0.4235395111362498
E003619,0.815875126924852
E003620,0.7491962974595658
E003623,0.6496967073553814
E003625,0.5985620060972879
E003627,0.8304981345834068
E003630,0.7856531073019802
E003632,0.7452100212782613
E003635,0.16493010093850302
E003636,0.3080125248802938
E003637,0.8589082424146902
E003639,0.3598678224079798
E003640,0.7986865149269866
E003649,0.4911880736255897
E003651,0.17451467442511384
E003652,0.46045822536867936
E003653,0.43782982056428404
E003656,0.11508648622044951
E003658,0.47672894883731975
E003662,0.6375743187652241
E003663,0.27412736056121684
E003664,0.5485194254016649
E003667,0.5974535483077023
E003669,0.22286374400344725
E003670,0.537378384828361
E003672,0.6794123383450087
E003680,0.8266604812599265
E003682,0.8108160836107614
E003684,0.6877603573342684
E003685,0.8252534009896338
E003686,0.8779061898506733
E003687,0.7876491784395958
E003689,0.5052001866713909
E003690,0.7954447074035428
E003691,0.8427628347251769
E003693,0.5419795136170891
E003696,0.7768279708848191
E003697,0.4493190769752913
E003699,0.4187063759520946
E003700,0.4787098563471346
E003706,0.6869978535903726
E003707,0.4808531286894548
E003708,0.5369726349140461
E003712,0.7582877454025502
E003713,0.7718628511676681
E003715,0.6266091355592268
E003718,0.789461223559369
E003720,0.7392571341504827
E003721,0.2074330079633281
E003722,0.4583727177895563
E003723,0.4111519822256395
E003726,0.8445819043115926
E003730,0.8216843245495601
E003731,0.6473561374882885
E003735,0.6875275640391109
E003737,0.4090541572734216
E003738,0.7662331077147554
E003740,0.4771675188887942
E003741,0.6622147449821305
E003745,0.8350864680555544
E003746,0.6476617534727334
E003747,0.5123981164942238
E003749,0.2617573843648719
E003756,0.1910213653696777
E003758,0.7053237593257439
E003759,0.8204586944311111
E003762,0.33737886972330117
E003763,0.5168076648501646
E003764,0.8956840901331765
E003765,0.1490443921718063
E003766,0.5854852080146167
E003768,0.20562045120523043
E003769,0.42473954765528577
E003771,0.5997945063109938
E003772,0.21156865408758216
E003774,0.6903620894277984
E003775,0.4392567545948364
E003777,0.10100968414126901
E003778,0.6726742186151012
E003779,0.2400036316358835
E003780,0.35010397652402897
E003781,0.9185871535493095
E003782,0.7256070658544299
E003785,0.8242243837760928
E003786,0.5321094051005785
E003788,0.6809662538328202
E003789,0.8436172215192965
E003790,0.7903768570027213
E003793,0.7603528932131562
E003795,0.7182026622875324
E003797,0.8392028056106101
E003799,0.7800817329102169
E003802,0.4469713102438283
E003808,0.7919105283319177
E003809,0.6760083702806663
E003810,0.5227280461165286
E003812,0.6761460206850736
E003814,0.4352887674822956
E003815,0.6258408395965988
E003821,0.757598744344111
E003822,0.7638713903738424
E003823,0.1325693284139351
E003824,0.697185507804607
E003825,0.858602987620517
E003826,0.8316441627519107
E003827,0.33082231364614006
E003828,0.8329788378306952
E003829,0.30010260256319427
E003830,0.6783142851380677
E003831,0.7671125748896133
E003832,0.855532774107174
E003833,0.6288923329961753
E003837,0.33242997055306506
E003838,0.605186125572846
E003844,0.7197622418623665
E003845,0.32081695960462364
E003848,0.5267869364825364
E003849,0.603670055600445
E003850,0.1868788504685752
E003851,0.468200016412908
E003852,0.6605653685237638
E003854,0.5788756950167482
E003858,0.7852217863295401
E003859,0.6921735451433828
E003860,0.4342686173215759
E003861,0.7841210347774505
E003865,0.4075910809669941
E003868,0.4859371339596409
E003871,0.6978309248184887
E003872,0.8646237510271223
E003875,0.8861164056491562
E003876,0.7340487299748054
E003878,0.24615499909413155
E003880,0.8556676835997978
E003881,0.8592374388186658
E003884,0.7290706729231305
E003885,0.5844684847883224
E003887,0.8488327523368734
E003891,0.774194721669091
E003893,0.04523968270943393
E003894,0.6406986797673688
E003895,0.6455021908292513
E003897,0.8329161479582253
E003899,0.44403310952448205
E003904,0.355689309128879
E003909,0.7454802879243607
E003910,0.6577360847801985
E003911,0.449741761288385
E003912,0.827376658257722
E003913,0.7137438558082548
E003914,0.5100100652061167
E003918,0.8042494547900323
E003920,0.7902217169460077
E003921,0.30841090480496564
E003922,0.6164534517231782
E003926,0.8672399501749043
E003928,0.49161841121164446
E003930,0.6916512436945224
E003934,0.8436390774017053
E003939,0.7106488082645175
E003941,0.8625811471182323
E003943,0.8588815563348817
E003944,0.8245806460006819
E003945,0.4065653563230909
E003946,0.6990338799483142
E003948,0.7016092421226737
E003950,0.3700475109171668
E003951,0.588856974961067
E003953,0.3943409022351866
E003954,0.4590197920840072
E003955,0.8850498927640296
E003960,0.5407963126270058
E003964,0.39720922720589236
E003965,0.7109491256461552
E003966,0.4567533595553866
E003969,0.35461266477813663
E003970,0.9078690903942003
E003973,0.93218177701497
E003979,0.5617755734623384
E003980,0.6429429254740135
E003982,0.1760696167861829
E003983,0.3989147375398308
E003984,0.18624268027497667
E003986,0.6869315432100028
E003988,0.6746952375194678
E003991,0.8045299262303277
E003992,0.8838895386477122
E003995,0.7783147283387529
E003996,0.6613297700923014
E004004,0.9268337289151567
E004006,0.7124345260061578
E004009,0.6436195642091239
E004011,0.6834455730778064
E004012,0.10253517883317345
E004013,0.7485366028793299
E004015,0.5098341076979261
E004016,0.3197484124401264
E004017,0.761259471578615
E004018,0.7965256674557984
E004019,0.7330502738056192
E004020,0.4370669479430656
E004023,0.28289475854279955
E004025,0.5
E004031,0.6088178082052486
E004033,0.8265194831801228
E004035,0.8276741409328833
E004038,0.6999197437661282
E004039,0.6208447928119177
E004041,0.7500640179863294
E004043,0.30277060162577746
E004046,0.05435605187890861
E004049,0.5999383701575078
E004050,0.776701597728926
E004057,0.3877696478897631
E004058,0.41091165564300136
E004063,0.7923902279697654
E004064,0.7043377376943682
E004065,0.6461879591902912
E004070,0.82584882884423
E004071,0.11761632072450606
E004072,0.6645953795237184
E004075,0.7721915725875503
E004076,0.8410395419469376
E004078,0.7475220781244846
E004079,0.44065246774573624
E004080,0.34121325861668217
E004083,0.7627260356542271
E004084,0.6269031288504824
E004085,0.7289317043972625
E004088,0.194010132715557
E004093,0.7059138290188713
E004094,0.6971889409405931
E004096,0.7977090195784028
E004101,0.8139651707911071
E004102,0.7025042850247983
E004103,0.7681165114183127
E004106,0.6450247803457003
E004107,0.7079209621791291
E004115,0.8553338417370955
E004116,0.8467065106108038
E004118,0.5927562068190138
E004119,0.4834234616240236
E004120,0.236925492021716
E004122,0.7192814729384218
E004124,0.7919828342541708
E004125,0.8478524755091895
E004126,0.5838418904168382
E004127,0.4898795535969313
E004128,0.5883221564528247
E004130,0.7063896196917564
E004131,0.9282477470213623
E004132,0.7174657360553591
E004133,0.6952640820046867
E004135,0.6947760427759063
E004136,0.089309370262377
E004138,0.5373626472118046
E004139,0.8112329948962376
E004140,0.4548422785695108
E004141,0.8295368153441004
E004143,0.6478017062384952
E004144,0.44969007349794954
E004146,0.7271957744298397
E004155,0.6768536299859005
E004163,0.699394429038788
E004165,0.5483014266936298
E004167,0.25858498408816893
E004171,0.16083371327373724
E004173,0.8494088980177276
E004178,0.357134913708687
E004179,0.8193176398287719
E004183,0.7043909844416943
E004184,0.573766057660582
E004185,0.10255067453377124
E004187,0.4030032459237453
E004189,0.7252014653486238
E004190,0.7358239789487047
E004191,0.8664227696512344
E004192,0.6318483506461288
E004193,0.8224283222375492
E004197,0.4194612813888996
E004204,0.6403856549639633
E004208,0.8151529088402863
E004209,0.1436693137364813
E004213,0.6550554534020117
E004214,0.24610030346330475
E004219,0.8395034027074023
E004227,0.22980412159177946
E004230,0.829183595040124
E004233,0.6016892872216518
E004234,0.5557728410812469
E004241,0.6600950224603349
E004243,0.8348851189156479
E004244,0.7636279152314903
E004245,0.3356215423524854
E004246,0.5487255965248675
E004247,0.7683435404924105
E004248,0.2330989917455647
E004249,0.09759784536756402
E004251,0.7940978093584204
E004252,0.5791903706587983
E004253,0.47007225866278596
E004254,0.6804640281050959
E004256,0.7795004551354947
E004257,0.616847408472566
E004262,0.41337344148232924
E004263,0.24102119453807827
E004265,0.2932197566757759
E004269,0.8399036819290969
E004272,0.4414171972280373
E004273,0.8337024316264493
E004276,0.5724178207797337
E004278,0.6054261400941146
E004281,0.2998257433294472
E004283,0.5634524366635749
E004285,0.6735085410697774
E004289,0.6470657613536205
E004290,0.7833406369190451
E004291,0.689379792880359
E004296,0.5918284178377474
E004297,0.8158543715610534
E004299,0.40100453069381664
E004300,0.5834991264170014
E004301,0.6751646206379062
E004303,0.6981509201821067
E004304,0.734867748601543
E004307,0.3980226624263849
E004309,0.6506532704431907
E004310,0.6258372119811222
E004316,0.6456872162593408
E004317,0.6635847670227905
E004318,0.8173301849231857
E004320,0.5770867515723482
E004324,0.24847200023052604
E004326,0.7858648335429828
E004330,0.2311679585709022
E004332,0.4225867421142169
E004333,0.19788061332452675
E004335,0.7515537725436031
E004343,0.8239195567122
E004344,0.7735601454337382
E004346,0.4489203254851793
E004348,0.7888069443517385
E004353,0.12763625006757479
E004355,0.7540441542233121
E004356,0.8747253309362472
E004357,0.7784573578127632
E004358,0.7914240887555529
E004359,0.8217689759550258
E004360,0.4747999756066363
E004361,0.3675367724004256
E004364,0.7035106889101216
E004367,0.47828491018967106
E004369,0.6627127471986753
E004372,0.4732423250880524
E004379,0.5740301964127189
E004380,0.7903533188247127
E004381,0.5396825584244129
E004383,0.04715489211177615
E004384,0.5986980620991782
E004386,0.6762635155754266
E004387,0.7049554343659955
E004393,0.8582393434571868
E004394,0.5205081102124373
E004395,0.4600261638759481
E004397,0.7679777315983795
E004399,0.4869375747118919
E004400,0.6123228236136521
E004407,0.42151930373889646
E004408,0.6010614697717341
E004410,0.7848775146964828
E004412,0.6740608646349132
E004413,0.6252243708493195
E004416,0.4944925172857011
E004417,0.874407220350986
E004418,0.6553469881551902
E004425,0.5866632398249711
E004427,0.8329359069751826
E004428,0.23356361748320334
E004429,0.7652680965480813
E004432,0.8741568258282393
E004433,0.4617027492212458
E004438,0.3215645092738781
E004441,0.30316762732618224
E004442,0.46008510751790005
E004444,0.07647617994463433
E004446,0.5600709169914071
E004447,0.49171979530027576
E004448,0.7993226038074873
E004449,0.8238263945634375
E004453,0.7469052668822482
E004454,0.7420377574950934
E004457,0.6815644027455784
E004460,0.7398415782070272
E004463,0.3556222823940988
E004465,0.48071515968457273
E004466,0.7832740965686112
E004468,0.6779649852702163
E004472,0.8111476201471576
E004480,0.163663631701442
E004481,0.6485170115851936
E004482,0.6873340390130244
E004486,0.8892807155040455
E004487,0.6479810904469799
E004491,0.3529897399660134
E004492,0.21770745269917158
E004493,0.8297561463442463
E004494,0.6518920094160016
E004495,0.7357322043457627
E004497,0.717670844934169
E004500,0.668299510500728
E004501,0.51287998255477
E004503,0.35026549245142147
E004508,0.5239880113369676
E004510,0.5584506140042265
E004513,0.6931250172971335
E004517,0.3921449248233896
E004518,0.35725778228684435
E004519,0.7240793858571747
E004521,0.4434070892139794
E004523,0.8296720001378666
E004526,0.9507668420824686
E004530,0.8651794188312395
E004531,0.07327517011242585
E004532,0.5772617071648578
E004533,0.7826498662432938
E004535,0.5982456927651207
E004537,0.7820425711244995
E004548,0.7235021775015442
E004552,0.7854229667046088
E004555,0.4487523364089694
E004558,0.7537756674868632
E004559,0.26839869539525274
E004560,0.8320770554916506
E004561,0.6826381772850072
E004563,0.17559068905210037
E004564,0.7612505557357454
E004566,0.7678142431216104
E004570,0.8392709003194555
E004574,0.48817971177037245
E004577,0.803973855817809
E004578,0.6645139180625111
E004579,0.17885709875588118
E004582,0.778842023146559
E004583,0.622390597886615
E004585,0.4402641176854282
E004586,0.3659870494085028
E004591,0.7654292342510876
E004592,0.8906308463158065
E004594,0.7342177041861584
E004597,0.05374494278259274
E004598,0.7949448362711775
E004599,0.07334117996855241
E004601,0.8060189563760578
E004604,0.4185528981044407
E004608,0.540626217195871
E004609,0.6320685004984068
E004610,0.3129773262444644
E004611,0.5616296225763017
E004612,0.7272285635824194
E004613,0.7084153882476442
E004615,0.3074706538374228
E004617,0.6990174367736544
E004620,0.4456305242894827
E004622,0.5871698994315137
E004625,0.38584866192074113
E004629,0.4928157211662506
E004634,0.842676249824049
E004636,0.3232916775750363
E004637,0.6154845655514721
E004640,0.7443187153488147
E004644,0.0566137127688391
E004645,0.7468494835101233
E004646,0.5351765160171982
E004647,0.6983213832985103
E004651,0.5424152722296952
E004654,0.45770096828431894
E004655,0.3566948978088045
E004658,0.8122294962337169
E004664,0.6180265334465194
E004665,0.7738704492745134
E004666,0.8003282750222882
E004670,0.8200148581130842
E004674,0.9385042559921507
E004675,0.6744648839112016
E004676,0.6844954375446355
E004681,0.08515417946679114
E004685,0.722625216085143
E004688,0.2260251620648464
E004689,0.8872233058122808
E004690,0.8985346201481911
E004693,0.7350063846024342
E004696,0.6642070832141822
E004697,0.5898747109119672
E004701,0.7426008624763513
E004702,0.5345153132008347
E004703,0.7749159270240641
E004704,0.7373551012936189
E004706,0.5899135361064927
E004707,0.7737764995923021
E004708,0.8366431102051772
E004709,0.48980485214227953
E004712,0.7692721926258775
E004716,0.7917489051870298
E004718,0.4778292779400936
E004725,0.8304424216874623
E004726,0.7836027705365006
E004727,0.7302340092211161
E004729,0.472614473941644
E004732,0.8906878511181754
E004733,0.885726267196582
E004737,0.4281677648905691
E004739,0.47294654738048575
E004740,0.8784019715731799
E004741,0.7277015076027034
E004742,0.8532011279573378
E004743,0.7242246659911369
E004745,0.6413773613615539
E004746,0.1621643384752857
E004750,0.47807479381719803
E004755,0.7511774715916452
E004758,0.7955066010136758
E004759,0.20244337748200025
E004760,0.3334698387780038
E004769,0.7135866209288061
E004770,0.39188647194854626
E004771,0.7254082675947222
E004772,0.7769830692422265
E004780,0.5319514338340403
E004781,0.7553937160319755
E004782,0.4859468111482816
E004783,0.7526721000406021
E004784,0.4891197290698958
E004786,0.8535179107776711
E004787,0.7735390765370771
E004788,0.3316450075087472
E004792,0.24386788144883884
E004795,0.5111687524112909
E004796,0.7875833536544147
E004798,0.43510155018641383
E004799,0.5423545477185665
E004800,0.3540911750418566
E004802,0.6405906668896888
E004803,0.8609081033782913
E004804,0.67697386335585
E004807,0.173378822035094
E004809,0.38743853526080674
E004812,0.8492670549104671
E004813,0.3674709179079039
E004814,0.6319700184571896
E004816,0.6232773092014698
E004817,0.6670543515200267
E004819,0.6610880982498101
E004824,0.8595375785308954
E004826,0.7340073143457633
E004827,0.3215414869643309
E004828,0.2847984600558763
E004830,0.8046356191284318
E004833,0.780559790994547
E004835,0.3940772420602892
E004837,0.7289814545904657
E004838,0.7569181506461714
E004839,0.11270187342332616
E004841,0.7566991735769023
E004844,0.8583217882181831
E004845,0.6456060927055471
E004846,0.7384545986395201
E004849,0.5226051743602782
E004850,0.7814564102275041
E004851,0.3069441187912988
E004852,0.7878563491106164
E004854,0.7408825089133412
E004858,0.6168548808041391
E004859,0.7324013312000303
E004860,0.74110981324691
E004862,0.36861876700678914
E004863,0.7454880403192513
E004865,0.3754284392251894
E004867,0.06144176280603675
E004868,0.3743793576811796
E004874,0.485654892552188
E004877,0.7565235623410482
E004878,0.8519273241088788
E004881,0.5730526057428494
E004882,0.6586238598229593
E004883,0.16566735355860515
E004884,0.6791980427460178
E004885,0.09452545274489059
E004886,0.19139301399639058
E004888,0.5665858511646162
E004889,0.030150203637961438
E004890,0.7262223845179595
E004892,0.7232642490493493
E004895,0.8453637479475786
E004896,0.617798217026949
E004898,0.8402054921301667
E004900,0.7696429858347071
E004902,0.8791089845528982
E004903,0.9057638709860263
E004904,0.3025669096317586
E004905,0.5184022086496909
E004908,0.844311242431534
E004909,0.5810998081173709
E004910,0.6535413744451185
E004913,0.571009257151275
E004914,0.6438749446203073
E004915,0.20637256154062936
E004920,0.2731318543538917
E004921,0.8234652482946065
E004923,0.7609063707485857
E004925,0.5660326023567815
E004926,0.5177800358082698
E004934,0.7297517533442485
E004936,0.33100012611682045
E004939,0.7968195240522321
E004940,0.6429105170671242
E004941,0.42157716326002415
E004942,0.7346296006772334
E004944,0.8793467220693257
E004945,0.7585305690632078
E004953,0.30051889178244207
E004957,0.6543034192289516
E004959,0.7161372157599687
E004964,0.7761855202738563
E004967,0.7678761423593303
E004969,0.7388875318033914
E004970,0.6552698756510743
E004973,0.6370559631345495
E004979,0.6623564155276814
E004980,0.7396866855047627
E004983,0.30702769705059707
E004987,0.26543127811240214
E004988,0.7278443308526091
E004997,0.7443282421281067
E004999,0.5315096518100285
E005000,0.6742908233979484
E005001,0.24734420444543642
E005002,0.4858617331559158
E005003,0.16263179432209468
E005004,0.2862992048935662
E005009,0.4472010803691807
E005011,0.794142961974409
E005013,0.07116414619114182
E005017,0.7972342947003649
E005018,0.060205929859262215
E005020,0.7852492034786002
E005021,0.847607726255468
E005023,0.6707904165126163
E005024,0.7758309867663428
E005028,0.5297332267752364
E005029,0.06710087749564611
E005036,0.6576040253068268
E005037,0.6300599824355781
E005042,0.8014515547761131
E005046,0.7389235141417079
E005052,0.5931965094158905
E005054,0.7919823744703148
E005057,0.33279357192185344
E005058,0.3534601439120147
E005059,0.6834788867162719
E005060,0.8264528356967575
E005061,0.8331340420991654
E005065,0.4676281798826259
E005066,0.5
E005067,0.24520138085711293
E005068,0.8969663431687356
E005070,0.7769770151376848
E005072,0.4425298553632956
E005073,0.728115995840639
E005074,0.7452982120517668
E005075,0.5937114543075324
E005081,0.3066224670031399
E005083,0.35973814106767
E005084,0.6895562227579058
E005085,0.8223648265456984
E005086,0.798462784350877
E005089,0.6496402997684504
E005092,0.7643694968343108
E005093,0.8116193336404132
E005097,0.3314662479985698
E005099,0.6952476693186503
E005100,0.31987863483627227
E005101,0.7138733553003898
E005104,0.8141417021542772
E005106,0.5798602177807998
E005110,0.10786845588192351
E005112,0.710793916315214
E005114,0.5319983792925751
E005115,0.7950972763615135
E005116,0.7542094505905841
E005117,0.23270692146376304
E005122,0.543822694835171
E005126,0.47229537213957756
E005127,0.691311564957158
E005129,0.8275936293844052
E005130,0.651470402550213
E005132,0.8392217925591128
E005134,0.6511392019772436
E005135,0.3812688339515342
E005136,0.8327179067368864
E005137,0.5198656621141391
E005138,0.7291658810710383
E005139,0.7642065245921161
E005143,0.6361143023660819
E005146,0.7496829917947194
E005148,0.9044752822480934
E005150,0.7049594891770117
E005155,0.8778312706448416
E005157,0.26101272496258093
E005158,0.8043191943716602
E005161,0.5395597235178675
E005162,0.37525882528535304
E005163,0.5739687047676123
E005166,0.0610172936099941
E005167,0.650435625876457
E005169,0.3558427299005408
E005174,0.7729512937018967
E005175,0.8713371944124213
E005177,0.07073727507277673
E005179,0.6510222323866379
E005180,0.5344748297682975
E005182,0.7452565045340861
E005185,0.8681801032075315
E005186,0.877386066988368
E005187,0.7237921089074468
E005188,0.7214615976283875
E005190,0.3648636363518212
E005192,0.08033775680514561
E005195,0.7122689929389697
E005197,0.7514590347008968
E005198,0.4637399209266057
E005200,0.4772717277547979
E005207,0.4615265195267426
E005208,0.7237081191980514
E005216,0.27742415382574787
E005217,0.12661145303543778
E005220,0.7843786518124165
E005225,0.5942332879022507
E005227,0.7469383161928382
E005229,0.7880775132287083
E005230,0.3184652517526626
E005232,0.9318435737748152
E005233,0.6737682655813567
E005235,0.7023122543720655
E005238,0.6727845749223329
E005239,0.3962036540382648
E005242,0.31325758124195086
E005246,0.8623756449139679
E005249,0.4138924025974124
E005251,0.5297721147660366
E005254,0.877197704080583
E005255,0.5719284972234557
E005260,0.6756566763176036
E005263,0.6120814109285496
E005265,0.874357539612603
E005267,0.8287416039372479
E005269,0.558953441069402
E005270,0.4670765219132639
E005271,0.4520710143695132
E005273,0.4361051841100257
E005277,0.6170541631712704
E005284,0.7992494037338954
E005285,0.44588132940975217
E005289,0.7829221879240015
E005291,0.763234734519189
E005294,0.8910335553317066
E005295,0.6059872475092973
E005298,0.6096810914182816
E005300,0.8205871198341869
E005308,0.7090000059965746
E005315,0.20252690584867927
E005318,0.19203276280178097
E005319,0.7499450011834277
E005322,0.8350605507726637
E005323,0.7808742730406057
E005324,0.7539589090671242
E005326,0.7826249118766241
E005331,0.7770196155453918
E005332,0.3984809735209407
E005334,0.8269866683758406
E005335,0.8696279798525953
E005340,0.7351938802678868
E005342,0.6287198719301278
E005343,0.1686296815741136
E005344,0.4592078290876447
E005346,0.6026690667136002
E005347,0.48346122181678386
E005350,0.26491638480003693
E005351,0.6797376048393613
E005353,0.6641611528175807
E005355,0.7071585315127639
E005358,0.6458579671986445
E005360,0.15042009315638327
E005361,0.6952944959084096
E005365,0.351380282548509
E005371,0.12974443308622938
E005372,0.6855185147880652
E005373,0.9042128854925499
E005375,0.3737714571603836
E005377,0.7566170500661765
E005378,0.6636480567767212
E005379,0.37903977652787574
E005380,0.14187963433248135
E005382,0.7903044210887866
E005384,0.11493684238326465
E005385,0.6057579864241389
E005388,0.6790137028330645
E005392,0.5502334743558215
E005397,0.46307626188497575
E005400,0.9024264347046482
E005403,0.41659836898612096
E005404,0.755048583344798
E005406,0.1772051286626506
E005407,0.815780285087654
E005408,0.5207830185229831
E005413,0.43799400069720684
E005419,0.6218178937641362
E005421,0.6262604505245865
E005422,0.6454105557855204
E005425,0.5571015279166132
E005427,0.5509929742018245
E005432,0.7949948038271537
E005433,0.6085897746053195
E005434,0.297756152706343
E005445,0.7100017621248926
E005446,0.7640855525530924
E005447,0.9215712837231359
E005448,0.9407708751189368
E005449,0.8459301025219557
E005451,0.5765794225633971
E005452,0.8775371489971332
E005453,0.8255625577305503
E005455,0.877663570015697
E005456,0.30226716238383855
E005458,0.48718212360734187
E005464,0.8892929654288898
E005466,0.865180750025866
E005467,0.3943186302134207
E005470,0.3942623568108264
E005473,0.5093712729594569
E005475,0.3207896923961026
E005480,0.6648995755598461
E005481,0.11236513878333558
E005485,0.5721298791278979
E005488,0.1785962737633604
E005493,0.47486997129491104
E005497,0.6394574628550969
E005498,0.7479578830002725
E005499,0.44562308935034334
E005500,0.8110111506162124
