E000002,0.5631706
E000003,0.6138182
E000004,0.69069827
E000006,0.7272176
E000009,0.60763484
E000012,0.43689403
E000016,0.59980965
E000017,0.5224785
E000018,0.38105282
E000019,0.5548519
E000020,0.7482789
E000021,0.27129933
E000024,0.24966933
E000028,0.48610133
E000029,0.72651666
E000030,0.84393257
E000032,0.08420143
E000033,0.69396484
E000034,0.8355252
E000035,0.6732814
E000040,0.8337366
E000044,0.15283063
E000046,0.77428985
E000048,0.4598947
E000050,0.80762625
E000051,0.8177606
E000053,0.19502516
E000055,0.11748309
E000056,0.49918154
E000057,0.14686611
E000058,0.85078263
E000061,0.58126676
E000062,0.81301093
E000063,0.82286483
E000065,0.60012907
E000067,0.78691894
E000070,0.32114425
E000075,0.77605325
E000077,0.08030223
E000080,0.32170004
E000081,0.81753546
E000083,0.10633668
E000084,0.79353684
E000085,0.59903926
E000087,0.6787078
E000089,0.27843365
E000092,0.8248495
E000094,0.814279
E000097,0.8051429
E000098,0.720361
E000100,0.80661535
E000101,0.88278353
E000103,0.594524
E000104,0.826925
E000107,0.8246308
E000108,0.83615017
E000111,0.6824757
E000112,0.8628714
E000116,0.76988035
E000120,0.11868455
E000121,0.76574
E000122,0.5569586
E000124,0.5227759
E000125,0.8381348
E000126,0.73431224
E000127,0.7251038
E000128,0.64101607
E000130,0.44437674
E000131,0.84017146
E000137,0.6214264
E000138,0.82532597
E000144,0.5503474
E000146,0.7512058
E000147,0.56493896
E000148,0.83706486
E000150,0.67566496
E000151,0.5541998
E000153,0.44310236
E000154,0.8140056
E000155,0.849065
E000157,0.66581285
E000159,0.16016005
E000162,0.621842
E000164,0.11611636
E000166,0.5668844
E000167,0.29059705
E000168,0.46160147
E000169,0.54932034
E000175,0.3309354
E000178,0.82360226
E000181,0.61636454
E000182,0.8151567
E000186,0.34031877
E000187,0.7367626
E000188,0.7277032
E000189,0.82871574
E000191,0.8802847
E000207,0.14281306
E000208,0.5564764
E000209,0.8185135
E000214,0.59647757
E000217,0.71119606
E000218,0.6045226
E000219,0.87137777
E000223,0.8010645
E000227,0.8314053
E000230,0.8357767
E000232,0.7455283
E000234,0.5193949
E000235,0.52811927
E000236,0.78127027
E000238,0.34626904
E000242,0.58754784
E000246,0.67254627
E000249,0.21955022
E000252,0.6160721
E000253,0.89812905
E000256,0.8537364
E000257,0.7558067
E000262,0.24566789
E000264,0.82378054
E000265,0.7595447
E000269,0.7208137
E000270,0.62950665
E000271,0.79836804
E000272,0.15914746
E000275,0.11485254
E000276,0.83880496
E000277,0.7673815
E000278,0.5483158
E000281,0.6351475
E000282,0.81896853
E000284,0.7748927
E000285,0.7961683
E000288,0.66035676
E000289,0.6587924
E000291,0.8409938
E000292,0.65363085
E000294,0.79075044
E000295,0.37547752
E000298,0.3074072
E000299,0.111269966
E000301,0.6238722
E000302,0.7098825
E000304,0.48551175
E000315,0.22058849
E000316,0.46025795
E000321,0.30568108
E000323,0.22009839
E000324,0.43357912
E000328,0.7939696
E000331,0.7380932
E000332,0.7962737
E000333,0.6758415
E000337,0.63151205
E000339,0.85951865
E000342,0.8650641
E000343,0.84836334
E000344,0.39142266
E000345,0.3996891
E000346,0.8115925
E000348,0.82234585
E000350,0.79392284
E000352,0.12062419
E000359,0.7781419
E000361,0.74462265
E000362,0.46290112
E000363,0.45060304
E000366,0.7787906
E000367,0.79071
E000368,0.84129155
E000370,0.8064419
E000372,0.43527266
E000373,0.6911979
E000376,0.8209244
E000378,0.7325826
E000379,0.8434639
E000380,0.77643025
E000383,0.12709509
E000384,0.3459638
E000386,0.22638154
E000387,0.7148516
E000391,0.60153544
E000394,0.8314872
E000395,0.27656797
E000396,0.17678428
E000402,0.76428026
E000405,0.5280708
E000412,0.8363292
E000414,0.8070005
E000415,0.75920695
E000417,0.7523242
E000418,0.76468784
E000420,0.8643636
E000425,0.4483862
E000426,0.7137467
E000427,0.6749796
E000428,0.33572084
E000430,0.11549918
E000432,0.46445966
E000433,0.69752663
E000435,0.6844623
E000437,0.7116221
E000438,0.8910238
E000442,0.86089486
E000448,0.33970854
E000451,0.13931812
E000452,0.34696692
E000454,0.6842655
E000456,0.60545117
E000460,0.44367445
E000462,0.41653728
E000472,0.18947598
E000475,0.85118425
E000477,0.76405334
E000478,0.75822836
E000485,0.55175245
E000492,0.8045278
E000493,0.5754291
E000496,0.8110864
E000498,0.63416576
E000499,0.18221298
E000502,0.17410152
E000503,0.45715302
E000504,0.88199633
E000511,0.53637743
E000513,0.092349306
E000514,0.65840834
E000515,0.85170037
E000517,0.8166484
E000520,0.13184509
E000525,0.16829817
E000528,0.39957252
E000531,0.37810636
E000536,0.48772871
E000537,0.8119567
E000539,0.69620436
E000542,0.78271973
E000543,0.8049886
E000544,0.852907
E000547,0.58358365
E000550,0.7838563
E000551,0.8813202
E000552,0.3525546
E000554,0.6332583
E000555,0.42939177
E000556,0.779109
E000557,0.7992806
E000559,0.7439644
E000565,0.5701302
E000567,0.8357125
E000568,0.883623
E000569,0.627371
E000573,0.12805611
E000582,0.18002011
E000584,0.27971828
E000587,0.83184206
E000588,0.6830872
E000590,0.84691787
E000592,0.51356876
E000595,0.46567696
E000596,0.8160253
E000597,0.5795076
E000599,0.6438982
E000600,0.85782415
E000602,0.8039143
E000604,0.90021527
E000610,0.23823611
E000611,0.5775154
E000612,0.7875935
E000613,0.77835196
E000614,0.24940003
E000616,0.8539189
E000617,0.5283772
E000620,0.7316453
E000621,0.1622604
E000624,0.09036931
E000625,0.13706797
E000627,0.81067175
E000631,0.2952614
E000632,0.33536667
E000634,0.84799
E000638,0.488554
E000639,0.8458089
E000645,0.590698
E000648,0.87660486
E000649,0.7719594
E000650,0.78103113
E000651,0.7410668
E000652,0.84885514
E000655,0.75748324
E000660,0.7600935
E000661,0.23275316
E000664,0.8611853
E000667,0.50258726
E000668,0.8018406
E000671,0.23081294
E000672,0.75910854
E000677,0.8055434
E000679,0.70678717
E000680,0.7995064
E000681,0.67843926
E000683,0.6818619
E000685,0.26402873
E000687,0.6374877
E000690,0.6143755
E000691,0.7282967
E000696,0.39909822
E000698,0.15097138
E000699,0.7944281
E000701,0.89234376
E000703,0.53030103
E000706,0.8623383
E000708,0.46583575
E000709,0.20359585
E000711,0.8250367
E000712,0.2103909
E000714,0.5171784
E000717,0.81964314
E000719,0.73693144
E000720,0.4699042
E000722,0.13056758
E000723,0.81864494
E000724,0.5332616
E000726,0.1857869
E000727,0.5810863
E000728,0.865994
E000729,0.21040267
E000732,0.72826076
E000733,0.76759905
E000734,0.8130165
E000735,0.52884644
E000736,0.74568033
E000739,0.083766274
E000742,0.869547
E000744,0.6328179
E000746,0.8325736
E000747,0.67111385
E000750,0.4301855
E000751,0.85549223
E000753,0.7074653
E000754,0.32239303
E000756,0.22129443
E000757,0.83081156
E000758,0.3160334
E000761,0.7194163
E000763,0.8060866
E000772,0.84234285
E000773,0.7914308
E000775,0.52184534
E000776,0.7440857
E000778,0.29990253
E000779,0.80922544
E000780,0.7309392
E000781,0.8693193
E000782,0.69390726
E000784,0.6577266
E000785,0.69245195
E000786,0.09180555
E000787,0.69787717
E000791,0.8510061
E000792,0.68315583
E000793,0.8389006
E000794,0.7285957
E000795,0.6481163
E000797,0.6647278
E000799,0.86023927
E000800,0.83537877
E000802,0.3905893
E000804,0.85102606
E000805,0.6710182
E000808,0.13455912
E000811,0.86189514
E000814,0.7879083
E000815,0.367233
E000816,0.27959678
E000818,0.1234847
E000822,0.2208885
E000823,0.8629641
E000829,0.64320314
E000832,0.70705533
E000833,0.2736135
E000836,0.09318106
E000837,0.76809084
E000841,0.27651867
E000843,0.8662762
E000844,0.17075175
E000855,0.50244486
E000856,0.14422491
E000861,0.7769864
E000862,0.76855886
E000864,0.49798897
E000865,0.7647906
E000866,0.16074412
E000868,0.62519914
E000870,0.69389147
E000872,0.086236
E000873,0.8756138
E000874,0.26232535
E000875,0.8454891
E000876,0.84832215
E000877,0.7079147
E000880,0.5555213
E000881,0.7992355
E000882,0.50755924
E000884,0.7044691
E000885,0.5776387
E000886,0.41353276
E000889,0.6262786
E000890,0.8696004
E000899,0.48716918
E000909,0.13919592
E000910,0.11857195
E000912,0.08507284
E000913,0.7139218
E000915,0.5674045
E000916,0.55906224
E000917,0.7948522
E000918,0.76819605
E000919,0.84747857
E000920,0.76146746
E000922,0.5208337
E000923,0.7098917
E000925,0.11816203
E000927,0.12267691
E000934,0.562337
E000937,0.7725554
E000939,0.81135184
E000940,0.6859973
E000941,0.8324516
E000942,0.7935064
E000943,0.11967312
E000946,0.7784866
E000949,0.4362072
E000953,0.8388402
E000954,0.16066353
E000955,0.8260205
E000956,0.61165816
E000957,0.60172135
E000958,0.21207312
E000959,0.7474752
E000960,0.78040504
E000966,0.5146681
E000970,0.09256833
E000979,0.5091273
E000982,0.46413165
E000983,0.7936477
E000985,0.8030441
E000986,0.86143184
E000987,0.43943202
E000988,0.8151338
E000990,0.52541167
E000993,0.7138192
E000998,0.8274974
E000999,0.79309314
E001001,0.8229011
E001004,0.5754488
E001005,0.85958666
E001006,0.7818252
E001007,0.7755402
E001009,0.73603547
E001011,0.6316771
E001012,0.5112825
E001013,0.85986084
E001015,0.6300788
E001016,0.767763
E001017,0.13187377
E001018,0.09419731
E001019,0.65724844
E001020,0.526166
E001021,0.7668397
E001023,0.74641377
E001026,0.6483078
E001029,0.6477298
E001030,0.7804689
E001031,0.65196264
E001032,0.41312158
E001033,0.6175417
E001035,0.35377494
E001036,0.83602
E001039,0.7004395
E001040,0.77716947
E001042,0.76743907
E001043,0.84434617
E001045,0.63038856
E001047,0.81791276
E001052,0.87137693
E001053,0.55354446
E001054,0.37311044
E001056,0.7741322
E001058,0.6315408
E001062,0.5736292
E001063,0.3912065
E001064,0.3851851
E001067,0.22485478
E001068,0.12419007
E001069,0.8236077
E001075,0.65132505
E001076,0.7919925
E001077,0.6320639
E001078,0.13228017
E001080,0.68644625
E001082,0.84389037
E001085,0.8445303
E001089,0.81137246
E001091,0.815183
E001092,0.7435269
E001093,0.76529413
E001094,0.87712157
E001095,0.18998714
E001097,0.46081084
E001099,0.7711603
E001100,0.29928905
E001103,0.78594506
E001104,0.78790045
E001108,0.22106569
E001109,0.26217315
E001111,0.70921296
E001112,0.5597134
E001115,0.859284
E001116,0.5228317
E001117,0.7842277
E001121,0.63611525
E001122,0.6777736
E001131,0.87126434
E001132,0.7034919
E001136,0.5802899
E001141,0.769029
E001142,0.4139761
E001143,0.7528955
E001145,0.67531747
E001147,0.13239305
E001148,0.75348175
E001151,0.7589214
E001154,0.5802856
E001156,0.6617203
E001158,0.80423987
E001159,0.1790059
E001160,0.5076393
E001163,0.7930688
E001164,0.1212866
E001166,0.34824628
E001170,0.69188154
E001173,0.2092843
E001174,0.41311446
E001177,0.39854592
E001178,0.13155678
E001180,0.7511182
E001181,0.8365529
E001185,0.63903797
E001186,0.79884034
E001187,0.71684307
E001188,0.4782543
E001194,0.8123425
E001195,0.2470926
E001197,0.10945391
E001199,0.61347747
E001202,0.830471
E001203,0.57456505
E001204,0.6839342
E001205,0.69937354
E001206,0.6873605
E001209,0.6344218
E001212,0.82417685
E001213,0.8153734
E001217,0.5422006
E001218,0.70768374
E001220,0.54509217
E001222,0.6175131
E001224,0.77688164
E001225,0.5810242
E001227,0.25164917
E001230,0.8115502
E001231,0.34705013
E001234,0.31803155
E001237,0.37955806
E001238,0.8602131
E001239,0.40036327
E001241,0.8393388
E001243,0.83614767
E001244,0.47495475
E001247,0.7063626
E001250,0.6598235
E001251,0.32320735
E001254,0.6790143
E001255,0.5689475
E001256,0.44665596
E001257,0.5378673
E001259,0.57010376
E001261,0.33047214
E001263,0.25266165
E001265,0.8207605
E001266,0.44404712
E001267,0.71055394
E001269,0.74984735
E001271,0.80494225
E001273,0.82281685
E001274,0.55397755
E001275,0.85959774
E001277,0.8030244
E001279,0.5980671
E001280,0.7409133
E001285,0.8876586
E001286,0.8019088
E001291,0.76585394
E001292,0.81285167
E001293,0.15250371
E001294,0.34232247
E001298,0.3221471
E001300,0.7539617
E001302,0.25614095
E001303,0.88259053
E001308,0.85303324
E001310,0.6308627
E001311,0.68861383
E001313,0.6349156
E001314,0.09249347
E001315,0.81021124
E001318,0.8518291
E001319,0.66713905
E001321,0.8370652
E001322,0.24428101
E001323,0.5461928
E001327,0.74501115
E001331,0.63463384
E001332,0.18477829
E001333,0.83940446
E001334,0.74723804
E001339,0.7052667
E001342,0.72901917
E001343,0.6855223
E001344,0.86018074
E001346,0.5886385
E001348,0.79720646
E001350,0.19320819
E001352,0.77566886
E001353,0.729435
E001356,0.772492
E001357,0.60854214
E001360,0.2612836
E001361,0.15391001
E001362,0.58930266
E001363,0.763807
E001364,0.6479647
E001365,0.73498636
E001366,0.16402604
E001370,0.11133303
E001372,0.75833124
E001373,0.7651117
E001374,0.83519155
E001383,0.08132838
E001385,0.7709117
E001388,0.7168688
E001391,0.8328404
E001392,0.81410825
E001393,0.7950343
E001398,0.19932212
E001400,0.51361907
E001401,0.5290575
E001405,0.48159984
E001408,0.83996457
E001409,0.7305232
E001412,0.8640889
E001413,0.6670916
E001414,0.79906106
E001415,0.16465272
E001416,0.7036568
E001422,0.8532001
E001423,0.64347214
E001427,0.7242607
E001431,0.85343945
E001432,0.5213843
E001433,0.552523
E001434,0.81150633
E001437,0.47873548
E001438,0.67292845
E001439,0.370965
E001443,0.8629364
E001445,0.21138293
E001446,0.4419384
E001447,0.62948304
E001449,0.8072844
E001450,0.6375394
E001454,0.31474212
E001458,0.68554956
E001460,0.39918596
E001464,0.19536123
E001467,0.83128285
E001468,0.8322571
E001470,0.31878868
E001471,0.4593261
E001472,0.7500125
E001475,0.24038512
E001476,0.690128
E001481,0.7472827
E001486,0.69147485
E001489,0.24313985
E001491,0.26802382
E001496,0.44646692
E001497,0.7810702
E001499,0.796762
E001501,0.45040715
E001503,0.41199097
E001505,0.16860224
E001510,0.77810365
E001511,0.82593036
E001512,0.6964636
E001513,0.84217715
E001514,0.1675974
E001516,0.53082097
E001517,0.71930677
E001518,0.79243195
E001519,0.32232907
E001520,0.10389475
E001523,0.7028962
E001524,0.7881588
E001525,0.650482
E001527,0.7059817
E001530,0.79964095
E001533,0.6494321
E001534,0.81217563
E001535,0.74388236
E001538,0.119184315
E001539,0.3370093
E001545,0.8505477
E001546,0.7399291
E001550,0.3141524
E001551,0.8568525
E001556,0.4956184
E001558,0.6433486
E001564,0.5968061
E001565,0.16107285
E001568,0.74697137
E001570,0.46179166
E001571,0.82384425
E001573,0.8541868
E001574,0.7636928
E001575,0.57420963
E001576,0.3254412
E001577,0.7577552
E001580,0.6364282
E001581,0.10883125
E001582,0.7707726
E001583,0.6986938
E001584,0.8551112
E001586,0.21513422
E001590,0.5908017
E001593,0.7527703
E001596,0.47889432
E001599,0.8049205
E001603,0.63771206
E001607,0.8421608
E001609,0.104034916
E001613,0.6409952
E001616,0.20923828
E001617,0.82195795
E001620,0.5336203
E001622,0.5218316
E001626,0.86968863
E001627,0.8425631
E001629,0.7145458
E001630,0.65737
E001631,0.84802526
E001633,0.11781937
E001634,0.2055852
E001637,0.49832767
E001639,0.098087505
E001640,0.45264623
E001647,0.4313392
E001648,0.107963905
E001655,0.75383735
E001656,0.6720833
E001657,0.2019612
E001659,0.09165853
E001660,0.24190083
E001661,0.59775144
E001662,0.81290436
E001664,0.11644727
E001665,0.42171386
E001670,0.5522571
E001672,0.12810604
E001675,0.8668244
E001676,0.788189
E001677,0.80686814
E001678,0.81436574
E001680,0.5800758
E001683,0.74475074
E001685,0.8262677
E001688,0.72898793
E001689,0.85635823
E001690,0.7950868
E001691,0.87877613
E001692,0.5763163
E001693,0.80885065
E001694,0.5448144
E001698,0.16883366
E001699,0.22289337
E001700,0.5395733
E001703,0.17390613
E001705,0.8464533
E001706,0.3233437
E001708,0.66320765
E001710,0.81855285
E001712,0.79850006
E001717,0.53223586
E001718,0.42757747
E001721,0.61127764
E001722,0.6475487
E001723,0.5325737
E001725,0.46684587
E001726,0.5880733
E001730,0.6098494
E001731,0.5689633
E001733,0.77586824
E001734,0.5892364
E001736,0.60126805
E001741,0.39969403
E001743,0.3543124
E001745,0.8076459
E001746,0.8558163
E001747,0.80691487
E001748,0.62924904
E001749,0.07668517
E001750,0.18375774
E001756,0.77766573
E001757,0.50166255
E001758,0.4348638
E001760,0.5082776
E001761,0.8318014
E001762,0.82495844
E001763,0.76386666
E001764,0.44101492
E001766,0.41028607
E001768,0.78066635
E001769,0.55908465
E001774,0.7875924
E001775,0.58868617
E001777,0.45845732
E001780,0.64078933
E001781,0.74771035
E001783,0.7616619
E001788,0.8169908
E001789,0.7523351
E001792,0.41824806
E001793,0.8589269
E001796,0.7114775
E001797,0.117197566
E001802,0.29018143
E001803,0.21898957
E001806,0.6206162
E001807,0.5023996
E001811,0.4436674
E001813,0.35526264
E001817,0.43254286
E001819,0.66975635
E001820,0.62832594
E001824,0.8266443
E001825,0.85519695
E001827,0.34447274
E001830,0.71337503
E001834,0.5591249
E001835,0.73066497
E001836,0.83014596
E001839,0.2083828
E001840,0.29928812
E001842,0.7792074
E001846,0.4008704
E001848,0.8667139
E001849,0.7987437
E001851,0.32075748
E001854,0.7785494
E001857,0.6502639
E001858,0.25756586
E001859,0.79685104
E001860,0.7232373
E001862,0.45577964
E001869,0.81233513
E001870,0.41870847
E001871,0.77544636
E001872,0.73955774
E001873,0.077793054
E001875,0.54161024
E001876,0.47137764
E001880,0.8272726
E001881,0.67254853
E001884,0.5128897
E001885,0.69502944
E001888,0.6985476
E001889,0.3773403
E001896,0.21004511
E001898,0.17696418
E001899,0.715436
E001901,0.7208451
E001903,0.7648579
E001909,0.30573
E001910,0.27571857
E001911,0.53077024
E001916,0.66280955
E001917,0.55876213
E001918,0.7487016
E001922,0.147379
E001923,0.26781163
E001924,0.8177466
E001925,0.78867877
E001926,0.85295546
E001927,0.45257783
E001928,0.32416776
E001930,0.6643575
E001931,0.7278039
E001933,0.66899645
E001935,0.3823611
E001937,0.7650226
E001938,0.7607858
E001940,0.6520664
E001942,0.8417616
E001945,0.79536736
E001951,0.6715963
E001952,0.10639628
E001953,0.44704977
E001954,0.81846297
E001957,0.80491596
E001958,0.28289202
E001959,0.39059314
E001960,0.8294982
E001962,0.69759583
E001964,0.8664034
E001965,0.2108287
E001968,0.65273476
E001971,0.7618233
E001972,0.8462919
E001973,0.8385282
E001975,0.77778697
E001983,0.83362114
E001984,0.83118874
E001985,0.26554212
E001994,0.24229221
E001995,0.49276033
E001996,0.18058477
E001997,0.8245825
E001998,0.84061456
E001999,0.5774302
E002001,0.78878975
E002005,0.7185643
E002007,0.88033116
E002008,0.74721867
E002009,0.15178472
E002013,0.82123595
E002014,0.12938064
E002016,0.8186444
E002020,0.1508245
E002026,0.5073627
E002027,0.52347285
E002036,0.8468761
E002040,0.85612357
E002041,0.75334466
E002042,0.18528599
E002043,0.69923955
E002045,0.17431487
E002046,0.56001276
E002048,0.83034205
E002050,0.26412386
E002051,0.8442305
E002054,0.47728583
E002055,0.12006545
E002057,0.81613326
E002058,0.6296866
E002059,0.7848784
E002060,0.6419285
E002062,0.6198867
E002063,0.68316764
E002064,0.5108862
E002065,0.50110185
E002069,0.7676867
E002070,0.2263023
E002072,0.7829971
E002073,0.47944984
E002074,0.33889472
E002075,0.08485734
E002078,0.8166135
E002081,0.7663403
E002086,0.87161016
E002091,0.18309584
E002093,0.18397492
E002095,0.20199631
E002096,0.4725805
E002098,0.8036508
E002099,0.47826284
E002100,0.19327684
E002102,0.62228906
E002103,0.85141855
E002105,0.78136194
E002107,0.8397216
E002108,0.3010976
E002111,0.7087958
E002114,0.8395382
E002116,0.8063433
E002118,0.20267738
E002119,0.83104277
E002121,0.54795533
E002122,0.33775055
E002124,0.2993982
E002125,0.08792182
E002131,0.7387401
E002132,0.4186014
E002133,0.4897717
E002134,0.5241634
E002137,0.86952055
E002140,0.6326352
E002141,0.43568718
E002143,0.08690409
E002145,0.8152538
E002146,0.79662246
E002149,0.82740295
E002150,0.8131046
E002153,0.13462955
E002154,0.4522264
E002156,0.24154387
E002158,0.8274116
E002159,0.09615701
E002160,0.86318135
E002161,0.82547873
E002162,0.2170664
E002163,0.8331122
E002165,0.8019164
E002170,0.80337584
E002174,0.78303266
E002175,0.56623656
E002177,0.7725013
E002179,0.854148
E002180,0.5261629
E002182,0.11092028
E002183,0.81376785
E002187,0.4505414
E002190,0.76452774
E002191,0.87475824
E002192,0.6320324
E002193,0.7656617
E002194,0.5275003
E002196,0.7643303
E002197,0.086509936
E002198,0.71160793
E002200,0.6309124
E002208,0.48174632
E002209,0.54592025
E002215,0.744352
E002216,0.26041695
E002217,0.8238713
E002218,0.5310555
E002222,0.6617738
E002225,0.82736826
E002230,0.56338334
E002233,0.29218474
E002241,0.77249426
E002242,0.7913745
E002243,0.42376938
E002245,0.7477507
E002246,0.67761797
E002248,0.35565427
E002250,0.80603546
E002251,0.7748581
E002253,0.7254552
E002254,0.8176717
E002255,0.83866364
E002256,0.787343
E002257,0.65672064
E002258,0.3060732
E002263,0.45880017
E002265,0.51588124
E002268,0.6058514
E002270,0.42438346
E002273,0.8160974
E002277,0.5976295
E002278,0.25933248
E002279,0.8085118
E002280,0.71374476
E002281,0.82408595
E002283,0.66589594
E002285,0.2815848
E002286,0.6658687
E002288,0.7994485
E002290,0.8381004
E002292,0.80718374
E002293,0.88014966
E002294,0.8767282
E002296,0.8280768
E002297,0.8486586
E002298,0.7652985
E002303,0.36436895
E002306,0.80068904
E002308,0.09521393
E002310,0.6783399
E002315,0.2082471
E002317,0.5555359
E002318,0.8010498
E002319,0.56121844
E002320,0.69796324
E002321,0.71537185
E002322,0.37674963
E002323,0.27929714
E002324,0.23211695
E002325,0.7971729
E002327,0.2189865
E002328,0.25733703
E002331,0.85563815
E002334,0.5224617
E002336,0.3904653
E002337,0.79936635
E002342,0.8492741
E002343,0.17391838
E002345,0.53044844
E002348,0.7340286
E002351,0.7727899
E002355,0.8073745
E002357,0.08610169
E002358,0.77345085
E002362,0.7526324
E002365,0.83957785
E002368,0.8317443
E002371,0.66096926
E002372,0.58361393
E002376,0.8400706
E002377,0.78772944
E002380,0.70762706
E002383,0.8138604
E002390,0.89814895
E002393,0.6007318
E002396,0.7671724
E002398,0.36397943
E002400,0.11117088
E002402,0.2064412
E002403,0.5980575
E002405,0.7572493
E002406,0.8202405
E002409,0.89485586
E002413,0.6808619
E002414,0.7808259
E002416,0.7031866
E002420,0.5293983
E002421,0.5565154
E002423,0.75916594
E002427,0.7938539
E002430,0.53864247
E002431,0.63561946
E002432,0.6941605
E002434,0.51910436
E002436,0.8604156
E002438,0.09221923
E002442,0.7757836
E002444,0.6081249
E002450,0.7912193
E002451,0.80232364
E002453,0.77854586
E002454,0.201034
E002455,0.8743534
E002457,0.6227512
E002458,0.5710684
E002463,0.76947534
E002464,0.8389442
E002466,0.7463239
E002469,0.087155476
E002473,0.4590061
E002474,0.85382634
E002477,0.5916682
E002479,0.2245149
E002483,0.6225412
E002484,0.86825156
E002485,0.10572219
E002488,0.80609614
E002489,0.20870295
E002492,0.18073742
E002493,0.14795473
E002497,0.46663007
E002499,0.7108016
E002500,0.63322806
E002501,0.69928503
E002502,0.29053286
E002503,0.6316015
E002507,0.77779025
E002509,0.45266476
E002511,0.16006182
E002513,0.8063687
E002518,0.28749344
E002519,0.726201
E002525,0.5741541
E002528,0.10961478
E002529,0.4615172
E002531,0.87034106
E002535,0.40603507
E002538,0.8026319
E002539,0.33636397
E002542,0.29796767
E002544,0.72357607
E002545,0.8036891
E002549,0.11590043
E002551,0.67893296
E002552,0.64074665
E002553,0.48582172
E002554,0.56179154
E002555,0.823254
E002558,0.14487584
E002559,0.83438176
E002567,0.56578505
E002568,0.60846704
E002571,0.8765352
E002573,0.59810084
E002575,0.10083588
E002576,0.44985667
E002577,0.6194974
E002579,0.83332884
E002581,0.7836397
E002584,0.72975487
E002586,0.8480257
E002590,0.8930294
E002596,0.18750653
E002600,0.83707833
E002601,0.85133076
E002610,0.21890268
E002612,0.67033076
E002613,0.7575579
E002619,0.85529214
E002622,0.5836537
E002623,0.68581676
E002624,0.8762664
E002625,0.6106927
E002629,0.6196876
E002630,0.7263159
E002631,0.8577461
E002632,0.13869476
E002633,0.13059951
E002636,0.87133527
E002639,0.7197984
E002641,0.62823147
E002642,0.37155494
E002643,0.87881756
E002644,0.85158175
E002645,0.77349526
E002646,0.76700395
E002647,0.61896795
E002648,0.524013
E002651,0.45083562
E002652,0.60751873
E002655,0.56663024
E002656,0.509273
E002657,0.6143654
E002658,0.86128074
E002659,0.89299935
E002665,0.7718726
E002667,0.73823833
E002670,0.4461456
E002672,0.1215828
E002673,0.087472275
E002682,0.82891554
E002683,0.25257814
E002686,0.5952536
E002692,0.8581043
E002696,0.6742183
E002700,0.72605145
E002701,0.22580057
E002702,0.673809
E002703,0.8397563
E002704,0.7780501
E002705,0.3052961
E002707,0.7624014
E002711,0.6941752
E002712,0.58276194
E002716,0.1185427
E002717,0.18128465
E002721,0.64922374
E002723,0.77026284
E002724,0.11992042
E002726,0.19414127
E002729,0.7683153
E002735,0.8807067
E002736,0.729311
E002737,0.47220975
E002738,0.6359153
E002741,0.74213094
E002742,0.85132194
E002743,0.79946166
E002745,0.3198534
E002746,0.49372903
E002749,0.7545398
E002751,0.72900796
E002754,0.65800226
E002757,0.8873461
E002758,0.8229387
E002759,0.8803642
E002760,0.38652116
E002764,0.12751631
E002766,0.8349719
E002768,0.4994916
E002773,0.8600421
E002777,0.6983499
E002784,0.7505151
E002785,0.787768
E002788,0.08618653
E002790,0.6295652
E002791,0.32603428
E002792,0.75990254
E002793,0.8632341
E002794,0.84746414
E002796,0.41791221
E002797,0.8447144
E002800,0.51675075
E002801,0.8130284
E002803,0.80590105
E002804,0.79178894
E002805,0.8408984
E002808,0.67118526
E002810,0.64471626
E002811,0.85009116
E002812,0.60783273
E002815,0.116292424
E002816,0.31373632
E002817,0.8174886
E002818,0.63815665
E002820,0.7683154
E002824,0.7791555
E002826,0.54757416
E002830,0.36804262
E002837,0.7397143
E002839,0.23279308
E002844,0.7367266
E002845,0.4601073
E002846,0.87158173
E002849,0.7352499
E002850,0.3809058
E002851,0.16458538
E002853,0.73585504
E002855,0.48291075
E002856,0.7424788
E002857,0.5624057
E002859,0.77060336
E002861,0.46902454
E002862,0.6467734
E002864,0.59351987
E002865,0.85033077
E002866,0.6317367
E002867,0.4459248
E002868,0.406868
E002873,0.8034168
E002875,0.1331533
E002877,0.6183018
E002878,0.88660485
E002879,0.75390464
E002880,0.19318071
E002883,0.40967464
E002884,0.66685635
E002885,0.8889397
E002887,0.6816948
E002890,0.22807546
E002893,0.8156914
E002895,0.76240885
E002896,0.59951913
E002897,0.6941941
E002901,0.6164252
E002903,0.5353017
E002905,0.7077432
E002908,0.6444793
E002909,0.84374565
E002912,0.51039
E002913,0.41245556
E002916,0.11780093
E002917,0.8036169
E002918,0.74341524
E002919,0.85426754
E002920,0.39692852
E002923,0.86684483
E002925,0.5066498
E002927,0.52838796
E002928,0.41668114
E002930,0.49185535
E002933,0.22959322
E002939,0.7072982
E002942,0.62091
E002943,0.86768556
E002944,0.7078266
E002945,0.55741584
E002947,0.8387991
E002949,0.8137444
E002950,0.673944
E002951,0.67324376
E002954,0.7069195
E002956,0.8364575
E002957,0.5897424
E002958,0.8334729
E002964,0.11918741
E002970,0.81986916
E002971,0.86483544
E002974,0.72561556
E002977,0.5212609
E002978,0.745271
E002979,0.4636467
E002980,0.45732936
E002981,0.5472227
E002989,0.8461799
E002991,0.35968623
E002992,0.6910422
E002993,0.59915745
E002996,0.16531317
E002997,0.72094244
E002998,0.79519427
E003002,0.7779581
E003005,0.8256417
E003009,0.602858
E003010,0.8548824
E003012,0.16030358
E003017,0.8009337
E003018,0.54017633
E003020,0.21547714
E003023,0.72037065
E003029,0.46598077
E003033,0.74376136
E003036,0.103275515
E003037,0.26795083
E003038,0.821246
E003040,0.6550068
E003042,0.7223915
E003046,0.7845027
E003047,0.14688608
E003048,0.5120383
E003049,0.48574504
E003050,0.7918377
E003052,0.87465996
E003053,0.45783967
E003055,0.2831389
E003056,0.71369547
E003057,0.7208014
E003059,0.38067022
E003061,0.46961853
E003062,0.34168452
E003066,0.40281346
E003070,0.6329226
E003072,0.55154455
E003073,0.7812286
E003076,0.4316865
E003078,0.75378436
E003079,0.11965918
E003080,0.7078834
E003089,0.3656221
E003090,0.86430293
E003091,0.10355135
E003092,0.17514454
E003093,0.827166
E003094,0.3898545
E003097,0.56784433
E003102,0.583188
E003108,0.86676085
E003110,0.17092997
E003112,0.32745057
E003115,0.7855409
E003117,0.6367591
E003118,0.44498444
E003120,0.73572356
E003121,0.15244912
E003132,0.23488675
E003135,0.84670544
E003138,0.2518367
E003140,0.124536425
E003145,0.8552441
E003151,0.8755898
E003152,0.82783896
E003153,0.8696252
E003154,0.56002456
E003159,0.32654536
E003160,0.85231227
E003161,0.5128853
E003163,0.31231046
E003164,0.40797296
E003165,0.8622755
E003166,0.6494117
E003167,0.782078
E003168,0.6083768
E003169,0.48893535
E003170,0.86736655
E003173,0.8731034
E003178,0.7469389
E003179,0.59009486
E003182,0.5935107
E003184,0.67761534
E003189,0.7729593
E003191,0.83167785
E003194,0.5867837
E003197,0.48012415
E003200,0.6507669
E003201,0.8214536
E003203,0.76738375
E003208,0.6192894
E003209,0.8026865
E003212,0.43733346
E003214,0.14752418
E003215,0.22313522
E003216,0.811282
E003217,0.7465487
E003219,0.46487468
E003222,0.21392782
E003229,0.8197523
E003237,0.8423521
E003242,0.8260898
E003243,0.43463138
E003245,0.55676425
E003246,0.83049154
E003248,0.09485994
E003249,0.87284577
E003252,0.86020976
E003256,0.84470385
E003257,0.6399299
E003260,0.3687225
E003263,0.8374612
E003265,0.3083443
E003268,0.71835107
E003269,0.516901
E003270,0.87558556
E003277,0.8158257
E003278,0.60165715
E003279,0.82856184
E003284,0.84581554
E003285,0.7149851
E003286,0.5103737
E003287,0.41736266
E003290,0.49340248
E003291,0.71525645
E003295,0.20335925
E003296,0.45747188
E003298,0.5539083
E003301,0.38943076
E003304,0.8048814
E003305,0.49392095
E003306,0.76712936
E003308,0.119606465
E003309,0.40943602
E003310,0.2818042
E003313,0.5071469
E003315,0.17702504
E003325,0.82065964
E003328,0.8812128
E003331,0.79946285
E003332,0.10387246
E003334,0.4751373
E003335,0.6145965
E003336,0.74546224
E003339,0.8212637
E003342,0.31294188
E003343,0.39412445
E003349,0.7774844
E003350,0.7846908
E003351,0.54785484
E003352,0.34459594
E003353,0.78436315
E003354,0.5896332
E003359,0.09755483
E003361,0.5749213
E003362,0.70598173
E003365,0.6249154
E003368,0.10088632
E003369,0.7922249
E003374,0.6244117
E003379,0.8260207
E003381,0.84048563
E003389,0.79893196
E003390,0.29619053
E003396,0.83394414
E003398,0.6699766
E003400,0.81735456
E003401,0.78829074
E003403,0.875512
E003405,0.1999261
E003408,0.62293434
E003411,0.8721516
E003413,0.62918067
E003419,0.5473713
E003420,0.66759014
E003421,0.78583956
E003424,0.15633982
E003425,0.8449529
E003426,0.70237714
E003429,0.30314353
E003430,0.67167604
E003433,0.28663376
E003434,0.77268183
E003439,0.716462
E003440,0.87044555
E003446,0.73682994
E003449,0.70228565
E003450,0.8495007
E003456,0.6247269
E003458,0.86710256
E003459,0.76615614
E003463,0.105553046
E003465,0.6957801
E003470,0.13890624
E003476,0.6294668
E003482,0.5747552
E003485,0.46689734
E003487,0.44592917
E003488,0.77916723
E003491,0.26542425
E003493,0.8116616
E003497,0.7748537
E003499,0.8280504
E003500,0.3120273
E003501,0.8123635
E003504,0.88455683
E003509,0.10020255
E003510,0.58125037
E003511,0.6286999
E003513,0.67256
E003515,0.8653459
E003518,0.79312134
E003519,0.8233738
E003520,0.100181974
E003521,0.8516747
E003523,0.5708628
E003530,0.6518223
E003531,0.52780664
E003534,0.8227338
E003535,0.5756954
E003536,0.8306662
E003539,0.565862
E003543,0.8859282
E003546,0.23465
E003549,0.4809043
E003553,0.5898095
E003555,0.56738883
E003557,0.795534
E003558,0.46780655
E003561,0.30271536
E003562,0.7725971
E003563,0.728833
E003564,0.08175236
E003567,0.62612224
E003570,0.7980359
E003575,0.5301349
E003576,0.25564468
E003578,0.62261087
E003580,0.7559735
E003581,0.90241754
E003582,0.84900403
E003584,0.6544349
E003585,0.221324
E003586,0.7111097
E003588,0.7473567
E003590,0.0908688
E003593,0.5001499
E003598,0.25999397
E003600,0.75725
E003601,0.11386608
E003605,0.55988955
E003608,0.16201302
E003609,0.86628735
E003613,0.5947433
E003614,0.09943212
E003615,0.094598785
E003616,0.3364316
E003619,0.81192017
E003620,0.6028448
E003623,0.49709067
E003625,0.4843632
E003627,0.432384
E003630,0.84029543
E003632,0.8491765
E003635,0.08948525
E003636,0.41857174
E003637,0.8634064
E003639,0.42850366
E003640,0.76310265
E003649,0.27967528
E003651,0.10027456
E003652,0.38004005
E003653,0.56867814
E003656,0.13552555
E003658,0.2512543
E003662,0.68372285
E003663,0.15606645
E003664,0.6940981
E003667,0.55306727
E003669,0.21950471
E003670,0.58416075
E003672,0.6636269
E003680,0.75229365
E003682,0.88467026
E003684,0.27404913
E003685,0.7678485
E003686,0.761288
E003687,0.81224257
E003689,0.36120248
E003690,0.80763227
E003691,0.6485195
E003693,0.41872925
E003696,0.737635
E003697,0.54699165
E003699,0.563885
E003700,0.48870268
E003706,0.58306044
E003707,0.33687857
E003708,0.6802425
E003712,0.72542465
E003713,0.8483919
E003715,0.52516586
E003718,0.7021452
E003720,0.7771165
E003721,0.3481223
E003722,0.46871886
E003723,0.42523226
E003726,0.8131163
E003730,0.8398044
E003731,0.80098635
E003735,0.7474109
E003737,0.18854482
E003738,0.73652095
E003740,0.6227263
E003741,0.7881085
E003745,0.8462053
E003746,0.7523696
E003747,0.46598396
E003749,0.47176176
E003756,0.15363403
E003758,0.72085434
E003759,0.82481647
E003762,0.48124796
E003763,0.5165173
E003764,0.84098345
E003765,0.12337727
E003766,0.6842882
E003768,0.14546697
E003769,0.18437575
E003771,0.79113996
E003772,0.56674904
E003774,0.7395713
E003775,0.41997293
E003777,0.100766055
E003778,0.50654775
E003779,0.17772399
E003780,0.43938884
E003781,0.84345144
E003782,0.69038475
E003785,0.83488804
E003786,0.24023697
E003788,0.7458151
E003789,0.75372255
E003790,0.7652778
E003793,0.72126645
E003795,0.84366393
E003797,0.75509197
E003799,0.8521132
E003802,0.5944814
E003808,0.8158552
E003809,0.64922184
E003810,0.37077323
E003812,0.7252693
E003814,0.57839054
E003815,0.45060802
E003821,0.7846394
E003822,0.8321425
E003823,0.12639111
E003824,0.7282397
E003825,0.8549634
E003826,0.82900196
E003827,0.2775451
E003828,0.80014604
E003829,0.7029769
E003830,0.71162444
E003831,0.73463017
E003832,0.8297437
E003833,0.6486616
E003837,0.81346035
E003838,0.6620991
E003844,0.75098395
E003845,0.23109378
E003848,0.49154612
E003849,0.7573104
E003850,0.19310762
E003851,0.2682145
E003852,0.56849265
E003854,0.5956059
E003858,0.87163526
E003859,0.6584634
E003860,0.4404015
E003861,0.83322155
E003865,0.3568846
E003868,0.64110136
E003871,0.76969594
E003872,0.79290605
E003875,0.76739055
E003876,0.82690704
E003878,0.13419281
E003880,0.81803423
E003881,0.8939431
E003884,0.8716279
E003885,0.75803363
E003887,0.8690791
E003891,0.8079469
E003893,0.15855175
E003894,0.61853814
E003895,0.8126027
E003897,0.7990379
E003899,0.44243658
E003904,0.19522507
E003909,0.61622465
E003910,0.59876364
E003911,0.5709425
E003912,0.7472885
E003913,0.83643603
E003914,0.4155606
E003918,0.8799729
E003920,0.7398711
E003921,0.41593686
E003922,0.8041227
E003926,0.8787339
E003928,0.80074763
E003930,0.8249025
E003934,0.848895
E003939,0.8111273
E003941,0.88009864
E003943,0.85412824
E003944,0.8249172
E003945,0.4642918
E003946,0.7551473
E003948,0.7464898
E003950,0.5389982
E003951,0.65063775
E003953,0.5549754
E003954,0.70944107
E003955,0.87509793
E003960,0.40639207
E003964,0.21645276
E003965,0.7899775
E003966,0.22583735
E003969,0.27227074
E003970,0.8335725
E003973,0.87876105
E003979,0.67591757
E003980,0.7590959
E003982,0.20856646
E003983,0.16912496
E003984,0.11787888
E003986,0.7936092
E003988,0.8055368
E003991,0.8162795
E003992,0.8601779
E003995,0.8733259
E003996,0.79604125
E004004,0.81602794
E004006,0.5188955
E004009,0.34331843
E004011,0.672381
E004012,0.13125145
E004013,0.7950106
E004015,0.80485773
E004016,0.5647084
E004017,0.78742033
E004018,0.80592924
E004019,0.74985254
E004020,0.3120979
E004023,0.2594644
E004025,0.72560805
E004031,0.74849576
E004033,0.81517476
E004035,0.83912545
E004038,0.7268232
E004039,0.7009203
E004041,0.6425471
E004043,0.21594994
E004046,0.08175558
E004049,0.45728102
E004050,0.7985787
E004057,0.124944665
E004058,0.6790253
E004063,0.73278636
E004064,0.7403057
E004065,0.650022
E004070,0.8044054
E004071,0.12086086
E004072,0.5412064
E004075,0.7717644
E004076,0.7749178
E004078,0.6009455
E004079,0.22611117
E004080,0.14465849
E004083,0.8674434
E004084,0.78276813
E004085,0.8330131
E004088,0.17269921
E004093,0.84669846
E004094,0.84402597
E004096,0.7418107
E004101,0.7392149
E004102,0.82695025
E004103,0.71178275
E004106,0.7851253
E004107,0.5687516
E004115,0.7807288
E004116,0.80380595
E004118,0.83207756
E004119,0.2835567
E004120,0.32720572
E004122,0.8587274
E004124,0.7558743
E004125,0.71623766
E004126,0.6016998
E004127,0.7053804
E004128,0.73214227
E004130,0.7201485
E004131,0.79396796
E004132,0.80434114
E004133,0.7812118
E004135,0.6534289
E004136,0.09412189
E004138,0.54194295
E004139,0.828915
E004140,0.12260482
E004141,0.73204505
E004143,0.67947257
E004144,0.6424482
E004146,0.6884052
E004155,0.7542113
E004163,0.52930266
E004165,0.82635444
E004167,0.50739104
E004171,0.13792562
E004173,0.77859056
E004178,0.33180544
E004179,0.7970468
E004183,0.8561938
E004184,0.43854395
E004185,0.36054167
E004187,0.18739711
E004189,0.7900483
E004190,0.5672425
E004191,0.84922516
E004192,0.7692004
E004193,0.86155474
E004197,0.4523705
E004204,0.69893813
E004208,0.7321014
E004209,0.11837171
E004213,0.80281335
E004214,0.21042621
E004219,0.8261586
E004227,0.4443146
E004230,0.6884422
E004233,0.69710267
E004234,0.4815941
E004241,0.8545973
E004243,0.85275906
E004244,0.68446493
E004245,0.52303255
E004246,0.36674175
E004247,0.8629912
E004248,0.32827753
E004249,0.104735225
E004251,0.86116844
E004252,0.35900155
E004253,0.3061137
E004254,0.6930998
E004256,0.8386764
E004257,0.5701838
E004262,0.1779016
E004263,0.17453177
E004265,0.47460493
E004269,0.82942945
E004272,0.33054477
E004273,0.8852928
E004276,0.4089786
E004278,0.23830363
E004281,0.23566076
E004283,0.6212542
E004285,0.7712359
E004289,0.82795316
E004290,0.7493292
E004291,0.4174836
E004296,0.52448046
E004297,0.6996545
E004299,0.63006544
E004300,0.6818819
E004301,0.7296147
E004303,0.5593489
E004304,0.8386503
E004307,0.47401455
E004309,0.68169475
E004310,0.60796475
E004316,0.6836707
E004317,0.77515554
E004318,0.828726
E004320,0.81097406
E004324,0.1856534
E004326,0.692945
E004330,0.46090472
E004332,0.44103864
E004333,0.10953196
E004335,0.82166153
E004343,0.86072236
E004344,0.7871611
E004346,0.43101245
E004348,0.38091832
E004353,0.1805214
E004355,0.81163245
E004356,0.77779806
E004357,0.8225699
E004358,0.78982496
E004359,0.76659924
E004360,0.4133176
E004361,0.2516281
E004364,0.77366996
E004367,0.35866642
E004369,0.7605199
E004372,0.5618113
E004379,0.750717
E004380,0.8526438
E004381,0.7064562
E004383,0.10223831
E004384,0.7602739
E004386,0.5294025
E004387,0.82967705
E004393,0.840992
E004394,0.2942025
E004395,0.23872681
E004397,0.86047024
E004399,0.58898574
E004400,0.59769773
E004407,0.31074932
E004408,0.7054832
E004410,0.8081584
E004412,0.6977535
E004413,0.7602154
E004416,0.32341322
E004417,0.8281516
E004418,0.81835055
E004425,0.6432459
E004427,0.8830067
E004428,0.12832312
E004429,0.7826086
E004432,0.7981347
E004433,0.7623166
E004438,0.28389865
E004441,0.12691776
E004442,0.7164514
E004444,0.10807394
E004446,0.637809
E004447,0.67357314
E004448,0.8128095
E004449,0.70757353
E004453,0.7780188
E004454,0.85609764
E004457,0.80777293
E004460,0.71788657
E004463,0.59486437
E004465,0.74340427
E004466,0.8335008
E004468,0.7070983
E004472,0.7199818
E004480,0.16905685
E004481,0.7705711
E004482,0.7422453
E004486,0.7364403
E004487,0.6288279
E004491,0.5261561
E004492,0.115685865
E004493,0.8077554
E004494,0.6466944
E004495,0.49816462
E004497,0.6220577
E004500,0.7394485
E004501,0.48227432
E004503,0.72365814
E004508,0.21107873
E004510,0.38903004
E004513,0.8219492
E004517,0.6576522
E004518,0.3886281
E004519,0.8217212
E004521,0.33631128
E004523,0.66435117
E004526,0.771756
E004530,0.8522963
E004531,0.19348457
E004532,0.43612635
E004533,0.73026097
E004535,0.748131
E004537,0.5689486
E004548,0.87498784
E004552,0.8183833
E004555,0.26757196
E004558,0.57569885
E004559,0.39542994
E004560,0.6788523
E004561,0.78341204
E004563,0.6844328
E004564,0.69981265
E004566,0.8644492
E004570,0.7275094
E004574,0.5769826
E004577,0.8689729
E004578,0.67515934
E004579,0.21449913
E004582,0.66786236
E004583,0.71140784
E004585,0.28714252
E004586,0.13443536
E004591,0.7850387
E004592,0.7959316
E004594,0.59030646
E004597,0.12967408
E004598,0.8358373
E004599,0.19939621
E004601,0.888727
E004604,0.37117878
E004608,0.6840141
E004609,0.7395085
E004610,0.58208853
E004611,0.42350376
E004612,0.7051375
E004613,0.6025703
E004615,0.14911608
E004617,0.8045038
E004620,0.72943205
E004622,0.6637583
E004625,0.5719265
E004629,0.560361
E004634,0.8495748
E004636,0.30965662
E004637,0.69402605
E004640,0.8648202
E004644,0.10114558
E004645,0.68310434
E004646,0.50056785
E004647,0.7007607
E004651,0.482686
E004654,0.5219177
E004655,0.58330095
E004658,0.68605053
E004664,0.7361619
E004665,0.7720502
E004666,0.84172267
E004670,0.7704487
E004674,0.8706812
E004675,0.6844795
E004676,0.8018191
E004681,0.21452169
E004685,0.775117
E004688,0.12234569
E004689,0.8137778
E004690,0.81684154
E004693,0.8726183
E004696,0.6723495
E004697,0.46607572
E004701,0.7017663
E004702,0.7162561
E004703,0.792326
E004704,0.6906815
E004706,0.3690825
E004707,0.79624724
E004708,0.8017531
E004709,0.65029657
E004712,0.7886439
E004716,0.8183201
E004718,0.5554379
E004725,0.7076495
E004726,0.7471261
E004727,0.8120601
E004729,0.24265638
E004732,0.8225519
E004733,0.8789617
E004737,0.59407824
E004739,0.4897202
E004740,0.666369
E004741,0.6771384
E004742,0.71201926
E004743,0.6364653
E004745,0.8567397
E004746,0.45901856
E004750,0.47964513
E004755,0.8522506
E004758,0.89201945
E004759,0.116207466
E004760,0.6651355
E004769,0.7282055
E004770,0.6161762
E004771,0.7935322
E004772,0.8259109
E004780,0.4538915
E004781,0.80818814
E004782,0.44409707
E004783,0.756841
E004784,0.37055126
E004786,0.80786455
E004787,0.8579358
E004788,0.12869252
E004792,0.32703656
E004795,0.38355696
E004796,0.813545
E004798,0.6117309
E004799,0.44248167
E004800,0.22032583
E004802,0.43707147
E004803,0.82768905
E004804,0.84150183
E004807,0.44231176
E004809,0.5759952
E004812,0.86406165
E004813,0.27397802
E004814,0.7669784
E004816,0.6533066
E004817,0.62493515
E004819,0.81352264
E004824,0.69208837
E004826,0.84600836
E004827,0.3526213
E004828,0.14061782
E004830,0.8042081
E004833,0.78859943
E004835,0.41407794
E004837,0.8265225
E004838,0.82404494
E004839,0.26752532
E004841,0.8129802
E004844,0.8713815
E004845,0.71560127
E004846,0.7986765
E004849,0.24313593
E004850,0.8220021
E004851,0.35958242
E004852,0.8214231
E004854,0.48464528
E004858,0.5375764
E004859,0.7010522
E004860,0.6763884
E004862,0.50128794
E004863,0.7718362
E004865,0.26144356
E004867,0.09194629
E004868,0.67853314
E004874,0.53613615
E004877,0.64930755
E004878,0.8905695
E004881,0.58183026
E004882,0.39959288
E004883,0.13873012
E004884,0.81547683
E004885,0.15970726
E004886,0.18586855
E004888,0.51299024
E004889,0.11432404
E004890,0.7928468
E004892,0.81673217
E004895,0.7857416
E004896,0.5761757
E004898,0.8170262
E004900,0.7131723
E004902,0.81254756
E004903,0.87471545
E004904,0.26796812
E004905,0.6774591
E004908,0.8616775
E004909,0.57632124
E004910,0.46838155
E004913,0.7553795
E004914,0.7674327
E004915,0.3030377
E004920,0.14717054
E004921,0.77392966
E004923,0.46256822
E004925,0.39017436
E004926,0.4395677
E004934,0.7802104
E004936,0.20008987
E004939,0.7744321
E004940,0.8005035
E004941,0.454741
E004942,0.8788845
E004944,0.8486177
E004945,0.683607
E004953,0.525627
E004957,0.6358001
E004959,0.84263563
E004964,0.7249054
E004967,0.5692554
E004969,0.7733628
E004970,0.5376056
E004973,0.7906823
E004979,0.26334998
E004980,0.7200814
E004983,0.49617428
E004987,0.65254897
E004988,0.29040346
E004997,0.85968626
E004999,0.61802155
E005000,0.78103036
E005001,0.36732763
E005002,0.69738543
E005003,0.21272326
E005004,0.20342284
E005009,0.5694495
E005011,0.7147682
E005013,0.20631243
E005017,0.8552831
E005018,0.1572381
E005020,0.84453946
E005021,0.84886473
E005023,0.8489899
E005024,0.7676899
E005028,0.50928724
E005029,0.15260403
E005036,0.79660755
E005037,0.64573264
E005042,0.8566129
E005046,0.6578555
E005052,0.62348425
E005054,0.8331437
E005057,0.10594069
E005058,0.57586056
E005059,0.85280013
E005060,0.8435958
E005061,0.78346777
E005065,0.6953074
E005066,0.45698288
E005067,0.299176
E005068,0.7775279
E005070,0.60192823
E005072,0.70465595
E005073,0.7171387
E005074,0.770816
E005075,0.4841686
E005081,0.10111896
E005083,0.4351789
E005084,0.85035765
E005085,0.8362226
E005086,0.86578625
E005089,0.23111299
E005092,0.8174105
E005093,0.6906245
E005097,0.24615403
E005099,0.7996387
E005100,0.46537563
E005101,0.80677253
E005104,0.8460246
E005106,0.5735516
E005110,0.11371771
E005112,0.64344513
E005114,0.2459955
E005115,0.8993904
E005116,0.8123482
E005117,0.16449323
E005122,0.2979508
E005126,0.5818017
E005127,0.5915076
E005129,0.8761189
E005130,0.39460677
E005132,0.82055914
E005134,0.65574855
E005135,0.13683973
E005136,0.80576116
E005137,0.8137097
E005138,0.68906605
E005139,0.76805055
E005143,0.40801877
E005146,0.75576955
E005148,0.83860785
E005150,0.7952813
E005155,0.84666204
E005157,0.16148566
E005158,0.7956511
E005161,0.6630279
E005162,0.3061073
E005163,0.7839534
E005166,0.1396436
E005167,0.63474065
E005169,0.21578315
E005174,0.7978728
E005175,0.8797125
E005177,0.09359219
E005179,0.7899911
E005180,0.6174312
E005182,0.71446747
E005185,0.85192835
E005186,0.6936031
E005187,0.64005697
E005188,0.65653867
E005190,0.41946355
E005192,0.083029866
E005195,0.79610157
E005197,0.79601854
E005198,0.6675206
E005200,0.5477351
E005207,0.42143118
E005208,0.5174754
E005216,0.36642498
E005217,0.121506296
E005220,0.76577526
E005225,0.7766718
E005227,0.715709
E005229,0.7963806
E005230,0.16985087
E005232,0.7834224
E005233,0.7700604
E005235,0.66480386
E005238,0.77522033
E005239,0.48841617
E005242,0.5726443
E005246,0.7880208
E005249,0.6800771
E005251,0.53434
E005254,0.86976665
E005255,0.7526368
E005260,0.4432359
E005263,0.6611372
E005265,0.85439557
E005267,0.8076655
E005269,0.6550414
E005270,0.3487951
E005271,0.6097553
E005273,0.2770178
E005277,0.789633
E005284,0.78548694
E005285,0.2267671
E005289,0.8320718
E005291,0.7069301
E005294,0.89159775
E005295,0.68639576
E005298,0.7564734
E005300,0.8415006
E005308,0.78192204
E005315,0.27425268
E005318,0.28542733
E005319,0.48108104
E005322,0.84303993
E005323,0.58051395
E005324,0.8511066
E005326,0.74584657
E005331,0.8469184
E005332,0.36565274
E005334,0.5989559
E005335,0.8425017
E005340,0.6496266
E005342,0.43120638
E005343,0.15368785
E005344,0.45858768
E005346,0.4175195
E005347,0.5224301
E005350,0.50453913
E005351,0.838995
E005353,0.76574755
E005355,0.6861621
E005358,0.65900236
E005360,0.07853176
E005361,0.8108862
E005365,0.49260753
E005371,0.13301498
E005372,0.6610837
E005373,0.8732378
E005375,0.54624826
E005377,0.75826526
E005378,0.7151242
E005379,0.2928236
E005380,0.0913113
E005382,0.85753375
E005384,0.12130924
E005385,0.5275639
E005388,0.691482
E005392,0.8454232
E005397,0.626323
E005400,0.8463988
E005403,0.3441423
E005404,0.76263607
E005406,0.11658039
E005407,0.8644051
E005408,0.5056212
E005413,0.2452647
E005419,0.8019771
E005421,0.61360806
E005422,0.64161205
E005425,0.54571736
E005427,0.6092496
E005432,0.7141225
E005433,0.7165083
E005434,0.18003689
E005445,0.7472686
E005446,0.77508104
E005447,0.8069678
E005448,0.8368368
E005449,0.873876
E005451,0.2823566
E005452,0.7460663
E005453,0.8677967
E005455,0.86033934
E005456,0.39022613
E005458,0.69675624
E005464,0.8770977
E005466,0.8553795
E005467,0.08546061
E005470,0.51576614
E005473,0.3135732
E005475,0.22903709
E005480,0.77949595
E005481,0.18262064
E005485,0.5907209
E005488,0.1312632
E005493,0.46741578
E005497,0.56048465
E005498,0.78386384
E005499,0.31312704
E005500,0.74140567
